[2023-05-25 13:18:20] production.ERROR: No application encryption key has been specified. {"exception":"[object] (Illuminate\\Encryption\\MissingAppKeyException(code: 0): No application encryption key has been specified. at /home/denish/Desktop/Workspace/Internal/dk/attexlaravel/vendor/laravel/framework/src/Illuminate/Encryption/EncryptionServiceProvider.php:79)
[stacktrace]
#0 /home/denish/Desktop/Workspace/Internal/dk/attexlaravel/vendor/laravel/framework/src/Illuminate/Support/helpers.php(307): Illuminate\\Encryption\\EncryptionServiceProvider->Illuminate\\Encryption\\{closure}()
#1 /home/denish/Desktop/Workspace/Internal/dk/attexlaravel/vendor/laravel/framework/src/Illuminate/Encryption/EncryptionServiceProvider.php(81): tap()
#2 /home/denish/Desktop/Workspace/Internal/dk/attexlaravel/vendor/laravel/framework/src/Illuminate/Encryption/EncryptionServiceProvider.php(60): Illuminate\\Encryption\\EncryptionServiceProvider->key()
#3 /home/denish/Desktop/Workspace/Internal/dk/attexlaravel/vendor/laravel/framework/src/Illuminate/Encryption/EncryptionServiceProvider.php(32): Illuminate\\Encryption\\EncryptionServiceProvider->parseKey()
#4 /home/denish/Desktop/Workspace/Internal/dk/attexlaravel/vendor/laravel/framework/src/Illuminate/Container/Container.php(910): Illuminate\\Encryption\\EncryptionServiceProvider->Illuminate\\Encryption\\{closure}()
#5 /home/denish/Desktop/Workspace/Internal/dk/attexlaravel/vendor/laravel/framework/src/Illuminate/Container/Container.php(795): Illuminate\\Container\\Container->build()
#6 /home/denish/Desktop/Workspace/Internal/dk/attexlaravel/vendor/laravel/framework/src/Illuminate/Foundation/Application.php(933): Illuminate\\Container\\Container->resolve()
#7 /home/denish/Desktop/Workspace/Internal/dk/attexlaravel/vendor/laravel/framework/src/Illuminate/Container/Container.php(731): Illuminate\\Foundation\\Application->resolve()
#8 /home/denish/Desktop/Workspace/Internal/dk/attexlaravel/vendor/laravel/framework/src/Illuminate/Foundation/Application.php(918): Illuminate\\Container\\Container->make()
#9 /home/denish/Desktop/Workspace/Internal/dk/attexlaravel/vendor/laravel/framework/src/Illuminate/Container/Container.php(1068): Illuminate\\Foundation\\Application->make()
#10 /home/denish/Desktop/Workspace/Internal/dk/attexlaravel/vendor/laravel/framework/src/Illuminate/Container/Container.php(984): Illuminate\\Container\\Container->resolveClass()
#11 /home/denish/Desktop/Workspace/Internal/dk/attexlaravel/vendor/laravel/framework/src/Illuminate/Container/Container.php(945): Illuminate\\Container\\Container->resolveDependencies()
#12 /home/denish/Desktop/Workspace/Internal/dk/attexlaravel/vendor/laravel/framework/src/Illuminate/Container/Container.php(795): Illuminate\\Container\\Container->build()
#13 /home/denish/Desktop/Workspace/Internal/dk/attexlaravel/vendor/laravel/framework/src/Illuminate/Foundation/Application.php(933): Illuminate\\Container\\Container->resolve()
#14 /home/denish/Desktop/Workspace/Internal/dk/attexlaravel/vendor/laravel/framework/src/Illuminate/Container/Container.php(731): Illuminate\\Foundation\\Application->resolve()
#15 /home/denish/Desktop/Workspace/Internal/dk/attexlaravel/vendor/laravel/framework/src/Illuminate/Foundation/Application.php(918): Illuminate\\Container\\Container->make()
#16 /home/denish/Desktop/Workspace/Internal/dk/attexlaravel/vendor/laravel/framework/src/Illuminate/Pipeline/Pipeline.php(169): Illuminate\\Foundation\\Application->make()
#17 /home/denish/Desktop/Workspace/Internal/dk/attexlaravel/vendor/laravel/framework/src/Illuminate/Pipeline/Pipeline.php(116): Illuminate\\Pipeline\\Pipeline->Illuminate\\Pipeline\\{closure}()
#18 /home/denish/Desktop/Workspace/Internal/dk/attexlaravel/vendor/laravel/framework/src/Illuminate/Routing/Router.php(798): Illuminate\\Pipeline\\Pipeline->then()
#19 /home/denish/Desktop/Workspace/Internal/dk/attexlaravel/vendor/laravel/framework/src/Illuminate/Routing/Router.php(775): Illuminate\\Routing\\Router->runRouteWithinStack()
#20 /home/denish/Desktop/Workspace/Internal/dk/attexlaravel/vendor/laravel/framework/src/Illuminate/Routing/Router.php(739): Illuminate\\Routing\\Router->runRoute()
#21 /home/denish/Desktop/Workspace/Internal/dk/attexlaravel/vendor/laravel/framework/src/Illuminate/Routing/Router.php(728): Illuminate\\Routing\\Router->dispatchToRoute()
#22 /home/denish/Desktop/Workspace/Internal/dk/attexlaravel/vendor/laravel/framework/src/Illuminate/Foundation/Http/Kernel.php(200): Illuminate\\Routing\\Router->dispatch()
#23 /home/denish/Desktop/Workspace/Internal/dk/attexlaravel/vendor/laravel/framework/src/Illuminate/Pipeline/Pipeline.php(141): Illuminate\\Foundation\\Http\\Kernel->Illuminate\\Foundation\\Http\\{closure}()
#24 /home/denish/Desktop/Workspace/Internal/dk/attexlaravel/vendor/laravel/framework/src/Illuminate/Foundation/Http/Middleware/TransformsRequest.php(21): Illuminate\\Pipeline\\Pipeline->Illuminate\\Pipeline\\{closure}()
#25 /home/denish/Desktop/Workspace/Internal/dk/attexlaravel/vendor/laravel/framework/src/Illuminate/Foundation/Http/Middleware/ConvertEmptyStringsToNull.php(31): Illuminate\\Foundation\\Http\\Middleware\\TransformsRequest->handle()
#26 /home/denish/Desktop/Workspace/Internal/dk/attexlaravel/vendor/laravel/framework/src/Illuminate/Pipeline/Pipeline.php(180): Illuminate\\Foundation\\Http\\Middleware\\ConvertEmptyStringsToNull->handle()
#27 /home/denish/Desktop/Workspace/Internal/dk/attexlaravel/vendor/laravel/framework/src/Illuminate/Foundation/Http/Middleware/TransformsRequest.php(21): Illuminate\\Pipeline\\Pipeline->Illuminate\\Pipeline\\{closure}()
#28 /home/denish/Desktop/Workspace/Internal/dk/attexlaravel/vendor/laravel/framework/src/Illuminate/Foundation/Http/Middleware/TrimStrings.php(40): Illuminate\\Foundation\\Http\\Middleware\\TransformsRequest->handle()
#29 /home/denish/Desktop/Workspace/Internal/dk/attexlaravel/vendor/laravel/framework/src/Illuminate/Pipeline/Pipeline.php(180): Illuminate\\Foundation\\Http\\Middleware\\TrimStrings->handle()
#30 /home/denish/Desktop/Workspace/Internal/dk/attexlaravel/vendor/laravel/framework/src/Illuminate/Foundation/Http/Middleware/ValidatePostSize.php(27): Illuminate\\Pipeline\\Pipeline->Illuminate\\Pipeline\\{closure}()
#31 /home/denish/Desktop/Workspace/Internal/dk/attexlaravel/vendor/laravel/framework/src/Illuminate/Pipeline/Pipeline.php(180): Illuminate\\Foundation\\Http\\Middleware\\ValidatePostSize->handle()
#32 /home/denish/Desktop/Workspace/Internal/dk/attexlaravel/vendor/laravel/framework/src/Illuminate/Foundation/Http/Middleware/PreventRequestsDuringMaintenance.php(86): Illuminate\\Pipeline\\Pipeline->Illuminate\\Pipeline\\{closure}()
#33 /home/denish/Desktop/Workspace/Internal/dk/attexlaravel/vendor/laravel/framework/src/Illuminate/Pipeline/Pipeline.php(180): Illuminate\\Foundation\\Http\\Middleware\\PreventRequestsDuringMaintenance->handle()
#34 /home/denish/Desktop/Workspace/Internal/dk/attexlaravel/vendor/laravel/framework/src/Illuminate/Http/Middleware/HandleCors.php(49): Illuminate\\Pipeline\\Pipeline->Illuminate\\Pipeline\\{closure}()
#35 /home/denish/Desktop/Workspace/Internal/dk/attexlaravel/vendor/laravel/framework/src/Illuminate/Pipeline/Pipeline.php(180): Illuminate\\Http\\Middleware\\HandleCors->handle()
#36 /home/denish/Desktop/Workspace/Internal/dk/attexlaravel/vendor/laravel/framework/src/Illuminate/Http/Middleware/TrustProxies.php(39): Illuminate\\Pipeline\\Pipeline->Illuminate\\Pipeline\\{closure}()
#37 /home/denish/Desktop/Workspace/Internal/dk/attexlaravel/vendor/laravel/framework/src/Illuminate/Pipeline/Pipeline.php(180): Illuminate\\Http\\Middleware\\TrustProxies->handle()
#38 /home/denish/Desktop/Workspace/Internal/dk/attexlaravel/vendor/laravel/framework/src/Illuminate/Pipeline/Pipeline.php(116): Illuminate\\Pipeline\\Pipeline->Illuminate\\Pipeline\\{closure}()
#39 /home/denish/Desktop/Workspace/Internal/dk/attexlaravel/vendor/laravel/framework/src/Illuminate/Foundation/Http/Kernel.php(175): Illuminate\\Pipeline\\Pipeline->then()
#40 /home/denish/Desktop/Workspace/Internal/dk/attexlaravel/vendor/laravel/framework/src/Illuminate/Foundation/Http/Kernel.php(144): Illuminate\\Foundation\\Http\\Kernel->sendRequestThroughRouter()
#41 /home/denish/Desktop/Workspace/Internal/dk/attexlaravel/public/index.php(52): Illuminate\\Foundation\\Http\\Kernel->handle()
#42 /home/denish/Desktop/Workspace/Internal/dk/attexlaravel/vendor/laravel/framework/src/Illuminate/Foundation/resources/server.php(16): require_once('...')
#43 {main}
"} 
[2023-05-25 13:18:20] production.ERROR: No application encryption key has been specified. {"exception":"[object] (Illuminate\\Encryption\\MissingAppKeyException(code: 0): No application encryption key has been specified. at /home/denish/Desktop/Workspace/Internal/dk/attexlaravel/vendor/laravel/framework/src/Illuminate/Encryption/EncryptionServiceProvider.php:79)
[stacktrace]
#0 /home/denish/Desktop/Workspace/Internal/dk/attexlaravel/vendor/laravel/framework/src/Illuminate/Support/helpers.php(307): Illuminate\\Encryption\\EncryptionServiceProvider->Illuminate\\Encryption\\{closure}()
#1 /home/denish/Desktop/Workspace/Internal/dk/attexlaravel/vendor/laravel/framework/src/Illuminate/Encryption/EncryptionServiceProvider.php(81): tap()
#2 /home/denish/Desktop/Workspace/Internal/dk/attexlaravel/vendor/laravel/framework/src/Illuminate/Encryption/EncryptionServiceProvider.php(60): Illuminate\\Encryption\\EncryptionServiceProvider->key()
#3 /home/denish/Desktop/Workspace/Internal/dk/attexlaravel/vendor/laravel/framework/src/Illuminate/Encryption/EncryptionServiceProvider.php(32): Illuminate\\Encryption\\EncryptionServiceProvider->parseKey()
#4 /home/denish/Desktop/Workspace/Internal/dk/attexlaravel/vendor/laravel/framework/src/Illuminate/Container/Container.php(910): Illuminate\\Encryption\\EncryptionServiceProvider->Illuminate\\Encryption\\{closure}()
#5 /home/denish/Desktop/Workspace/Internal/dk/attexlaravel/vendor/laravel/framework/src/Illuminate/Container/Container.php(795): Illuminate\\Container\\Container->build()
#6 /home/denish/Desktop/Workspace/Internal/dk/attexlaravel/vendor/laravel/framework/src/Illuminate/Foundation/Application.php(933): Illuminate\\Container\\Container->resolve()
#7 /home/denish/Desktop/Workspace/Internal/dk/attexlaravel/vendor/laravel/framework/src/Illuminate/Container/Container.php(731): Illuminate\\Foundation\\Application->resolve()
#8 /home/denish/Desktop/Workspace/Internal/dk/attexlaravel/vendor/laravel/framework/src/Illuminate/Foundation/Application.php(918): Illuminate\\Container\\Container->make()
#9 /home/denish/Desktop/Workspace/Internal/dk/attexlaravel/vendor/laravel/framework/src/Illuminate/Container/Container.php(1068): Illuminate\\Foundation\\Application->make()
#10 /home/denish/Desktop/Workspace/Internal/dk/attexlaravel/vendor/laravel/framework/src/Illuminate/Container/Container.php(984): Illuminate\\Container\\Container->resolveClass()
#11 /home/denish/Desktop/Workspace/Internal/dk/attexlaravel/vendor/laravel/framework/src/Illuminate/Container/Container.php(945): Illuminate\\Container\\Container->resolveDependencies()
#12 /home/denish/Desktop/Workspace/Internal/dk/attexlaravel/vendor/laravel/framework/src/Illuminate/Container/Container.php(795): Illuminate\\Container\\Container->build()
#13 /home/denish/Desktop/Workspace/Internal/dk/attexlaravel/vendor/laravel/framework/src/Illuminate/Foundation/Application.php(933): Illuminate\\Container\\Container->resolve()
#14 /home/denish/Desktop/Workspace/Internal/dk/attexlaravel/vendor/laravel/framework/src/Illuminate/Container/Container.php(731): Illuminate\\Foundation\\Application->resolve()
#15 /home/denish/Desktop/Workspace/Internal/dk/attexlaravel/vendor/laravel/framework/src/Illuminate/Foundation/Application.php(918): Illuminate\\Container\\Container->make()
#16 /home/denish/Desktop/Workspace/Internal/dk/attexlaravel/vendor/laravel/framework/src/Illuminate/Foundation/Http/Kernel.php(249): Illuminate\\Foundation\\Application->make()
#17 /home/denish/Desktop/Workspace/Internal/dk/attexlaravel/vendor/laravel/framework/src/Illuminate/Foundation/Http/Kernel.php(213): Illuminate\\Foundation\\Http\\Kernel->terminateMiddleware()
#18 /home/denish/Desktop/Workspace/Internal/dk/attexlaravel/public/index.php(55): Illuminate\\Foundation\\Http\\Kernel->terminate()
#19 /home/denish/Desktop/Workspace/Internal/dk/attexlaravel/vendor/laravel/framework/src/Illuminate/Foundation/resources/server.php(16): require_once('...')
#20 {main}
"} 
[2023-05-25 13:18:29] local.ERROR: No application encryption key has been specified. {"exception":"[object] (Illuminate\\Encryption\\MissingAppKeyException(code: 0): No application encryption key has been specified. at /home/denish/Desktop/Workspace/Internal/dk/attexlaravel/vendor/laravel/framework/src/Illuminate/Encryption/EncryptionServiceProvider.php:79)
[stacktrace]
#0 /home/denish/Desktop/Workspace/Internal/dk/attexlaravel/vendor/laravel/framework/src/Illuminate/Support/helpers.php(307): Illuminate\\Encryption\\EncryptionServiceProvider->Illuminate\\Encryption\\{closure}()
#1 /home/denish/Desktop/Workspace/Internal/dk/attexlaravel/vendor/laravel/framework/src/Illuminate/Encryption/EncryptionServiceProvider.php(81): tap()
#2 /home/denish/Desktop/Workspace/Internal/dk/attexlaravel/vendor/laravel/framework/src/Illuminate/Encryption/EncryptionServiceProvider.php(60): Illuminate\\Encryption\\EncryptionServiceProvider->key()
#3 /home/denish/Desktop/Workspace/Internal/dk/attexlaravel/vendor/laravel/framework/src/Illuminate/Encryption/EncryptionServiceProvider.php(32): Illuminate\\Encryption\\EncryptionServiceProvider->parseKey()
#4 /home/denish/Desktop/Workspace/Internal/dk/attexlaravel/vendor/laravel/framework/src/Illuminate/Container/Container.php(910): Illuminate\\Encryption\\EncryptionServiceProvider->Illuminate\\Encryption\\{closure}()
#5 /home/denish/Desktop/Workspace/Internal/dk/attexlaravel/vendor/laravel/framework/src/Illuminate/Container/Container.php(795): Illuminate\\Container\\Container->build()
#6 /home/denish/Desktop/Workspace/Internal/dk/attexlaravel/vendor/laravel/framework/src/Illuminate/Foundation/Application.php(933): Illuminate\\Container\\Container->resolve()
#7 /home/denish/Desktop/Workspace/Internal/dk/attexlaravel/vendor/laravel/framework/src/Illuminate/Container/Container.php(731): Illuminate\\Foundation\\Application->resolve()
#8 /home/denish/Desktop/Workspace/Internal/dk/attexlaravel/vendor/laravel/framework/src/Illuminate/Foundation/Application.php(918): Illuminate\\Container\\Container->make()
#9 /home/denish/Desktop/Workspace/Internal/dk/attexlaravel/vendor/laravel/framework/src/Illuminate/Container/Container.php(1068): Illuminate\\Foundation\\Application->make()
#10 /home/denish/Desktop/Workspace/Internal/dk/attexlaravel/vendor/laravel/framework/src/Illuminate/Container/Container.php(984): Illuminate\\Container\\Container->resolveClass()
#11 /home/denish/Desktop/Workspace/Internal/dk/attexlaravel/vendor/laravel/framework/src/Illuminate/Container/Container.php(945): Illuminate\\Container\\Container->resolveDependencies()
#12 /home/denish/Desktop/Workspace/Internal/dk/attexlaravel/vendor/laravel/framework/src/Illuminate/Container/Container.php(795): Illuminate\\Container\\Container->build()
#13 /home/denish/Desktop/Workspace/Internal/dk/attexlaravel/vendor/laravel/framework/src/Illuminate/Foundation/Application.php(933): Illuminate\\Container\\Container->resolve()
#14 /home/denish/Desktop/Workspace/Internal/dk/attexlaravel/vendor/laravel/framework/src/Illuminate/Container/Container.php(731): Illuminate\\Foundation\\Application->resolve()
#15 /home/denish/Desktop/Workspace/Internal/dk/attexlaravel/vendor/laravel/framework/src/Illuminate/Foundation/Application.php(918): Illuminate\\Container\\Container->make()
#16 /home/denish/Desktop/Workspace/Internal/dk/attexlaravel/vendor/laravel/framework/src/Illuminate/Pipeline/Pipeline.php(169): Illuminate\\Foundation\\Application->make()
#17 /home/denish/Desktop/Workspace/Internal/dk/attexlaravel/vendor/laravel/framework/src/Illuminate/Pipeline/Pipeline.php(116): Illuminate\\Pipeline\\Pipeline->Illuminate\\Pipeline\\{closure}()
#18 /home/denish/Desktop/Workspace/Internal/dk/attexlaravel/vendor/laravel/framework/src/Illuminate/Routing/Router.php(798): Illuminate\\Pipeline\\Pipeline->then()
#19 /home/denish/Desktop/Workspace/Internal/dk/attexlaravel/vendor/laravel/framework/src/Illuminate/Routing/Router.php(775): Illuminate\\Routing\\Router->runRouteWithinStack()
#20 /home/denish/Desktop/Workspace/Internal/dk/attexlaravel/vendor/laravel/framework/src/Illuminate/Routing/Router.php(739): Illuminate\\Routing\\Router->runRoute()
#21 /home/denish/Desktop/Workspace/Internal/dk/attexlaravel/vendor/laravel/framework/src/Illuminate/Routing/Router.php(728): Illuminate\\Routing\\Router->dispatchToRoute()
#22 /home/denish/Desktop/Workspace/Internal/dk/attexlaravel/vendor/laravel/framework/src/Illuminate/Foundation/Http/Kernel.php(200): Illuminate\\Routing\\Router->dispatch()
#23 /home/denish/Desktop/Workspace/Internal/dk/attexlaravel/vendor/laravel/framework/src/Illuminate/Pipeline/Pipeline.php(141): Illuminate\\Foundation\\Http\\Kernel->Illuminate\\Foundation\\Http\\{closure}()
#24 /home/denish/Desktop/Workspace/Internal/dk/attexlaravel/vendor/laravel/framework/src/Illuminate/Foundation/Http/Middleware/TransformsRequest.php(21): Illuminate\\Pipeline\\Pipeline->Illuminate\\Pipeline\\{closure}()
#25 /home/denish/Desktop/Workspace/Internal/dk/attexlaravel/vendor/laravel/framework/src/Illuminate/Foundation/Http/Middleware/ConvertEmptyStringsToNull.php(31): Illuminate\\Foundation\\Http\\Middleware\\TransformsRequest->handle()
#26 /home/denish/Desktop/Workspace/Internal/dk/attexlaravel/vendor/laravel/framework/src/Illuminate/Pipeline/Pipeline.php(180): Illuminate\\Foundation\\Http\\Middleware\\ConvertEmptyStringsToNull->handle()
#27 /home/denish/Desktop/Workspace/Internal/dk/attexlaravel/vendor/laravel/framework/src/Illuminate/Foundation/Http/Middleware/TransformsRequest.php(21): Illuminate\\Pipeline\\Pipeline->Illuminate\\Pipeline\\{closure}()
#28 /home/denish/Desktop/Workspace/Internal/dk/attexlaravel/vendor/laravel/framework/src/Illuminate/Foundation/Http/Middleware/TrimStrings.php(40): Illuminate\\Foundation\\Http\\Middleware\\TransformsRequest->handle()
#29 /home/denish/Desktop/Workspace/Internal/dk/attexlaravel/vendor/laravel/framework/src/Illuminate/Pipeline/Pipeline.php(180): Illuminate\\Foundation\\Http\\Middleware\\TrimStrings->handle()
#30 /home/denish/Desktop/Workspace/Internal/dk/attexlaravel/vendor/laravel/framework/src/Illuminate/Foundation/Http/Middleware/ValidatePostSize.php(27): Illuminate\\Pipeline\\Pipeline->Illuminate\\Pipeline\\{closure}()
#31 /home/denish/Desktop/Workspace/Internal/dk/attexlaravel/vendor/laravel/framework/src/Illuminate/Pipeline/Pipeline.php(180): Illuminate\\Foundation\\Http\\Middleware\\ValidatePostSize->handle()
#32 /home/denish/Desktop/Workspace/Internal/dk/attexlaravel/vendor/laravel/framework/src/Illuminate/Foundation/Http/Middleware/PreventRequestsDuringMaintenance.php(86): Illuminate\\Pipeline\\Pipeline->Illuminate\\Pipeline\\{closure}()
#33 /home/denish/Desktop/Workspace/Internal/dk/attexlaravel/vendor/laravel/framework/src/Illuminate/Pipeline/Pipeline.php(180): Illuminate\\Foundation\\Http\\Middleware\\PreventRequestsDuringMaintenance->handle()
#34 /home/denish/Desktop/Workspace/Internal/dk/attexlaravel/vendor/laravel/framework/src/Illuminate/Http/Middleware/HandleCors.php(49): Illuminate\\Pipeline\\Pipeline->Illuminate\\Pipeline\\{closure}()
#35 /home/denish/Desktop/Workspace/Internal/dk/attexlaravel/vendor/laravel/framework/src/Illuminate/Pipeline/Pipeline.php(180): Illuminate\\Http\\Middleware\\HandleCors->handle()
#36 /home/denish/Desktop/Workspace/Internal/dk/attexlaravel/vendor/laravel/framework/src/Illuminate/Http/Middleware/TrustProxies.php(39): Illuminate\\Pipeline\\Pipeline->Illuminate\\Pipeline\\{closure}()
#37 /home/denish/Desktop/Workspace/Internal/dk/attexlaravel/vendor/laravel/framework/src/Illuminate/Pipeline/Pipeline.php(180): Illuminate\\Http\\Middleware\\TrustProxies->handle()
#38 /home/denish/Desktop/Workspace/Internal/dk/attexlaravel/vendor/laravel/framework/src/Illuminate/Pipeline/Pipeline.php(116): Illuminate\\Pipeline\\Pipeline->Illuminate\\Pipeline\\{closure}()
#39 /home/denish/Desktop/Workspace/Internal/dk/attexlaravel/vendor/laravel/framework/src/Illuminate/Foundation/Http/Kernel.php(175): Illuminate\\Pipeline\\Pipeline->then()
#40 /home/denish/Desktop/Workspace/Internal/dk/attexlaravel/vendor/laravel/framework/src/Illuminate/Foundation/Http/Kernel.php(144): Illuminate\\Foundation\\Http\\Kernel->sendRequestThroughRouter()
#41 /home/denish/Desktop/Workspace/Internal/dk/attexlaravel/public/index.php(52): Illuminate\\Foundation\\Http\\Kernel->handle()
#42 /home/denish/Desktop/Workspace/Internal/dk/attexlaravel/vendor/laravel/framework/src/Illuminate/Foundation/resources/server.php(16): require_once('...')
#43 {main}
"} 
[2023-05-25 13:18:29] local.ERROR: No application encryption key has been specified. {"exception":"[object] (Illuminate\\Encryption\\MissingAppKeyException(code: 0): No application encryption key has been specified. at /home/denish/Desktop/Workspace/Internal/dk/attexlaravel/vendor/laravel/framework/src/Illuminate/Encryption/EncryptionServiceProvider.php:79)
[stacktrace]
#0 /home/denish/Desktop/Workspace/Internal/dk/attexlaravel/vendor/laravel/framework/src/Illuminate/Support/helpers.php(307): Illuminate\\Encryption\\EncryptionServiceProvider->Illuminate\\Encryption\\{closure}()
#1 /home/denish/Desktop/Workspace/Internal/dk/attexlaravel/vendor/laravel/framework/src/Illuminate/Encryption/EncryptionServiceProvider.php(81): tap()
#2 /home/denish/Desktop/Workspace/Internal/dk/attexlaravel/vendor/laravel/framework/src/Illuminate/Encryption/EncryptionServiceProvider.php(60): Illuminate\\Encryption\\EncryptionServiceProvider->key()
#3 /home/denish/Desktop/Workspace/Internal/dk/attexlaravel/vendor/laravel/framework/src/Illuminate/Encryption/EncryptionServiceProvider.php(32): Illuminate\\Encryption\\EncryptionServiceProvider->parseKey()
#4 /home/denish/Desktop/Workspace/Internal/dk/attexlaravel/vendor/laravel/framework/src/Illuminate/Container/Container.php(910): Illuminate\\Encryption\\EncryptionServiceProvider->Illuminate\\Encryption\\{closure}()
#5 /home/denish/Desktop/Workspace/Internal/dk/attexlaravel/vendor/laravel/framework/src/Illuminate/Container/Container.php(795): Illuminate\\Container\\Container->build()
#6 /home/denish/Desktop/Workspace/Internal/dk/attexlaravel/vendor/laravel/framework/src/Illuminate/Foundation/Application.php(933): Illuminate\\Container\\Container->resolve()
#7 /home/denish/Desktop/Workspace/Internal/dk/attexlaravel/vendor/laravel/framework/src/Illuminate/Container/Container.php(731): Illuminate\\Foundation\\Application->resolve()
#8 /home/denish/Desktop/Workspace/Internal/dk/attexlaravel/vendor/laravel/framework/src/Illuminate/Foundation/Application.php(918): Illuminate\\Container\\Container->make()
#9 /home/denish/Desktop/Workspace/Internal/dk/attexlaravel/vendor/laravel/framework/src/Illuminate/Container/Container.php(1068): Illuminate\\Foundation\\Application->make()
#10 /home/denish/Desktop/Workspace/Internal/dk/attexlaravel/vendor/laravel/framework/src/Illuminate/Container/Container.php(984): Illuminate\\Container\\Container->resolveClass()
#11 /home/denish/Desktop/Workspace/Internal/dk/attexlaravel/vendor/laravel/framework/src/Illuminate/Container/Container.php(945): Illuminate\\Container\\Container->resolveDependencies()
#12 /home/denish/Desktop/Workspace/Internal/dk/attexlaravel/vendor/laravel/framework/src/Illuminate/Container/Container.php(795): Illuminate\\Container\\Container->build()
#13 /home/denish/Desktop/Workspace/Internal/dk/attexlaravel/vendor/laravel/framework/src/Illuminate/Foundation/Application.php(933): Illuminate\\Container\\Container->resolve()
#14 /home/denish/Desktop/Workspace/Internal/dk/attexlaravel/vendor/laravel/framework/src/Illuminate/Container/Container.php(731): Illuminate\\Foundation\\Application->resolve()
#15 /home/denish/Desktop/Workspace/Internal/dk/attexlaravel/vendor/laravel/framework/src/Illuminate/Foundation/Application.php(918): Illuminate\\Container\\Container->make()
#16 /home/denish/Desktop/Workspace/Internal/dk/attexlaravel/vendor/laravel/framework/src/Illuminate/Foundation/Http/Kernel.php(249): Illuminate\\Foundation\\Application->make()
#17 /home/denish/Desktop/Workspace/Internal/dk/attexlaravel/vendor/laravel/framework/src/Illuminate/Foundation/Http/Kernel.php(213): Illuminate\\Foundation\\Http\\Kernel->terminateMiddleware()
#18 /home/denish/Desktop/Workspace/Internal/dk/attexlaravel/public/index.php(55): Illuminate\\Foundation\\Http\\Kernel->terminate()
#19 /home/denish/Desktop/Workspace/Internal/dk/attexlaravel/vendor/laravel/framework/src/Illuminate/Foundation/resources/server.php(16): require_once('...')
#20 {main}
"} 
[2023-05-25 13:18:38] local.ERROR: Vite manifest not found at: /home/denish/Desktop/Workspace/Internal/dk/attexlaravel/public/build/manifest.json {"view":{"view":"/home/denish/Desktop/Workspace/Internal/dk/attexlaravel/resources/views/index.blade.php","data":[]},"exception":"[object] (Spatie\\LaravelIgnition\\Exceptions\\ViewException(code: 0): Vite manifest not found at: /home/denish/Desktop/Workspace/Internal/dk/attexlaravel/public/build/manifest.json at /home/denish/Desktop/Workspace/Internal/dk/attexlaravel/vendor/laravel/framework/src/Illuminate/Foundation/Vite.php:684)
[stacktrace]
#0 /home/denish/Desktop/Workspace/Internal/dk/attexlaravel/vendor/laravel/framework/src/Illuminate/Foundation/Vite.php(273): Illuminate\\Foundation\\Vite->manifest()
#1 /home/denish/Desktop/Workspace/Internal/dk/attexlaravel/resources/views/index.blade.php(358): Illuminate\\Foundation\\Vite->__invoke()
#2 /home/denish/Desktop/Workspace/Internal/dk/attexlaravel/vendor/laravel/framework/src/Illuminate/Filesystem/Filesystem.php(124): require('...')
#3 /home/denish/Desktop/Workspace/Internal/dk/attexlaravel/vendor/laravel/framework/src/Illuminate/Filesystem/Filesystem.php(125): Illuminate\\Filesystem\\Filesystem::Illuminate\\Filesystem\\{closure}()
#4 /home/denish/Desktop/Workspace/Internal/dk/attexlaravel/vendor/laravel/framework/src/Illuminate/View/Engines/PhpEngine.php(58): Illuminate\\Filesystem\\Filesystem->getRequire()
#5 /home/denish/Desktop/Workspace/Internal/dk/attexlaravel/vendor/laravel/framework/src/Illuminate/View/Engines/CompilerEngine.php(70): Illuminate\\View\\Engines\\PhpEngine->evaluatePath()
#6 /home/denish/Desktop/Workspace/Internal/dk/attexlaravel/vendor/laravel/framework/src/Illuminate/View/View.php(195): Illuminate\\View\\Engines\\CompilerEngine->get()
#7 /home/denish/Desktop/Workspace/Internal/dk/attexlaravel/vendor/laravel/framework/src/Illuminate/View/View.php(178): Illuminate\\View\\View->getContents()
#8 /home/denish/Desktop/Workspace/Internal/dk/attexlaravel/vendor/laravel/framework/src/Illuminate/View/View.php(147): Illuminate\\View\\View->renderContents()
#9 /home/denish/Desktop/Workspace/Internal/dk/attexlaravel/vendor/laravel/framework/src/Illuminate/Http/Response.php(69): Illuminate\\View\\View->render()
#10 /home/denish/Desktop/Workspace/Internal/dk/attexlaravel/vendor/laravel/framework/src/Illuminate/Http/Response.php(35): Illuminate\\Http\\Response->setContent()
#11 /home/denish/Desktop/Workspace/Internal/dk/attexlaravel/vendor/laravel/framework/src/Illuminate/Routing/Router.php(905): Illuminate\\Http\\Response->__construct()
#12 /home/denish/Desktop/Workspace/Internal/dk/attexlaravel/vendor/laravel/framework/src/Illuminate/Routing/Router.php(874): Illuminate\\Routing\\Router::toResponse()
#13 /home/denish/Desktop/Workspace/Internal/dk/attexlaravel/vendor/laravel/framework/src/Illuminate/Routing/Router.php(797): Illuminate\\Routing\\Router->prepareResponse()
#14 /home/denish/Desktop/Workspace/Internal/dk/attexlaravel/vendor/laravel/framework/src/Illuminate/Pipeline/Pipeline.php(141): Illuminate\\Routing\\Router->Illuminate\\Routing\\{closure}()
#15 /home/denish/Desktop/Workspace/Internal/dk/attexlaravel/vendor/laravel/framework/src/Illuminate/Routing/Middleware/SubstituteBindings.php(50): Illuminate\\Pipeline\\Pipeline->Illuminate\\Pipeline\\{closure}()
#16 /home/denish/Desktop/Workspace/Internal/dk/attexlaravel/vendor/laravel/framework/src/Illuminate/Pipeline/Pipeline.php(180): Illuminate\\Routing\\Middleware\\SubstituteBindings->handle()
#17 /home/denish/Desktop/Workspace/Internal/dk/attexlaravel/vendor/laravel/framework/src/Illuminate/Foundation/Http/Middleware/VerifyCsrfToken.php(78): Illuminate\\Pipeline\\Pipeline->Illuminate\\Pipeline\\{closure}()
#18 /home/denish/Desktop/Workspace/Internal/dk/attexlaravel/vendor/laravel/framework/src/Illuminate/Pipeline/Pipeline.php(180): Illuminate\\Foundation\\Http\\Middleware\\VerifyCsrfToken->handle()
#19 /home/denish/Desktop/Workspace/Internal/dk/attexlaravel/vendor/laravel/framework/src/Illuminate/View/Middleware/ShareErrorsFromSession.php(49): Illuminate\\Pipeline\\Pipeline->Illuminate\\Pipeline\\{closure}()
#20 /home/denish/Desktop/Workspace/Internal/dk/attexlaravel/vendor/laravel/framework/src/Illuminate/Pipeline/Pipeline.php(180): Illuminate\\View\\Middleware\\ShareErrorsFromSession->handle()
#21 /home/denish/Desktop/Workspace/Internal/dk/attexlaravel/vendor/laravel/framework/src/Illuminate/Session/Middleware/StartSession.php(121): Illuminate\\Pipeline\\Pipeline->Illuminate\\Pipeline\\{closure}()
#22 /home/denish/Desktop/Workspace/Internal/dk/attexlaravel/vendor/laravel/framework/src/Illuminate/Session/Middleware/StartSession.php(64): Illuminate\\Session\\Middleware\\StartSession->handleStatefulRequest()
#23 /home/denish/Desktop/Workspace/Internal/dk/attexlaravel/vendor/laravel/framework/src/Illuminate/Pipeline/Pipeline.php(180): Illuminate\\Session\\Middleware\\StartSession->handle()
#24 /home/denish/Desktop/Workspace/Internal/dk/attexlaravel/vendor/laravel/framework/src/Illuminate/Cookie/Middleware/AddQueuedCookiesToResponse.php(37): Illuminate\\Pipeline\\Pipeline->Illuminate\\Pipeline\\{closure}()
#25 /home/denish/Desktop/Workspace/Internal/dk/attexlaravel/vendor/laravel/framework/src/Illuminate/Pipeline/Pipeline.php(180): Illuminate\\Cookie\\Middleware\\AddQueuedCookiesToResponse->handle()
#26 /home/denish/Desktop/Workspace/Internal/dk/attexlaravel/vendor/laravel/framework/src/Illuminate/Cookie/Middleware/EncryptCookies.php(67): Illuminate\\Pipeline\\Pipeline->Illuminate\\Pipeline\\{closure}()
#27 /home/denish/Desktop/Workspace/Internal/dk/attexlaravel/vendor/laravel/framework/src/Illuminate/Pipeline/Pipeline.php(180): Illuminate\\Cookie\\Middleware\\EncryptCookies->handle()
#28 /home/denish/Desktop/Workspace/Internal/dk/attexlaravel/vendor/laravel/framework/src/Illuminate/Pipeline/Pipeline.php(116): Illuminate\\Pipeline\\Pipeline->Illuminate\\Pipeline\\{closure}()
#29 /home/denish/Desktop/Workspace/Internal/dk/attexlaravel/vendor/laravel/framework/src/Illuminate/Routing/Router.php(798): Illuminate\\Pipeline\\Pipeline->then()
#30 /home/denish/Desktop/Workspace/Internal/dk/attexlaravel/vendor/laravel/framework/src/Illuminate/Routing/Router.php(775): Illuminate\\Routing\\Router->runRouteWithinStack()
#31 /home/denish/Desktop/Workspace/Internal/dk/attexlaravel/vendor/laravel/framework/src/Illuminate/Routing/Router.php(739): Illuminate\\Routing\\Router->runRoute()
#32 /home/denish/Desktop/Workspace/Internal/dk/attexlaravel/vendor/laravel/framework/src/Illuminate/Routing/Router.php(728): Illuminate\\Routing\\Router->dispatchToRoute()
#33 /home/denish/Desktop/Workspace/Internal/dk/attexlaravel/vendor/laravel/framework/src/Illuminate/Foundation/Http/Kernel.php(200): Illuminate\\Routing\\Router->dispatch()
#34 /home/denish/Desktop/Workspace/Internal/dk/attexlaravel/vendor/laravel/framework/src/Illuminate/Pipeline/Pipeline.php(141): Illuminate\\Foundation\\Http\\Kernel->Illuminate\\Foundation\\Http\\{closure}()
#35 /home/denish/Desktop/Workspace/Internal/dk/attexlaravel/vendor/laravel/framework/src/Illuminate/Foundation/Http/Middleware/TransformsRequest.php(21): Illuminate\\Pipeline\\Pipeline->Illuminate\\Pipeline\\{closure}()
#36 /home/denish/Desktop/Workspace/Internal/dk/attexlaravel/vendor/laravel/framework/src/Illuminate/Foundation/Http/Middleware/ConvertEmptyStringsToNull.php(31): Illuminate\\Foundation\\Http\\Middleware\\TransformsRequest->handle()
#37 /home/denish/Desktop/Workspace/Internal/dk/attexlaravel/vendor/laravel/framework/src/Illuminate/Pipeline/Pipeline.php(180): Illuminate\\Foundation\\Http\\Middleware\\ConvertEmptyStringsToNull->handle()
#38 /home/denish/Desktop/Workspace/Internal/dk/attexlaravel/vendor/laravel/framework/src/Illuminate/Foundation/Http/Middleware/TransformsRequest.php(21): Illuminate\\Pipeline\\Pipeline->Illuminate\\Pipeline\\{closure}()
#39 /home/denish/Desktop/Workspace/Internal/dk/attexlaravel/vendor/laravel/framework/src/Illuminate/Foundation/Http/Middleware/TrimStrings.php(40): Illuminate\\Foundation\\Http\\Middleware\\TransformsRequest->handle()
#40 /home/denish/Desktop/Workspace/Internal/dk/attexlaravel/vendor/laravel/framework/src/Illuminate/Pipeline/Pipeline.php(180): Illuminate\\Foundation\\Http\\Middleware\\TrimStrings->handle()
#41 /home/denish/Desktop/Workspace/Internal/dk/attexlaravel/vendor/laravel/framework/src/Illuminate/Foundation/Http/Middleware/ValidatePostSize.php(27): Illuminate\\Pipeline\\Pipeline->Illuminate\\Pipeline\\{closure}()
#42 /home/denish/Desktop/Workspace/Internal/dk/attexlaravel/vendor/laravel/framework/src/Illuminate/Pipeline/Pipeline.php(180): Illuminate\\Foundation\\Http\\Middleware\\ValidatePostSize->handle()
#43 /home/denish/Desktop/Workspace/Internal/dk/attexlaravel/vendor/laravel/framework/src/Illuminate/Foundation/Http/Middleware/PreventRequestsDuringMaintenance.php(86): Illuminate\\Pipeline\\Pipeline->Illuminate\\Pipeline\\{closure}()
#44 /home/denish/Desktop/Workspace/Internal/dk/attexlaravel/vendor/laravel/framework/src/Illuminate/Pipeline/Pipeline.php(180): Illuminate\\Foundation\\Http\\Middleware\\PreventRequestsDuringMaintenance->handle()
#45 /home/denish/Desktop/Workspace/Internal/dk/attexlaravel/vendor/laravel/framework/src/Illuminate/Http/Middleware/HandleCors.php(49): Illuminate\\Pipeline\\Pipeline->Illuminate\\Pipeline\\{closure}()
#46 /home/denish/Desktop/Workspace/Internal/dk/attexlaravel/vendor/laravel/framework/src/Illuminate/Pipeline/Pipeline.php(180): Illuminate\\Http\\Middleware\\HandleCors->handle()
#47 /home/denish/Desktop/Workspace/Internal/dk/attexlaravel/vendor/laravel/framework/src/Illuminate/Http/Middleware/TrustProxies.php(39): Illuminate\\Pipeline\\Pipeline->Illuminate\\Pipeline\\{closure}()
#48 /home/denish/Desktop/Workspace/Internal/dk/attexlaravel/vendor/laravel/framework/src/Illuminate/Pipeline/Pipeline.php(180): Illuminate\\Http\\Middleware\\TrustProxies->handle()
#49 /home/denish/Desktop/Workspace/Internal/dk/attexlaravel/vendor/laravel/framework/src/Illuminate/Pipeline/Pipeline.php(116): Illuminate\\Pipeline\\Pipeline->Illuminate\\Pipeline\\{closure}()
#50 /home/denish/Desktop/Workspace/Internal/dk/attexlaravel/vendor/laravel/framework/src/Illuminate/Foundation/Http/Kernel.php(175): Illuminate\\Pipeline\\Pipeline->then()
#51 /home/denish/Desktop/Workspace/Internal/dk/attexlaravel/vendor/laravel/framework/src/Illuminate/Foundation/Http/Kernel.php(144): Illuminate\\Foundation\\Http\\Kernel->sendRequestThroughRouter()
#52 /home/denish/Desktop/Workspace/Internal/dk/attexlaravel/public/index.php(52): Illuminate\\Foundation\\Http\\Kernel->handle()
#53 /home/denish/Desktop/Workspace/Internal/dk/attexlaravel/vendor/laravel/framework/src/Illuminate/Foundation/resources/server.php(16): require_once('...')
#54 {main}

[previous exception] [object] (Exception(code: 0): Vite manifest not found at: /home/denish/Desktop/Workspace/Internal/dk/attexlaravel/public/build/manifest.json at /home/denish/Desktop/Workspace/Internal/dk/attexlaravel/vendor/laravel/framework/src/Illuminate/Foundation/Vite.php:684)
[stacktrace]
#0 /home/denish/Desktop/Workspace/Internal/dk/attexlaravel/vendor/laravel/framework/src/Illuminate/Foundation/Vite.php(273): Illuminate\\Foundation\\Vite->manifest()
#1 /home/denish/Desktop/Workspace/Internal/dk/attexlaravel/storage/framework/views/99227b069eb3e0e687e161553c4d511f.php(356): Illuminate\\Foundation\\Vite->__invoke()
#2 /home/denish/Desktop/Workspace/Internal/dk/attexlaravel/vendor/laravel/framework/src/Illuminate/Filesystem/Filesystem.php(124): require('...')
#3 /home/denish/Desktop/Workspace/Internal/dk/attexlaravel/vendor/laravel/framework/src/Illuminate/Filesystem/Filesystem.php(125): Illuminate\\Filesystem\\Filesystem::Illuminate\\Filesystem\\{closure}()
#4 /home/denish/Desktop/Workspace/Internal/dk/attexlaravel/vendor/laravel/framework/src/Illuminate/View/Engines/PhpEngine.php(58): Illuminate\\Filesystem\\Filesystem->getRequire()
#5 /home/denish/Desktop/Workspace/Internal/dk/attexlaravel/vendor/laravel/framework/src/Illuminate/View/Engines/CompilerEngine.php(70): Illuminate\\View\\Engines\\PhpEngine->evaluatePath()
#6 /home/denish/Desktop/Workspace/Internal/dk/attexlaravel/vendor/laravel/framework/src/Illuminate/View/View.php(195): Illuminate\\View\\Engines\\CompilerEngine->get()
#7 /home/denish/Desktop/Workspace/Internal/dk/attexlaravel/vendor/laravel/framework/src/Illuminate/View/View.php(178): Illuminate\\View\\View->getContents()
#8 /home/denish/Desktop/Workspace/Internal/dk/attexlaravel/vendor/laravel/framework/src/Illuminate/View/View.php(147): Illuminate\\View\\View->renderContents()
#9 /home/denish/Desktop/Workspace/Internal/dk/attexlaravel/vendor/laravel/framework/src/Illuminate/Http/Response.php(69): Illuminate\\View\\View->render()
#10 /home/denish/Desktop/Workspace/Internal/dk/attexlaravel/vendor/laravel/framework/src/Illuminate/Http/Response.php(35): Illuminate\\Http\\Response->setContent()
#11 /home/denish/Desktop/Workspace/Internal/dk/attexlaravel/vendor/laravel/framework/src/Illuminate/Routing/Router.php(905): Illuminate\\Http\\Response->__construct()
#12 /home/denish/Desktop/Workspace/Internal/dk/attexlaravel/vendor/laravel/framework/src/Illuminate/Routing/Router.php(874): Illuminate\\Routing\\Router::toResponse()
#13 /home/denish/Desktop/Workspace/Internal/dk/attexlaravel/vendor/laravel/framework/src/Illuminate/Routing/Router.php(797): Illuminate\\Routing\\Router->prepareResponse()
#14 /home/denish/Desktop/Workspace/Internal/dk/attexlaravel/vendor/laravel/framework/src/Illuminate/Pipeline/Pipeline.php(141): Illuminate\\Routing\\Router->Illuminate\\Routing\\{closure}()
#15 /home/denish/Desktop/Workspace/Internal/dk/attexlaravel/vendor/laravel/framework/src/Illuminate/Routing/Middleware/SubstituteBindings.php(50): Illuminate\\Pipeline\\Pipeline->Illuminate\\Pipeline\\{closure}()
#16 /home/denish/Desktop/Workspace/Internal/dk/attexlaravel/vendor/laravel/framework/src/Illuminate/Pipeline/Pipeline.php(180): Illuminate\\Routing\\Middleware\\SubstituteBindings->handle()
#17 /home/denish/Desktop/Workspace/Internal/dk/attexlaravel/vendor/laravel/framework/src/Illuminate/Foundation/Http/Middleware/VerifyCsrfToken.php(78): Illuminate\\Pipeline\\Pipeline->Illuminate\\Pipeline\\{closure}()
#18 /home/denish/Desktop/Workspace/Internal/dk/attexlaravel/vendor/laravel/framework/src/Illuminate/Pipeline/Pipeline.php(180): Illuminate\\Foundation\\Http\\Middleware\\VerifyCsrfToken->handle()
#19 /home/denish/Desktop/Workspace/Internal/dk/attexlaravel/vendor/laravel/framework/src/Illuminate/View/Middleware/ShareErrorsFromSession.php(49): Illuminate\\Pipeline\\Pipeline->Illuminate\\Pipeline\\{closure}()
#20 /home/denish/Desktop/Workspace/Internal/dk/attexlaravel/vendor/laravel/framework/src/Illuminate/Pipeline/Pipeline.php(180): Illuminate\\View\\Middleware\\ShareErrorsFromSession->handle()
#21 /home/denish/Desktop/Workspace/Internal/dk/attexlaravel/vendor/laravel/framework/src/Illuminate/Session/Middleware/StartSession.php(121): Illuminate\\Pipeline\\Pipeline->Illuminate\\Pipeline\\{closure}()
#22 /home/denish/Desktop/Workspace/Internal/dk/attexlaravel/vendor/laravel/framework/src/Illuminate/Session/Middleware/StartSession.php(64): Illuminate\\Session\\Middleware\\StartSession->handleStatefulRequest()
#23 /home/denish/Desktop/Workspace/Internal/dk/attexlaravel/vendor/laravel/framework/src/Illuminate/Pipeline/Pipeline.php(180): Illuminate\\Session\\Middleware\\StartSession->handle()
#24 /home/denish/Desktop/Workspace/Internal/dk/attexlaravel/vendor/laravel/framework/src/Illuminate/Cookie/Middleware/AddQueuedCookiesToResponse.php(37): Illuminate\\Pipeline\\Pipeline->Illuminate\\Pipeline\\{closure}()
#25 /home/denish/Desktop/Workspace/Internal/dk/attexlaravel/vendor/laravel/framework/src/Illuminate/Pipeline/Pipeline.php(180): Illuminate\\Cookie\\Middleware\\AddQueuedCookiesToResponse->handle()
#26 /home/denish/Desktop/Workspace/Internal/dk/attexlaravel/vendor/laravel/framework/src/Illuminate/Cookie/Middleware/EncryptCookies.php(67): Illuminate\\Pipeline\\Pipeline->Illuminate\\Pipeline\\{closure}()
#27 /home/denish/Desktop/Workspace/Internal/dk/attexlaravel/vendor/laravel/framework/src/Illuminate/Pipeline/Pipeline.php(180): Illuminate\\Cookie\\Middleware\\EncryptCookies->handle()
#28 /home/denish/Desktop/Workspace/Internal/dk/attexlaravel/vendor/laravel/framework/src/Illuminate/Pipeline/Pipeline.php(116): Illuminate\\Pipeline\\Pipeline->Illuminate\\Pipeline\\{closure}()
#29 /home/denish/Desktop/Workspace/Internal/dk/attexlaravel/vendor/laravel/framework/src/Illuminate/Routing/Router.php(798): Illuminate\\Pipeline\\Pipeline->then()
#30 /home/denish/Desktop/Workspace/Internal/dk/attexlaravel/vendor/laravel/framework/src/Illuminate/Routing/Router.php(775): Illuminate\\Routing\\Router->runRouteWithinStack()
#31 /home/denish/Desktop/Workspace/Internal/dk/attexlaravel/vendor/laravel/framework/src/Illuminate/Routing/Router.php(739): Illuminate\\Routing\\Router->runRoute()
#32 /home/denish/Desktop/Workspace/Internal/dk/attexlaravel/vendor/laravel/framework/src/Illuminate/Routing/Router.php(728): Illuminate\\Routing\\Router->dispatchToRoute()
#33 /home/denish/Desktop/Workspace/Internal/dk/attexlaravel/vendor/laravel/framework/src/Illuminate/Foundation/Http/Kernel.php(200): Illuminate\\Routing\\Router->dispatch()
#34 /home/denish/Desktop/Workspace/Internal/dk/attexlaravel/vendor/laravel/framework/src/Illuminate/Pipeline/Pipeline.php(141): Illuminate\\Foundation\\Http\\Kernel->Illuminate\\Foundation\\Http\\{closure}()
#35 /home/denish/Desktop/Workspace/Internal/dk/attexlaravel/vendor/laravel/framework/src/Illuminate/Foundation/Http/Middleware/TransformsRequest.php(21): Illuminate\\Pipeline\\Pipeline->Illuminate\\Pipeline\\{closure}()
#36 /home/denish/Desktop/Workspace/Internal/dk/attexlaravel/vendor/laravel/framework/src/Illuminate/Foundation/Http/Middleware/ConvertEmptyStringsToNull.php(31): Illuminate\\Foundation\\Http\\Middleware\\TransformsRequest->handle()
#37 /home/denish/Desktop/Workspace/Internal/dk/attexlaravel/vendor/laravel/framework/src/Illuminate/Pipeline/Pipeline.php(180): Illuminate\\Foundation\\Http\\Middleware\\ConvertEmptyStringsToNull->handle()
#38 /home/denish/Desktop/Workspace/Internal/dk/attexlaravel/vendor/laravel/framework/src/Illuminate/Foundation/Http/Middleware/TransformsRequest.php(21): Illuminate\\Pipeline\\Pipeline->Illuminate\\Pipeline\\{closure}()
#39 /home/denish/Desktop/Workspace/Internal/dk/attexlaravel/vendor/laravel/framework/src/Illuminate/Foundation/Http/Middleware/TrimStrings.php(40): Illuminate\\Foundation\\Http\\Middleware\\TransformsRequest->handle()
#40 /home/denish/Desktop/Workspace/Internal/dk/attexlaravel/vendor/laravel/framework/src/Illuminate/Pipeline/Pipeline.php(180): Illuminate\\Foundation\\Http\\Middleware\\TrimStrings->handle()
#41 /home/denish/Desktop/Workspace/Internal/dk/attexlaravel/vendor/laravel/framework/src/Illuminate/Foundation/Http/Middleware/ValidatePostSize.php(27): Illuminate\\Pipeline\\Pipeline->Illuminate\\Pipeline\\{closure}()
#42 /home/denish/Desktop/Workspace/Internal/dk/attexlaravel/vendor/laravel/framework/src/Illuminate/Pipeline/Pipeline.php(180): Illuminate\\Foundation\\Http\\Middleware\\ValidatePostSize->handle()
#43 /home/denish/Desktop/Workspace/Internal/dk/attexlaravel/vendor/laravel/framework/src/Illuminate/Foundation/Http/Middleware/PreventRequestsDuringMaintenance.php(86): Illuminate\\Pipeline\\Pipeline->Illuminate\\Pipeline\\{closure}()
#44 /home/denish/Desktop/Workspace/Internal/dk/attexlaravel/vendor/laravel/framework/src/Illuminate/Pipeline/Pipeline.php(180): Illuminate\\Foundation\\Http\\Middleware\\PreventRequestsDuringMaintenance->handle()
#45 /home/denish/Desktop/Workspace/Internal/dk/attexlaravel/vendor/laravel/framework/src/Illuminate/Http/Middleware/HandleCors.php(49): Illuminate\\Pipeline\\Pipeline->Illuminate\\Pipeline\\{closure}()
#46 /home/denish/Desktop/Workspace/Internal/dk/attexlaravel/vendor/laravel/framework/src/Illuminate/Pipeline/Pipeline.php(180): Illuminate\\Http\\Middleware\\HandleCors->handle()
#47 /home/denish/Desktop/Workspace/Internal/dk/attexlaravel/vendor/laravel/framework/src/Illuminate/Http/Middleware/TrustProxies.php(39): Illuminate\\Pipeline\\Pipeline->Illuminate\\Pipeline\\{closure}()
#48 /home/denish/Desktop/Workspace/Internal/dk/attexlaravel/vendor/laravel/framework/src/Illuminate/Pipeline/Pipeline.php(180): Illuminate\\Http\\Middleware\\TrustProxies->handle()
#49 /home/denish/Desktop/Workspace/Internal/dk/attexlaravel/vendor/laravel/framework/src/Illuminate/Pipeline/Pipeline.php(116): Illuminate\\Pipeline\\Pipeline->Illuminate\\Pipeline\\{closure}()
#50 /home/denish/Desktop/Workspace/Internal/dk/attexlaravel/vendor/laravel/framework/src/Illuminate/Foundation/Http/Kernel.php(175): Illuminate\\Pipeline\\Pipeline->then()
#51 /home/denish/Desktop/Workspace/Internal/dk/attexlaravel/vendor/laravel/framework/src/Illuminate/Foundation/Http/Kernel.php(144): Illuminate\\Foundation\\Http\\Kernel->sendRequestThroughRouter()
#52 /home/denish/Desktop/Workspace/Internal/dk/attexlaravel/public/index.php(52): Illuminate\\Foundation\\Http\\Kernel->handle()
#53 /home/denish/Desktop/Workspace/Internal/dk/attexlaravel/vendor/laravel/framework/src/Illuminate/Foundation/resources/server.php(16): require_once('...')
#54 {main}
"} 
[2023-05-25 13:19:35] local.ERROR: View [extended.dragule] not found. {"exception":"[object] (InvalidArgumentException(code: 0): View [extended.dragule] not found. at /home/denish/Desktop/Workspace/Internal/dk/attexlaravel/vendor/laravel/framework/src/Illuminate/View/FileViewFinder.php:137)
[stacktrace]
#0 /home/denish/Desktop/Workspace/Internal/dk/attexlaravel/vendor/laravel/framework/src/Illuminate/View/FileViewFinder.php(79): Illuminate\\View\\FileViewFinder->findInPaths()
#1 /home/denish/Desktop/Workspace/Internal/dk/attexlaravel/vendor/laravel/framework/src/Illuminate/View/Factory.php(138): Illuminate\\View\\FileViewFinder->find()
#2 /home/denish/Desktop/Workspace/Internal/dk/attexlaravel/vendor/laravel/framework/src/Illuminate/Foundation/helpers.php(1017): Illuminate\\View\\Factory->make()
#3 /home/denish/Desktop/Workspace/Internal/dk/attexlaravel/app/Http/Controllers/RoutingController.php(64): view()
#4 /home/denish/Desktop/Workspace/Internal/dk/attexlaravel/vendor/laravel/framework/src/Illuminate/Routing/Controller.php(54): App\\Http\\Controllers\\RoutingController->secondLevel()
#5 /home/denish/Desktop/Workspace/Internal/dk/attexlaravel/vendor/laravel/framework/src/Illuminate/Routing/ControllerDispatcher.php(43): Illuminate\\Routing\\Controller->callAction()
#6 /home/denish/Desktop/Workspace/Internal/dk/attexlaravel/vendor/laravel/framework/src/Illuminate/Routing/Route.php(260): Illuminate\\Routing\\ControllerDispatcher->dispatch()
#7 /home/denish/Desktop/Workspace/Internal/dk/attexlaravel/vendor/laravel/framework/src/Illuminate/Routing/Route.php(205): Illuminate\\Routing\\Route->runController()
#8 /home/denish/Desktop/Workspace/Internal/dk/attexlaravel/vendor/laravel/framework/src/Illuminate/Routing/Router.php(797): Illuminate\\Routing\\Route->run()
#9 /home/denish/Desktop/Workspace/Internal/dk/attexlaravel/vendor/laravel/framework/src/Illuminate/Pipeline/Pipeline.php(141): Illuminate\\Routing\\Router->Illuminate\\Routing\\{closure}()
#10 /home/denish/Desktop/Workspace/Internal/dk/attexlaravel/vendor/laravel/framework/src/Illuminate/Routing/Middleware/SubstituteBindings.php(50): Illuminate\\Pipeline\\Pipeline->Illuminate\\Pipeline\\{closure}()
#11 /home/denish/Desktop/Workspace/Internal/dk/attexlaravel/vendor/laravel/framework/src/Illuminate/Pipeline/Pipeline.php(180): Illuminate\\Routing\\Middleware\\SubstituteBindings->handle()
#12 /home/denish/Desktop/Workspace/Internal/dk/attexlaravel/vendor/laravel/framework/src/Illuminate/Foundation/Http/Middleware/VerifyCsrfToken.php(78): Illuminate\\Pipeline\\Pipeline->Illuminate\\Pipeline\\{closure}()
#13 /home/denish/Desktop/Workspace/Internal/dk/attexlaravel/vendor/laravel/framework/src/Illuminate/Pipeline/Pipeline.php(180): Illuminate\\Foundation\\Http\\Middleware\\VerifyCsrfToken->handle()
#14 /home/denish/Desktop/Workspace/Internal/dk/attexlaravel/vendor/laravel/framework/src/Illuminate/View/Middleware/ShareErrorsFromSession.php(49): Illuminate\\Pipeline\\Pipeline->Illuminate\\Pipeline\\{closure}()
#15 /home/denish/Desktop/Workspace/Internal/dk/attexlaravel/vendor/laravel/framework/src/Illuminate/Pipeline/Pipeline.php(180): Illuminate\\View\\Middleware\\ShareErrorsFromSession->handle()
#16 /home/denish/Desktop/Workspace/Internal/dk/attexlaravel/vendor/laravel/framework/src/Illuminate/Session/Middleware/StartSession.php(121): Illuminate\\Pipeline\\Pipeline->Illuminate\\Pipeline\\{closure}()
#17 /home/denish/Desktop/Workspace/Internal/dk/attexlaravel/vendor/laravel/framework/src/Illuminate/Session/Middleware/StartSession.php(64): Illuminate\\Session\\Middleware\\StartSession->handleStatefulRequest()
#18 /home/denish/Desktop/Workspace/Internal/dk/attexlaravel/vendor/laravel/framework/src/Illuminate/Pipeline/Pipeline.php(180): Illuminate\\Session\\Middleware\\StartSession->handle()
#19 /home/denish/Desktop/Workspace/Internal/dk/attexlaravel/vendor/laravel/framework/src/Illuminate/Cookie/Middleware/AddQueuedCookiesToResponse.php(37): Illuminate\\Pipeline\\Pipeline->Illuminate\\Pipeline\\{closure}()
#20 /home/denish/Desktop/Workspace/Internal/dk/attexlaravel/vendor/laravel/framework/src/Illuminate/Pipeline/Pipeline.php(180): Illuminate\\Cookie\\Middleware\\AddQueuedCookiesToResponse->handle()
#21 /home/denish/Desktop/Workspace/Internal/dk/attexlaravel/vendor/laravel/framework/src/Illuminate/Cookie/Middleware/EncryptCookies.php(67): Illuminate\\Pipeline\\Pipeline->Illuminate\\Pipeline\\{closure}()
#22 /home/denish/Desktop/Workspace/Internal/dk/attexlaravel/vendor/laravel/framework/src/Illuminate/Pipeline/Pipeline.php(180): Illuminate\\Cookie\\Middleware\\EncryptCookies->handle()
#23 /home/denish/Desktop/Workspace/Internal/dk/attexlaravel/vendor/laravel/framework/src/Illuminate/Pipeline/Pipeline.php(116): Illuminate\\Pipeline\\Pipeline->Illuminate\\Pipeline\\{closure}()
#24 /home/denish/Desktop/Workspace/Internal/dk/attexlaravel/vendor/laravel/framework/src/Illuminate/Routing/Router.php(798): Illuminate\\Pipeline\\Pipeline->then()
#25 /home/denish/Desktop/Workspace/Internal/dk/attexlaravel/vendor/laravel/framework/src/Illuminate/Routing/Router.php(775): Illuminate\\Routing\\Router->runRouteWithinStack()
#26 /home/denish/Desktop/Workspace/Internal/dk/attexlaravel/vendor/laravel/framework/src/Illuminate/Routing/Router.php(739): Illuminate\\Routing\\Router->runRoute()
#27 /home/denish/Desktop/Workspace/Internal/dk/attexlaravel/vendor/laravel/framework/src/Illuminate/Routing/Router.php(728): Illuminate\\Routing\\Router->dispatchToRoute()
#28 /home/denish/Desktop/Workspace/Internal/dk/attexlaravel/vendor/laravel/framework/src/Illuminate/Foundation/Http/Kernel.php(200): Illuminate\\Routing\\Router->dispatch()
#29 /home/denish/Desktop/Workspace/Internal/dk/attexlaravel/vendor/laravel/framework/src/Illuminate/Pipeline/Pipeline.php(141): Illuminate\\Foundation\\Http\\Kernel->Illuminate\\Foundation\\Http\\{closure}()
#30 /home/denish/Desktop/Workspace/Internal/dk/attexlaravel/vendor/laravel/framework/src/Illuminate/Foundation/Http/Middleware/TransformsRequest.php(21): Illuminate\\Pipeline\\Pipeline->Illuminate\\Pipeline\\{closure}()
#31 /home/denish/Desktop/Workspace/Internal/dk/attexlaravel/vendor/laravel/framework/src/Illuminate/Foundation/Http/Middleware/ConvertEmptyStringsToNull.php(31): Illuminate\\Foundation\\Http\\Middleware\\TransformsRequest->handle()
#32 /home/denish/Desktop/Workspace/Internal/dk/attexlaravel/vendor/laravel/framework/src/Illuminate/Pipeline/Pipeline.php(180): Illuminate\\Foundation\\Http\\Middleware\\ConvertEmptyStringsToNull->handle()
#33 /home/denish/Desktop/Workspace/Internal/dk/attexlaravel/vendor/laravel/framework/src/Illuminate/Foundation/Http/Middleware/TransformsRequest.php(21): Illuminate\\Pipeline\\Pipeline->Illuminate\\Pipeline\\{closure}()
#34 /home/denish/Desktop/Workspace/Internal/dk/attexlaravel/vendor/laravel/framework/src/Illuminate/Foundation/Http/Middleware/TrimStrings.php(40): Illuminate\\Foundation\\Http\\Middleware\\TransformsRequest->handle()
#35 /home/denish/Desktop/Workspace/Internal/dk/attexlaravel/vendor/laravel/framework/src/Illuminate/Pipeline/Pipeline.php(180): Illuminate\\Foundation\\Http\\Middleware\\TrimStrings->handle()
#36 /home/denish/Desktop/Workspace/Internal/dk/attexlaravel/vendor/laravel/framework/src/Illuminate/Foundation/Http/Middleware/ValidatePostSize.php(27): Illuminate\\Pipeline\\Pipeline->Illuminate\\Pipeline\\{closure}()
#37 /home/denish/Desktop/Workspace/Internal/dk/attexlaravel/vendor/laravel/framework/src/Illuminate/Pipeline/Pipeline.php(180): Illuminate\\Foundation\\Http\\Middleware\\ValidatePostSize->handle()
#38 /home/denish/Desktop/Workspace/Internal/dk/attexlaravel/vendor/laravel/framework/src/Illuminate/Foundation/Http/Middleware/PreventRequestsDuringMaintenance.php(86): Illuminate\\Pipeline\\Pipeline->Illuminate\\Pipeline\\{closure}()
#39 /home/denish/Desktop/Workspace/Internal/dk/attexlaravel/vendor/laravel/framework/src/Illuminate/Pipeline/Pipeline.php(180): Illuminate\\Foundation\\Http\\Middleware\\PreventRequestsDuringMaintenance->handle()
#40 /home/denish/Desktop/Workspace/Internal/dk/attexlaravel/vendor/laravel/framework/src/Illuminate/Http/Middleware/HandleCors.php(49): Illuminate\\Pipeline\\Pipeline->Illuminate\\Pipeline\\{closure}()
#41 /home/denish/Desktop/Workspace/Internal/dk/attexlaravel/vendor/laravel/framework/src/Illuminate/Pipeline/Pipeline.php(180): Illuminate\\Http\\Middleware\\HandleCors->handle()
#42 /home/denish/Desktop/Workspace/Internal/dk/attexlaravel/vendor/laravel/framework/src/Illuminate/Http/Middleware/TrustProxies.php(39): Illuminate\\Pipeline\\Pipeline->Illuminate\\Pipeline\\{closure}()
#43 /home/denish/Desktop/Workspace/Internal/dk/attexlaravel/vendor/laravel/framework/src/Illuminate/Pipeline/Pipeline.php(180): Illuminate\\Http\\Middleware\\TrustProxies->handle()
#44 /home/denish/Desktop/Workspace/Internal/dk/attexlaravel/vendor/laravel/framework/src/Illuminate/Pipeline/Pipeline.php(116): Illuminate\\Pipeline\\Pipeline->Illuminate\\Pipeline\\{closure}()
#45 /home/denish/Desktop/Workspace/Internal/dk/attexlaravel/vendor/laravel/framework/src/Illuminate/Foundation/Http/Kernel.php(175): Illuminate\\Pipeline\\Pipeline->then()
#46 /home/denish/Desktop/Workspace/Internal/dk/attexlaravel/vendor/laravel/framework/src/Illuminate/Foundation/Http/Kernel.php(144): Illuminate\\Foundation\\Http\\Kernel->sendRequestThroughRouter()
#47 /home/denish/Desktop/Workspace/Internal/dk/attexlaravel/public/index.php(52): Illuminate\\Foundation\\Http\\Kernel->handle()
#48 /home/denish/Desktop/Workspace/Internal/dk/attexlaravel/vendor/laravel/framework/src/Illuminate/Foundation/resources/server.php(16): require_once('...')
#49 {main}
"} 
[2023-05-25 13:19:38] local.ERROR: View [extended.dragula] not found. {"exception":"[object] (InvalidArgumentException(code: 0): View [extended.dragula] not found. at /home/denish/Desktop/Workspace/Internal/dk/attexlaravel/vendor/laravel/framework/src/Illuminate/View/FileViewFinder.php:137)
[stacktrace]
#0 /home/denish/Desktop/Workspace/Internal/dk/attexlaravel/vendor/laravel/framework/src/Illuminate/View/FileViewFinder.php(79): Illuminate\\View\\FileViewFinder->findInPaths()
#1 /home/denish/Desktop/Workspace/Internal/dk/attexlaravel/vendor/laravel/framework/src/Illuminate/View/Factory.php(138): Illuminate\\View\\FileViewFinder->find()
#2 /home/denish/Desktop/Workspace/Internal/dk/attexlaravel/vendor/laravel/framework/src/Illuminate/Foundation/helpers.php(1017): Illuminate\\View\\Factory->make()
#3 /home/denish/Desktop/Workspace/Internal/dk/attexlaravel/app/Http/Controllers/RoutingController.php(64): view()
#4 /home/denish/Desktop/Workspace/Internal/dk/attexlaravel/vendor/laravel/framework/src/Illuminate/Routing/Controller.php(54): App\\Http\\Controllers\\RoutingController->secondLevel()
#5 /home/denish/Desktop/Workspace/Internal/dk/attexlaravel/vendor/laravel/framework/src/Illuminate/Routing/ControllerDispatcher.php(43): Illuminate\\Routing\\Controller->callAction()
#6 /home/denish/Desktop/Workspace/Internal/dk/attexlaravel/vendor/laravel/framework/src/Illuminate/Routing/Route.php(260): Illuminate\\Routing\\ControllerDispatcher->dispatch()
#7 /home/denish/Desktop/Workspace/Internal/dk/attexlaravel/vendor/laravel/framework/src/Illuminate/Routing/Route.php(205): Illuminate\\Routing\\Route->runController()
#8 /home/denish/Desktop/Workspace/Internal/dk/attexlaravel/vendor/laravel/framework/src/Illuminate/Routing/Router.php(797): Illuminate\\Routing\\Route->run()
#9 /home/denish/Desktop/Workspace/Internal/dk/attexlaravel/vendor/laravel/framework/src/Illuminate/Pipeline/Pipeline.php(141): Illuminate\\Routing\\Router->Illuminate\\Routing\\{closure}()
#10 /home/denish/Desktop/Workspace/Internal/dk/attexlaravel/vendor/laravel/framework/src/Illuminate/Routing/Middleware/SubstituteBindings.php(50): Illuminate\\Pipeline\\Pipeline->Illuminate\\Pipeline\\{closure}()
#11 /home/denish/Desktop/Workspace/Internal/dk/attexlaravel/vendor/laravel/framework/src/Illuminate/Pipeline/Pipeline.php(180): Illuminate\\Routing\\Middleware\\SubstituteBindings->handle()
#12 /home/denish/Desktop/Workspace/Internal/dk/attexlaravel/vendor/laravel/framework/src/Illuminate/Foundation/Http/Middleware/VerifyCsrfToken.php(78): Illuminate\\Pipeline\\Pipeline->Illuminate\\Pipeline\\{closure}()
#13 /home/denish/Desktop/Workspace/Internal/dk/attexlaravel/vendor/laravel/framework/src/Illuminate/Pipeline/Pipeline.php(180): Illuminate\\Foundation\\Http\\Middleware\\VerifyCsrfToken->handle()
#14 /home/denish/Desktop/Workspace/Internal/dk/attexlaravel/vendor/laravel/framework/src/Illuminate/View/Middleware/ShareErrorsFromSession.php(49): Illuminate\\Pipeline\\Pipeline->Illuminate\\Pipeline\\{closure}()
#15 /home/denish/Desktop/Workspace/Internal/dk/attexlaravel/vendor/laravel/framework/src/Illuminate/Pipeline/Pipeline.php(180): Illuminate\\View\\Middleware\\ShareErrorsFromSession->handle()
#16 /home/denish/Desktop/Workspace/Internal/dk/attexlaravel/vendor/laravel/framework/src/Illuminate/Session/Middleware/StartSession.php(121): Illuminate\\Pipeline\\Pipeline->Illuminate\\Pipeline\\{closure}()
#17 /home/denish/Desktop/Workspace/Internal/dk/attexlaravel/vendor/laravel/framework/src/Illuminate/Session/Middleware/StartSession.php(64): Illuminate\\Session\\Middleware\\StartSession->handleStatefulRequest()
#18 /home/denish/Desktop/Workspace/Internal/dk/attexlaravel/vendor/laravel/framework/src/Illuminate/Pipeline/Pipeline.php(180): Illuminate\\Session\\Middleware\\StartSession->handle()
#19 /home/denish/Desktop/Workspace/Internal/dk/attexlaravel/vendor/laravel/framework/src/Illuminate/Cookie/Middleware/AddQueuedCookiesToResponse.php(37): Illuminate\\Pipeline\\Pipeline->Illuminate\\Pipeline\\{closure}()
#20 /home/denish/Desktop/Workspace/Internal/dk/attexlaravel/vendor/laravel/framework/src/Illuminate/Pipeline/Pipeline.php(180): Illuminate\\Cookie\\Middleware\\AddQueuedCookiesToResponse->handle()
#21 /home/denish/Desktop/Workspace/Internal/dk/attexlaravel/vendor/laravel/framework/src/Illuminate/Cookie/Middleware/EncryptCookies.php(67): Illuminate\\Pipeline\\Pipeline->Illuminate\\Pipeline\\{closure}()
#22 /home/denish/Desktop/Workspace/Internal/dk/attexlaravel/vendor/laravel/framework/src/Illuminate/Pipeline/Pipeline.php(180): Illuminate\\Cookie\\Middleware\\EncryptCookies->handle()
#23 /home/denish/Desktop/Workspace/Internal/dk/attexlaravel/vendor/laravel/framework/src/Illuminate/Pipeline/Pipeline.php(116): Illuminate\\Pipeline\\Pipeline->Illuminate\\Pipeline\\{closure}()
#24 /home/denish/Desktop/Workspace/Internal/dk/attexlaravel/vendor/laravel/framework/src/Illuminate/Routing/Router.php(798): Illuminate\\Pipeline\\Pipeline->then()
#25 /home/denish/Desktop/Workspace/Internal/dk/attexlaravel/vendor/laravel/framework/src/Illuminate/Routing/Router.php(775): Illuminate\\Routing\\Router->runRouteWithinStack()
#26 /home/denish/Desktop/Workspace/Internal/dk/attexlaravel/vendor/laravel/framework/src/Illuminate/Routing/Router.php(739): Illuminate\\Routing\\Router->runRoute()
#27 /home/denish/Desktop/Workspace/Internal/dk/attexlaravel/vendor/laravel/framework/src/Illuminate/Routing/Router.php(728): Illuminate\\Routing\\Router->dispatchToRoute()
#28 /home/denish/Desktop/Workspace/Internal/dk/attexlaravel/vendor/laravel/framework/src/Illuminate/Foundation/Http/Kernel.php(200): Illuminate\\Routing\\Router->dispatch()
#29 /home/denish/Desktop/Workspace/Internal/dk/attexlaravel/vendor/laravel/framework/src/Illuminate/Pipeline/Pipeline.php(141): Illuminate\\Foundation\\Http\\Kernel->Illuminate\\Foundation\\Http\\{closure}()
#30 /home/denish/Desktop/Workspace/Internal/dk/attexlaravel/vendor/laravel/framework/src/Illuminate/Foundation/Http/Middleware/TransformsRequest.php(21): Illuminate\\Pipeline\\Pipeline->Illuminate\\Pipeline\\{closure}()
#31 /home/denish/Desktop/Workspace/Internal/dk/attexlaravel/vendor/laravel/framework/src/Illuminate/Foundation/Http/Middleware/ConvertEmptyStringsToNull.php(31): Illuminate\\Foundation\\Http\\Middleware\\TransformsRequest->handle()
#32 /home/denish/Desktop/Workspace/Internal/dk/attexlaravel/vendor/laravel/framework/src/Illuminate/Pipeline/Pipeline.php(180): Illuminate\\Foundation\\Http\\Middleware\\ConvertEmptyStringsToNull->handle()
#33 /home/denish/Desktop/Workspace/Internal/dk/attexlaravel/vendor/laravel/framework/src/Illuminate/Foundation/Http/Middleware/TransformsRequest.php(21): Illuminate\\Pipeline\\Pipeline->Illuminate\\Pipeline\\{closure}()
#34 /home/denish/Desktop/Workspace/Internal/dk/attexlaravel/vendor/laravel/framework/src/Illuminate/Foundation/Http/Middleware/TrimStrings.php(40): Illuminate\\Foundation\\Http\\Middleware\\TransformsRequest->handle()
#35 /home/denish/Desktop/Workspace/Internal/dk/attexlaravel/vendor/laravel/framework/src/Illuminate/Pipeline/Pipeline.php(180): Illuminate\\Foundation\\Http\\Middleware\\TrimStrings->handle()
#36 /home/denish/Desktop/Workspace/Internal/dk/attexlaravel/vendor/laravel/framework/src/Illuminate/Foundation/Http/Middleware/ValidatePostSize.php(27): Illuminate\\Pipeline\\Pipeline->Illuminate\\Pipeline\\{closure}()
#37 /home/denish/Desktop/Workspace/Internal/dk/attexlaravel/vendor/laravel/framework/src/Illuminate/Pipeline/Pipeline.php(180): Illuminate\\Foundation\\Http\\Middleware\\ValidatePostSize->handle()
#38 /home/denish/Desktop/Workspace/Internal/dk/attexlaravel/vendor/laravel/framework/src/Illuminate/Foundation/Http/Middleware/PreventRequestsDuringMaintenance.php(86): Illuminate\\Pipeline\\Pipeline->Illuminate\\Pipeline\\{closure}()
#39 /home/denish/Desktop/Workspace/Internal/dk/attexlaravel/vendor/laravel/framework/src/Illuminate/Pipeline/Pipeline.php(180): Illuminate\\Foundation\\Http\\Middleware\\PreventRequestsDuringMaintenance->handle()
#40 /home/denish/Desktop/Workspace/Internal/dk/attexlaravel/vendor/laravel/framework/src/Illuminate/Http/Middleware/HandleCors.php(49): Illuminate\\Pipeline\\Pipeline->Illuminate\\Pipeline\\{closure}()
#41 /home/denish/Desktop/Workspace/Internal/dk/attexlaravel/vendor/laravel/framework/src/Illuminate/Pipeline/Pipeline.php(180): Illuminate\\Http\\Middleware\\HandleCors->handle()
#42 /home/denish/Desktop/Workspace/Internal/dk/attexlaravel/vendor/laravel/framework/src/Illuminate/Http/Middleware/TrustProxies.php(39): Illuminate\\Pipeline\\Pipeline->Illuminate\\Pipeline\\{closure}()
#43 /home/denish/Desktop/Workspace/Internal/dk/attexlaravel/vendor/laravel/framework/src/Illuminate/Pipeline/Pipeline.php(180): Illuminate\\Http\\Middleware\\TrustProxies->handle()
#44 /home/denish/Desktop/Workspace/Internal/dk/attexlaravel/vendor/laravel/framework/src/Illuminate/Pipeline/Pipeline.php(116): Illuminate\\Pipeline\\Pipeline->Illuminate\\Pipeline\\{closure}()
#45 /home/denish/Desktop/Workspace/Internal/dk/attexlaravel/vendor/laravel/framework/src/Illuminate/Foundation/Http/Kernel.php(175): Illuminate\\Pipeline\\Pipeline->then()
#46 /home/denish/Desktop/Workspace/Internal/dk/attexlaravel/vendor/laravel/framework/src/Illuminate/Foundation/Http/Kernel.php(144): Illuminate\\Foundation\\Http\\Kernel->sendRequestThroughRouter()
#47 /home/denish/Desktop/Workspace/Internal/dk/attexlaravel/public/index.php(52): Illuminate\\Foundation\\Http\\Kernel->handle()
#48 /home/denish/Desktop/Workspace/Internal/dk/attexlaravel/vendor/laravel/framework/src/Illuminate/Foundation/resources/server.php(16): require_once('...')
#49 {main}
"} 
[2023-05-25 13:19:46] local.ERROR: View [extended.dragula] not found. {"exception":"[object] (InvalidArgumentException(code: 0): View [extended.dragula] not found. at /home/denish/Desktop/Workspace/Internal/dk/attexlaravel/vendor/laravel/framework/src/Illuminate/View/FileViewFinder.php:137)
[stacktrace]
#0 /home/denish/Desktop/Workspace/Internal/dk/attexlaravel/vendor/laravel/framework/src/Illuminate/View/FileViewFinder.php(79): Illuminate\\View\\FileViewFinder->findInPaths()
#1 /home/denish/Desktop/Workspace/Internal/dk/attexlaravel/vendor/laravel/framework/src/Illuminate/View/Factory.php(138): Illuminate\\View\\FileViewFinder->find()
#2 /home/denish/Desktop/Workspace/Internal/dk/attexlaravel/vendor/laravel/framework/src/Illuminate/Foundation/helpers.php(1017): Illuminate\\View\\Factory->make()
#3 /home/denish/Desktop/Workspace/Internal/dk/attexlaravel/app/Http/Controllers/RoutingController.php(64): view()
#4 /home/denish/Desktop/Workspace/Internal/dk/attexlaravel/vendor/laravel/framework/src/Illuminate/Routing/Controller.php(54): App\\Http\\Controllers\\RoutingController->secondLevel()
#5 /home/denish/Desktop/Workspace/Internal/dk/attexlaravel/vendor/laravel/framework/src/Illuminate/Routing/ControllerDispatcher.php(43): Illuminate\\Routing\\Controller->callAction()
#6 /home/denish/Desktop/Workspace/Internal/dk/attexlaravel/vendor/laravel/framework/src/Illuminate/Routing/Route.php(260): Illuminate\\Routing\\ControllerDispatcher->dispatch()
#7 /home/denish/Desktop/Workspace/Internal/dk/attexlaravel/vendor/laravel/framework/src/Illuminate/Routing/Route.php(205): Illuminate\\Routing\\Route->runController()
#8 /home/denish/Desktop/Workspace/Internal/dk/attexlaravel/vendor/laravel/framework/src/Illuminate/Routing/Router.php(797): Illuminate\\Routing\\Route->run()
#9 /home/denish/Desktop/Workspace/Internal/dk/attexlaravel/vendor/laravel/framework/src/Illuminate/Pipeline/Pipeline.php(141): Illuminate\\Routing\\Router->Illuminate\\Routing\\{closure}()
#10 /home/denish/Desktop/Workspace/Internal/dk/attexlaravel/vendor/laravel/framework/src/Illuminate/Routing/Middleware/SubstituteBindings.php(50): Illuminate\\Pipeline\\Pipeline->Illuminate\\Pipeline\\{closure}()
#11 /home/denish/Desktop/Workspace/Internal/dk/attexlaravel/vendor/laravel/framework/src/Illuminate/Pipeline/Pipeline.php(180): Illuminate\\Routing\\Middleware\\SubstituteBindings->handle()
#12 /home/denish/Desktop/Workspace/Internal/dk/attexlaravel/vendor/laravel/framework/src/Illuminate/Foundation/Http/Middleware/VerifyCsrfToken.php(78): Illuminate\\Pipeline\\Pipeline->Illuminate\\Pipeline\\{closure}()
#13 /home/denish/Desktop/Workspace/Internal/dk/attexlaravel/vendor/laravel/framework/src/Illuminate/Pipeline/Pipeline.php(180): Illuminate\\Foundation\\Http\\Middleware\\VerifyCsrfToken->handle()
#14 /home/denish/Desktop/Workspace/Internal/dk/attexlaravel/vendor/laravel/framework/src/Illuminate/View/Middleware/ShareErrorsFromSession.php(49): Illuminate\\Pipeline\\Pipeline->Illuminate\\Pipeline\\{closure}()
#15 /home/denish/Desktop/Workspace/Internal/dk/attexlaravel/vendor/laravel/framework/src/Illuminate/Pipeline/Pipeline.php(180): Illuminate\\View\\Middleware\\ShareErrorsFromSession->handle()
#16 /home/denish/Desktop/Workspace/Internal/dk/attexlaravel/vendor/laravel/framework/src/Illuminate/Session/Middleware/StartSession.php(121): Illuminate\\Pipeline\\Pipeline->Illuminate\\Pipeline\\{closure}()
#17 /home/denish/Desktop/Workspace/Internal/dk/attexlaravel/vendor/laravel/framework/src/Illuminate/Session/Middleware/StartSession.php(64): Illuminate\\Session\\Middleware\\StartSession->handleStatefulRequest()
#18 /home/denish/Desktop/Workspace/Internal/dk/attexlaravel/vendor/laravel/framework/src/Illuminate/Pipeline/Pipeline.php(180): Illuminate\\Session\\Middleware\\StartSession->handle()
#19 /home/denish/Desktop/Workspace/Internal/dk/attexlaravel/vendor/laravel/framework/src/Illuminate/Cookie/Middleware/AddQueuedCookiesToResponse.php(37): Illuminate\\Pipeline\\Pipeline->Illuminate\\Pipeline\\{closure}()
#20 /home/denish/Desktop/Workspace/Internal/dk/attexlaravel/vendor/laravel/framework/src/Illuminate/Pipeline/Pipeline.php(180): Illuminate\\Cookie\\Middleware\\AddQueuedCookiesToResponse->handle()
#21 /home/denish/Desktop/Workspace/Internal/dk/attexlaravel/vendor/laravel/framework/src/Illuminate/Cookie/Middleware/EncryptCookies.php(67): Illuminate\\Pipeline\\Pipeline->Illuminate\\Pipeline\\{closure}()
#22 /home/denish/Desktop/Workspace/Internal/dk/attexlaravel/vendor/laravel/framework/src/Illuminate/Pipeline/Pipeline.php(180): Illuminate\\Cookie\\Middleware\\EncryptCookies->handle()
#23 /home/denish/Desktop/Workspace/Internal/dk/attexlaravel/vendor/laravel/framework/src/Illuminate/Pipeline/Pipeline.php(116): Illuminate\\Pipeline\\Pipeline->Illuminate\\Pipeline\\{closure}()
#24 /home/denish/Desktop/Workspace/Internal/dk/attexlaravel/vendor/laravel/framework/src/Illuminate/Routing/Router.php(798): Illuminate\\Pipeline\\Pipeline->then()
#25 /home/denish/Desktop/Workspace/Internal/dk/attexlaravel/vendor/laravel/framework/src/Illuminate/Routing/Router.php(775): Illuminate\\Routing\\Router->runRouteWithinStack()
#26 /home/denish/Desktop/Workspace/Internal/dk/attexlaravel/vendor/laravel/framework/src/Illuminate/Routing/Router.php(739): Illuminate\\Routing\\Router->runRoute()
#27 /home/denish/Desktop/Workspace/Internal/dk/attexlaravel/vendor/laravel/framework/src/Illuminate/Routing/Router.php(728): Illuminate\\Routing\\Router->dispatchToRoute()
#28 /home/denish/Desktop/Workspace/Internal/dk/attexlaravel/vendor/laravel/framework/src/Illuminate/Foundation/Http/Kernel.php(200): Illuminate\\Routing\\Router->dispatch()
#29 /home/denish/Desktop/Workspace/Internal/dk/attexlaravel/vendor/laravel/framework/src/Illuminate/Pipeline/Pipeline.php(141): Illuminate\\Foundation\\Http\\Kernel->Illuminate\\Foundation\\Http\\{closure}()
#30 /home/denish/Desktop/Workspace/Internal/dk/attexlaravel/vendor/laravel/framework/src/Illuminate/Foundation/Http/Middleware/TransformsRequest.php(21): Illuminate\\Pipeline\\Pipeline->Illuminate\\Pipeline\\{closure}()
#31 /home/denish/Desktop/Workspace/Internal/dk/attexlaravel/vendor/laravel/framework/src/Illuminate/Foundation/Http/Middleware/ConvertEmptyStringsToNull.php(31): Illuminate\\Foundation\\Http\\Middleware\\TransformsRequest->handle()
#32 /home/denish/Desktop/Workspace/Internal/dk/attexlaravel/vendor/laravel/framework/src/Illuminate/Pipeline/Pipeline.php(180): Illuminate\\Foundation\\Http\\Middleware\\ConvertEmptyStringsToNull->handle()
#33 /home/denish/Desktop/Workspace/Internal/dk/attexlaravel/vendor/laravel/framework/src/Illuminate/Foundation/Http/Middleware/TransformsRequest.php(21): Illuminate\\Pipeline\\Pipeline->Illuminate\\Pipeline\\{closure}()
#34 /home/denish/Desktop/Workspace/Internal/dk/attexlaravel/vendor/laravel/framework/src/Illuminate/Foundation/Http/Middleware/TrimStrings.php(40): Illuminate\\Foundation\\Http\\Middleware\\TransformsRequest->handle()
#35 /home/denish/Desktop/Workspace/Internal/dk/attexlaravel/vendor/laravel/framework/src/Illuminate/Pipeline/Pipeline.php(180): Illuminate\\Foundation\\Http\\Middleware\\TrimStrings->handle()
#36 /home/denish/Desktop/Workspace/Internal/dk/attexlaravel/vendor/laravel/framework/src/Illuminate/Foundation/Http/Middleware/ValidatePostSize.php(27): Illuminate\\Pipeline\\Pipeline->Illuminate\\Pipeline\\{closure}()
#37 /home/denish/Desktop/Workspace/Internal/dk/attexlaravel/vendor/laravel/framework/src/Illuminate/Pipeline/Pipeline.php(180): Illuminate\\Foundation\\Http\\Middleware\\ValidatePostSize->handle()
#38 /home/denish/Desktop/Workspace/Internal/dk/attexlaravel/vendor/laravel/framework/src/Illuminate/Foundation/Http/Middleware/PreventRequestsDuringMaintenance.php(86): Illuminate\\Pipeline\\Pipeline->Illuminate\\Pipeline\\{closure}()
#39 /home/denish/Desktop/Workspace/Internal/dk/attexlaravel/vendor/laravel/framework/src/Illuminate/Pipeline/Pipeline.php(180): Illuminate\\Foundation\\Http\\Middleware\\PreventRequestsDuringMaintenance->handle()
#40 /home/denish/Desktop/Workspace/Internal/dk/attexlaravel/vendor/laravel/framework/src/Illuminate/Http/Middleware/HandleCors.php(49): Illuminate\\Pipeline\\Pipeline->Illuminate\\Pipeline\\{closure}()
#41 /home/denish/Desktop/Workspace/Internal/dk/attexlaravel/vendor/laravel/framework/src/Illuminate/Pipeline/Pipeline.php(180): Illuminate\\Http\\Middleware\\HandleCors->handle()
#42 /home/denish/Desktop/Workspace/Internal/dk/attexlaravel/vendor/laravel/framework/src/Illuminate/Http/Middleware/TrustProxies.php(39): Illuminate\\Pipeline\\Pipeline->Illuminate\\Pipeline\\{closure}()
#43 /home/denish/Desktop/Workspace/Internal/dk/attexlaravel/vendor/laravel/framework/src/Illuminate/Pipeline/Pipeline.php(180): Illuminate\\Http\\Middleware\\TrustProxies->handle()
#44 /home/denish/Desktop/Workspace/Internal/dk/attexlaravel/vendor/laravel/framework/src/Illuminate/Pipeline/Pipeline.php(116): Illuminate\\Pipeline\\Pipeline->Illuminate\\Pipeline\\{closure}()
#45 /home/denish/Desktop/Workspace/Internal/dk/attexlaravel/vendor/laravel/framework/src/Illuminate/Foundation/Http/Kernel.php(175): Illuminate\\Pipeline\\Pipeline->then()
#46 /home/denish/Desktop/Workspace/Internal/dk/attexlaravel/vendor/laravel/framework/src/Illuminate/Foundation/Http/Kernel.php(144): Illuminate\\Foundation\\Http\\Kernel->sendRequestThroughRouter()
#47 /home/denish/Desktop/Workspace/Internal/dk/attexlaravel/public/index.php(52): Illuminate\\Foundation\\Http\\Kernel->handle()
#48 /home/denish/Desktop/Workspace/Internal/dk/attexlaravel/vendor/laravel/framework/src/Illuminate/Foundation/resources/server.php(16): require_once('...')
#49 {main}
"} 
[2023-05-29 13:11:58] local.ERROR: View [tables.apps-calendar.html] not found. {"exception":"[object] (InvalidArgumentException(code: 0): View [tables.apps-calendar.html] not found. at /home/denish/Desktop/Workspace/Internal/dk/attexlaravel/vendor/laravel/framework/src/Illuminate/View/FileViewFinder.php:137)
[stacktrace]
#0 /home/denish/Desktop/Workspace/Internal/dk/attexlaravel/vendor/laravel/framework/src/Illuminate/View/FileViewFinder.php(79): Illuminate\\View\\FileViewFinder->findInPaths()
#1 /home/denish/Desktop/Workspace/Internal/dk/attexlaravel/vendor/laravel/framework/src/Illuminate/View/Factory.php(138): Illuminate\\View\\FileViewFinder->find()
#2 /home/denish/Desktop/Workspace/Internal/dk/attexlaravel/vendor/laravel/framework/src/Illuminate/Foundation/helpers.php(1017): Illuminate\\View\\Factory->make()
#3 /home/denish/Desktop/Workspace/Internal/dk/attexlaravel/app/Http/Controllers/RoutingController.php(65): view()
#4 /home/denish/Desktop/Workspace/Internal/dk/attexlaravel/vendor/laravel/framework/src/Illuminate/Routing/Controller.php(54): App\\Http\\Controllers\\RoutingController->secondLevel()
#5 /home/denish/Desktop/Workspace/Internal/dk/attexlaravel/vendor/laravel/framework/src/Illuminate/Routing/ControllerDispatcher.php(43): Illuminate\\Routing\\Controller->callAction()
#6 /home/denish/Desktop/Workspace/Internal/dk/attexlaravel/vendor/laravel/framework/src/Illuminate/Routing/Route.php(260): Illuminate\\Routing\\ControllerDispatcher->dispatch()
#7 /home/denish/Desktop/Workspace/Internal/dk/attexlaravel/vendor/laravel/framework/src/Illuminate/Routing/Route.php(205): Illuminate\\Routing\\Route->runController()
#8 /home/denish/Desktop/Workspace/Internal/dk/attexlaravel/vendor/laravel/framework/src/Illuminate/Routing/Router.php(797): Illuminate\\Routing\\Route->run()
#9 /home/denish/Desktop/Workspace/Internal/dk/attexlaravel/vendor/laravel/framework/src/Illuminate/Pipeline/Pipeline.php(141): Illuminate\\Routing\\Router->Illuminate\\Routing\\{closure}()
#10 /home/denish/Desktop/Workspace/Internal/dk/attexlaravel/vendor/laravel/framework/src/Illuminate/Routing/Middleware/SubstituteBindings.php(50): Illuminate\\Pipeline\\Pipeline->Illuminate\\Pipeline\\{closure}()
#11 /home/denish/Desktop/Workspace/Internal/dk/attexlaravel/vendor/laravel/framework/src/Illuminate/Pipeline/Pipeline.php(180): Illuminate\\Routing\\Middleware\\SubstituteBindings->handle()
#12 /home/denish/Desktop/Workspace/Internal/dk/attexlaravel/vendor/laravel/framework/src/Illuminate/Foundation/Http/Middleware/VerifyCsrfToken.php(78): Illuminate\\Pipeline\\Pipeline->Illuminate\\Pipeline\\{closure}()
#13 /home/denish/Desktop/Workspace/Internal/dk/attexlaravel/vendor/laravel/framework/src/Illuminate/Pipeline/Pipeline.php(180): Illuminate\\Foundation\\Http\\Middleware\\VerifyCsrfToken->handle()
#14 /home/denish/Desktop/Workspace/Internal/dk/attexlaravel/vendor/laravel/framework/src/Illuminate/View/Middleware/ShareErrorsFromSession.php(49): Illuminate\\Pipeline\\Pipeline->Illuminate\\Pipeline\\{closure}()
#15 /home/denish/Desktop/Workspace/Internal/dk/attexlaravel/vendor/laravel/framework/src/Illuminate/Pipeline/Pipeline.php(180): Illuminate\\View\\Middleware\\ShareErrorsFromSession->handle()
#16 /home/denish/Desktop/Workspace/Internal/dk/attexlaravel/vendor/laravel/framework/src/Illuminate/Session/Middleware/StartSession.php(121): Illuminate\\Pipeline\\Pipeline->Illuminate\\Pipeline\\{closure}()
#17 /home/denish/Desktop/Workspace/Internal/dk/attexlaravel/vendor/laravel/framework/src/Illuminate/Session/Middleware/StartSession.php(64): Illuminate\\Session\\Middleware\\StartSession->handleStatefulRequest()
#18 /home/denish/Desktop/Workspace/Internal/dk/attexlaravel/vendor/laravel/framework/src/Illuminate/Pipeline/Pipeline.php(180): Illuminate\\Session\\Middleware\\StartSession->handle()
#19 /home/denish/Desktop/Workspace/Internal/dk/attexlaravel/vendor/laravel/framework/src/Illuminate/Cookie/Middleware/AddQueuedCookiesToResponse.php(37): Illuminate\\Pipeline\\Pipeline->Illuminate\\Pipeline\\{closure}()
#20 /home/denish/Desktop/Workspace/Internal/dk/attexlaravel/vendor/laravel/framework/src/Illuminate/Pipeline/Pipeline.php(180): Illuminate\\Cookie\\Middleware\\AddQueuedCookiesToResponse->handle()
#21 /home/denish/Desktop/Workspace/Internal/dk/attexlaravel/vendor/laravel/framework/src/Illuminate/Cookie/Middleware/EncryptCookies.php(67): Illuminate\\Pipeline\\Pipeline->Illuminate\\Pipeline\\{closure}()
#22 /home/denish/Desktop/Workspace/Internal/dk/attexlaravel/vendor/laravel/framework/src/Illuminate/Pipeline/Pipeline.php(180): Illuminate\\Cookie\\Middleware\\EncryptCookies->handle()
#23 /home/denish/Desktop/Workspace/Internal/dk/attexlaravel/vendor/laravel/framework/src/Illuminate/Pipeline/Pipeline.php(116): Illuminate\\Pipeline\\Pipeline->Illuminate\\Pipeline\\{closure}()
#24 /home/denish/Desktop/Workspace/Internal/dk/attexlaravel/vendor/laravel/framework/src/Illuminate/Routing/Router.php(798): Illuminate\\Pipeline\\Pipeline->then()
#25 /home/denish/Desktop/Workspace/Internal/dk/attexlaravel/vendor/laravel/framework/src/Illuminate/Routing/Router.php(775): Illuminate\\Routing\\Router->runRouteWithinStack()
#26 /home/denish/Desktop/Workspace/Internal/dk/attexlaravel/vendor/laravel/framework/src/Illuminate/Routing/Router.php(739): Illuminate\\Routing\\Router->runRoute()
#27 /home/denish/Desktop/Workspace/Internal/dk/attexlaravel/vendor/laravel/framework/src/Illuminate/Routing/Router.php(728): Illuminate\\Routing\\Router->dispatchToRoute()
#28 /home/denish/Desktop/Workspace/Internal/dk/attexlaravel/vendor/laravel/framework/src/Illuminate/Foundation/Http/Kernel.php(200): Illuminate\\Routing\\Router->dispatch()
#29 /home/denish/Desktop/Workspace/Internal/dk/attexlaravel/vendor/laravel/framework/src/Illuminate/Pipeline/Pipeline.php(141): Illuminate\\Foundation\\Http\\Kernel->Illuminate\\Foundation\\Http\\{closure}()
#30 /home/denish/Desktop/Workspace/Internal/dk/attexlaravel/vendor/laravel/framework/src/Illuminate/Foundation/Http/Middleware/TransformsRequest.php(21): Illuminate\\Pipeline\\Pipeline->Illuminate\\Pipeline\\{closure}()
#31 /home/denish/Desktop/Workspace/Internal/dk/attexlaravel/vendor/laravel/framework/src/Illuminate/Foundation/Http/Middleware/ConvertEmptyStringsToNull.php(31): Illuminate\\Foundation\\Http\\Middleware\\TransformsRequest->handle()
#32 /home/denish/Desktop/Workspace/Internal/dk/attexlaravel/vendor/laravel/framework/src/Illuminate/Pipeline/Pipeline.php(180): Illuminate\\Foundation\\Http\\Middleware\\ConvertEmptyStringsToNull->handle()
#33 /home/denish/Desktop/Workspace/Internal/dk/attexlaravel/vendor/laravel/framework/src/Illuminate/Foundation/Http/Middleware/TransformsRequest.php(21): Illuminate\\Pipeline\\Pipeline->Illuminate\\Pipeline\\{closure}()
#34 /home/denish/Desktop/Workspace/Internal/dk/attexlaravel/vendor/laravel/framework/src/Illuminate/Foundation/Http/Middleware/TrimStrings.php(40): Illuminate\\Foundation\\Http\\Middleware\\TransformsRequest->handle()
#35 /home/denish/Desktop/Workspace/Internal/dk/attexlaravel/vendor/laravel/framework/src/Illuminate/Pipeline/Pipeline.php(180): Illuminate\\Foundation\\Http\\Middleware\\TrimStrings->handle()
#36 /home/denish/Desktop/Workspace/Internal/dk/attexlaravel/vendor/laravel/framework/src/Illuminate/Foundation/Http/Middleware/ValidatePostSize.php(27): Illuminate\\Pipeline\\Pipeline->Illuminate\\Pipeline\\{closure}()
#37 /home/denish/Desktop/Workspace/Internal/dk/attexlaravel/vendor/laravel/framework/src/Illuminate/Pipeline/Pipeline.php(180): Illuminate\\Foundation\\Http\\Middleware\\ValidatePostSize->handle()
#38 /home/denish/Desktop/Workspace/Internal/dk/attexlaravel/vendor/laravel/framework/src/Illuminate/Foundation/Http/Middleware/PreventRequestsDuringMaintenance.php(86): Illuminate\\Pipeline\\Pipeline->Illuminate\\Pipeline\\{closure}()
#39 /home/denish/Desktop/Workspace/Internal/dk/attexlaravel/vendor/laravel/framework/src/Illuminate/Pipeline/Pipeline.php(180): Illuminate\\Foundation\\Http\\Middleware\\PreventRequestsDuringMaintenance->handle()
#40 /home/denish/Desktop/Workspace/Internal/dk/attexlaravel/vendor/laravel/framework/src/Illuminate/Http/Middleware/HandleCors.php(49): Illuminate\\Pipeline\\Pipeline->Illuminate\\Pipeline\\{closure}()
#41 /home/denish/Desktop/Workspace/Internal/dk/attexlaravel/vendor/laravel/framework/src/Illuminate/Pipeline/Pipeline.php(180): Illuminate\\Http\\Middleware\\HandleCors->handle()
#42 /home/denish/Desktop/Workspace/Internal/dk/attexlaravel/vendor/laravel/framework/src/Illuminate/Http/Middleware/TrustProxies.php(39): Illuminate\\Pipeline\\Pipeline->Illuminate\\Pipeline\\{closure}()
#43 /home/denish/Desktop/Workspace/Internal/dk/attexlaravel/vendor/laravel/framework/src/Illuminate/Pipeline/Pipeline.php(180): Illuminate\\Http\\Middleware\\TrustProxies->handle()
#44 /home/denish/Desktop/Workspace/Internal/dk/attexlaravel/vendor/laravel/framework/src/Illuminate/Pipeline/Pipeline.php(116): Illuminate\\Pipeline\\Pipeline->Illuminate\\Pipeline\\{closure}()
#45 /home/denish/Desktop/Workspace/Internal/dk/attexlaravel/vendor/laravel/framework/src/Illuminate/Foundation/Http/Kernel.php(175): Illuminate\\Pipeline\\Pipeline->then()
#46 /home/denish/Desktop/Workspace/Internal/dk/attexlaravel/vendor/laravel/framework/src/Illuminate/Foundation/Http/Kernel.php(144): Illuminate\\Foundation\\Http\\Kernel->sendRequestThroughRouter()
#47 /home/denish/Desktop/Workspace/Internal/dk/attexlaravel/public/index.php(52): Illuminate\\Foundation\\Http\\Kernel->handle()
#48 /home/denish/Desktop/Workspace/Internal/dk/attexlaravel/vendor/laravel/framework/src/Illuminate/Foundation/resources/server.php(16): require_once('...')
#49 {main}
"} 
[2023-05-30 12:56:20] local.ERROR: Vite manifest not found at: /home/denish/Desktop/Workspace/Internal/dk/attexlaravel/public/build/manifest.json {"view":{"view":"/home/denish/Desktop/Workspace/Internal/dk/attexlaravel/resources/views/index.blade.php","data":[]},"exception":"[object] (Spatie\\LaravelIgnition\\Exceptions\\ViewException(code: 0): Vite manifest not found at: /home/denish/Desktop/Workspace/Internal/dk/attexlaravel/public/build/manifest.json at /home/denish/Desktop/Workspace/Internal/dk/attexlaravel/vendor/laravel/framework/src/Illuminate/Foundation/Vite.php:684)
[stacktrace]
#0 /home/denish/Desktop/Workspace/Internal/dk/attexlaravel/vendor/laravel/framework/src/Illuminate/Foundation/Vite.php(273): Illuminate\\Foundation\\Vite->manifest()
#1 /home/denish/Desktop/Workspace/Internal/dk/attexlaravel/resources/views/index.blade.php(358): Illuminate\\Foundation\\Vite->__invoke()
#2 /home/denish/Desktop/Workspace/Internal/dk/attexlaravel/vendor/laravel/framework/src/Illuminate/Filesystem/Filesystem.php(124): require('...')
#3 /home/denish/Desktop/Workspace/Internal/dk/attexlaravel/vendor/laravel/framework/src/Illuminate/Filesystem/Filesystem.php(125): Illuminate\\Filesystem\\Filesystem::Illuminate\\Filesystem\\{closure}()
#4 /home/denish/Desktop/Workspace/Internal/dk/attexlaravel/vendor/laravel/framework/src/Illuminate/View/Engines/PhpEngine.php(58): Illuminate\\Filesystem\\Filesystem->getRequire()
#5 /home/denish/Desktop/Workspace/Internal/dk/attexlaravel/vendor/laravel/framework/src/Illuminate/View/Engines/CompilerEngine.php(70): Illuminate\\View\\Engines\\PhpEngine->evaluatePath()
#6 /home/denish/Desktop/Workspace/Internal/dk/attexlaravel/vendor/laravel/framework/src/Illuminate/View/View.php(195): Illuminate\\View\\Engines\\CompilerEngine->get()
#7 /home/denish/Desktop/Workspace/Internal/dk/attexlaravel/vendor/laravel/framework/src/Illuminate/View/View.php(178): Illuminate\\View\\View->getContents()
#8 /home/denish/Desktop/Workspace/Internal/dk/attexlaravel/vendor/laravel/framework/src/Illuminate/View/View.php(147): Illuminate\\View\\View->renderContents()
#9 /home/denish/Desktop/Workspace/Internal/dk/attexlaravel/vendor/laravel/framework/src/Illuminate/Http/Response.php(69): Illuminate\\View\\View->render()
#10 /home/denish/Desktop/Workspace/Internal/dk/attexlaravel/vendor/laravel/framework/src/Illuminate/Http/Response.php(35): Illuminate\\Http\\Response->setContent()
#11 /home/denish/Desktop/Workspace/Internal/dk/attexlaravel/vendor/laravel/framework/src/Illuminate/Routing/Router.php(905): Illuminate\\Http\\Response->__construct()
#12 /home/denish/Desktop/Workspace/Internal/dk/attexlaravel/vendor/laravel/framework/src/Illuminate/Routing/Router.php(874): Illuminate\\Routing\\Router::toResponse()
#13 /home/denish/Desktop/Workspace/Internal/dk/attexlaravel/vendor/laravel/framework/src/Illuminate/Routing/Router.php(797): Illuminate\\Routing\\Router->prepareResponse()
#14 /home/denish/Desktop/Workspace/Internal/dk/attexlaravel/vendor/laravel/framework/src/Illuminate/Pipeline/Pipeline.php(141): Illuminate\\Routing\\Router->Illuminate\\Routing\\{closure}()
#15 /home/denish/Desktop/Workspace/Internal/dk/attexlaravel/vendor/laravel/framework/src/Illuminate/Routing/Middleware/SubstituteBindings.php(50): Illuminate\\Pipeline\\Pipeline->Illuminate\\Pipeline\\{closure}()
#16 /home/denish/Desktop/Workspace/Internal/dk/attexlaravel/vendor/laravel/framework/src/Illuminate/Pipeline/Pipeline.php(180): Illuminate\\Routing\\Middleware\\SubstituteBindings->handle()
#17 /home/denish/Desktop/Workspace/Internal/dk/attexlaravel/vendor/laravel/framework/src/Illuminate/Foundation/Http/Middleware/VerifyCsrfToken.php(78): Illuminate\\Pipeline\\Pipeline->Illuminate\\Pipeline\\{closure}()
#18 /home/denish/Desktop/Workspace/Internal/dk/attexlaravel/vendor/laravel/framework/src/Illuminate/Pipeline/Pipeline.php(180): Illuminate\\Foundation\\Http\\Middleware\\VerifyCsrfToken->handle()
#19 /home/denish/Desktop/Workspace/Internal/dk/attexlaravel/vendor/laravel/framework/src/Illuminate/View/Middleware/ShareErrorsFromSession.php(49): Illuminate\\Pipeline\\Pipeline->Illuminate\\Pipeline\\{closure}()
#20 /home/denish/Desktop/Workspace/Internal/dk/attexlaravel/vendor/laravel/framework/src/Illuminate/Pipeline/Pipeline.php(180): Illuminate\\View\\Middleware\\ShareErrorsFromSession->handle()
#21 /home/denish/Desktop/Workspace/Internal/dk/attexlaravel/vendor/laravel/framework/src/Illuminate/Session/Middleware/StartSession.php(121): Illuminate\\Pipeline\\Pipeline->Illuminate\\Pipeline\\{closure}()
#22 /home/denish/Desktop/Workspace/Internal/dk/attexlaravel/vendor/laravel/framework/src/Illuminate/Session/Middleware/StartSession.php(64): Illuminate\\Session\\Middleware\\StartSession->handleStatefulRequest()
#23 /home/denish/Desktop/Workspace/Internal/dk/attexlaravel/vendor/laravel/framework/src/Illuminate/Pipeline/Pipeline.php(180): Illuminate\\Session\\Middleware\\StartSession->handle()
#24 /home/denish/Desktop/Workspace/Internal/dk/attexlaravel/vendor/laravel/framework/src/Illuminate/Cookie/Middleware/AddQueuedCookiesToResponse.php(37): Illuminate\\Pipeline\\Pipeline->Illuminate\\Pipeline\\{closure}()
#25 /home/denish/Desktop/Workspace/Internal/dk/attexlaravel/vendor/laravel/framework/src/Illuminate/Pipeline/Pipeline.php(180): Illuminate\\Cookie\\Middleware\\AddQueuedCookiesToResponse->handle()
#26 /home/denish/Desktop/Workspace/Internal/dk/attexlaravel/vendor/laravel/framework/src/Illuminate/Cookie/Middleware/EncryptCookies.php(67): Illuminate\\Pipeline\\Pipeline->Illuminate\\Pipeline\\{closure}()
#27 /home/denish/Desktop/Workspace/Internal/dk/attexlaravel/vendor/laravel/framework/src/Illuminate/Pipeline/Pipeline.php(180): Illuminate\\Cookie\\Middleware\\EncryptCookies->handle()
#28 /home/denish/Desktop/Workspace/Internal/dk/attexlaravel/vendor/laravel/framework/src/Illuminate/Pipeline/Pipeline.php(116): Illuminate\\Pipeline\\Pipeline->Illuminate\\Pipeline\\{closure}()
#29 /home/denish/Desktop/Workspace/Internal/dk/attexlaravel/vendor/laravel/framework/src/Illuminate/Routing/Router.php(798): Illuminate\\Pipeline\\Pipeline->then()
#30 /home/denish/Desktop/Workspace/Internal/dk/attexlaravel/vendor/laravel/framework/src/Illuminate/Routing/Router.php(775): Illuminate\\Routing\\Router->runRouteWithinStack()
#31 /home/denish/Desktop/Workspace/Internal/dk/attexlaravel/vendor/laravel/framework/src/Illuminate/Routing/Router.php(739): Illuminate\\Routing\\Router->runRoute()
#32 /home/denish/Desktop/Workspace/Internal/dk/attexlaravel/vendor/laravel/framework/src/Illuminate/Routing/Router.php(728): Illuminate\\Routing\\Router->dispatchToRoute()
#33 /home/denish/Desktop/Workspace/Internal/dk/attexlaravel/vendor/laravel/framework/src/Illuminate/Foundation/Http/Kernel.php(200): Illuminate\\Routing\\Router->dispatch()
#34 /home/denish/Desktop/Workspace/Internal/dk/attexlaravel/vendor/laravel/framework/src/Illuminate/Pipeline/Pipeline.php(141): Illuminate\\Foundation\\Http\\Kernel->Illuminate\\Foundation\\Http\\{closure}()
#35 /home/denish/Desktop/Workspace/Internal/dk/attexlaravel/vendor/laravel/framework/src/Illuminate/Foundation/Http/Middleware/TransformsRequest.php(21): Illuminate\\Pipeline\\Pipeline->Illuminate\\Pipeline\\{closure}()
#36 /home/denish/Desktop/Workspace/Internal/dk/attexlaravel/vendor/laravel/framework/src/Illuminate/Foundation/Http/Middleware/ConvertEmptyStringsToNull.php(31): Illuminate\\Foundation\\Http\\Middleware\\TransformsRequest->handle()
#37 /home/denish/Desktop/Workspace/Internal/dk/attexlaravel/vendor/laravel/framework/src/Illuminate/Pipeline/Pipeline.php(180): Illuminate\\Foundation\\Http\\Middleware\\ConvertEmptyStringsToNull->handle()
#38 /home/denish/Desktop/Workspace/Internal/dk/attexlaravel/vendor/laravel/framework/src/Illuminate/Foundation/Http/Middleware/TransformsRequest.php(21): Illuminate\\Pipeline\\Pipeline->Illuminate\\Pipeline\\{closure}()
#39 /home/denish/Desktop/Workspace/Internal/dk/attexlaravel/vendor/laravel/framework/src/Illuminate/Foundation/Http/Middleware/TrimStrings.php(40): Illuminate\\Foundation\\Http\\Middleware\\TransformsRequest->handle()
#40 /home/denish/Desktop/Workspace/Internal/dk/attexlaravel/vendor/laravel/framework/src/Illuminate/Pipeline/Pipeline.php(180): Illuminate\\Foundation\\Http\\Middleware\\TrimStrings->handle()
#41 /home/denish/Desktop/Workspace/Internal/dk/attexlaravel/vendor/laravel/framework/src/Illuminate/Foundation/Http/Middleware/ValidatePostSize.php(27): Illuminate\\Pipeline\\Pipeline->Illuminate\\Pipeline\\{closure}()
#42 /home/denish/Desktop/Workspace/Internal/dk/attexlaravel/vendor/laravel/framework/src/Illuminate/Pipeline/Pipeline.php(180): Illuminate\\Foundation\\Http\\Middleware\\ValidatePostSize->handle()
#43 /home/denish/Desktop/Workspace/Internal/dk/attexlaravel/vendor/laravel/framework/src/Illuminate/Foundation/Http/Middleware/PreventRequestsDuringMaintenance.php(86): Illuminate\\Pipeline\\Pipeline->Illuminate\\Pipeline\\{closure}()
#44 /home/denish/Desktop/Workspace/Internal/dk/attexlaravel/vendor/laravel/framework/src/Illuminate/Pipeline/Pipeline.php(180): Illuminate\\Foundation\\Http\\Middleware\\PreventRequestsDuringMaintenance->handle()
#45 /home/denish/Desktop/Workspace/Internal/dk/attexlaravel/vendor/laravel/framework/src/Illuminate/Http/Middleware/HandleCors.php(49): Illuminate\\Pipeline\\Pipeline->Illuminate\\Pipeline\\{closure}()
#46 /home/denish/Desktop/Workspace/Internal/dk/attexlaravel/vendor/laravel/framework/src/Illuminate/Pipeline/Pipeline.php(180): Illuminate\\Http\\Middleware\\HandleCors->handle()
#47 /home/denish/Desktop/Workspace/Internal/dk/attexlaravel/vendor/laravel/framework/src/Illuminate/Http/Middleware/TrustProxies.php(39): Illuminate\\Pipeline\\Pipeline->Illuminate\\Pipeline\\{closure}()
#48 /home/denish/Desktop/Workspace/Internal/dk/attexlaravel/vendor/laravel/framework/src/Illuminate/Pipeline/Pipeline.php(180): Illuminate\\Http\\Middleware\\TrustProxies->handle()
#49 /home/denish/Desktop/Workspace/Internal/dk/attexlaravel/vendor/laravel/framework/src/Illuminate/Pipeline/Pipeline.php(116): Illuminate\\Pipeline\\Pipeline->Illuminate\\Pipeline\\{closure}()
#50 /home/denish/Desktop/Workspace/Internal/dk/attexlaravel/vendor/laravel/framework/src/Illuminate/Foundation/Http/Kernel.php(175): Illuminate\\Pipeline\\Pipeline->then()
#51 /home/denish/Desktop/Workspace/Internal/dk/attexlaravel/vendor/laravel/framework/src/Illuminate/Foundation/Http/Kernel.php(144): Illuminate\\Foundation\\Http\\Kernel->sendRequestThroughRouter()
#52 /home/denish/Desktop/Workspace/Internal/dk/attexlaravel/public/index.php(52): Illuminate\\Foundation\\Http\\Kernel->handle()
#53 /home/denish/Desktop/Workspace/Internal/dk/attexlaravel/vendor/laravel/framework/src/Illuminate/Foundation/resources/server.php(16): require_once('...')
#54 {main}

[previous exception] [object] (Exception(code: 0): Vite manifest not found at: /home/denish/Desktop/Workspace/Internal/dk/attexlaravel/public/build/manifest.json at /home/denish/Desktop/Workspace/Internal/dk/attexlaravel/vendor/laravel/framework/src/Illuminate/Foundation/Vite.php:684)
[stacktrace]
#0 /home/denish/Desktop/Workspace/Internal/dk/attexlaravel/vendor/laravel/framework/src/Illuminate/Foundation/Vite.php(273): Illuminate\\Foundation\\Vite->manifest()
#1 /home/denish/Desktop/Workspace/Internal/dk/attexlaravel/storage/framework/views/99227b069eb3e0e687e161553c4d511f.php(356): Illuminate\\Foundation\\Vite->__invoke()
#2 /home/denish/Desktop/Workspace/Internal/dk/attexlaravel/vendor/laravel/framework/src/Illuminate/Filesystem/Filesystem.php(124): require('...')
#3 /home/denish/Desktop/Workspace/Internal/dk/attexlaravel/vendor/laravel/framework/src/Illuminate/Filesystem/Filesystem.php(125): Illuminate\\Filesystem\\Filesystem::Illuminate\\Filesystem\\{closure}()
#4 /home/denish/Desktop/Workspace/Internal/dk/attexlaravel/vendor/laravel/framework/src/Illuminate/View/Engines/PhpEngine.php(58): Illuminate\\Filesystem\\Filesystem->getRequire()
#5 /home/denish/Desktop/Workspace/Internal/dk/attexlaravel/vendor/laravel/framework/src/Illuminate/View/Engines/CompilerEngine.php(70): Illuminate\\View\\Engines\\PhpEngine->evaluatePath()
#6 /home/denish/Desktop/Workspace/Internal/dk/attexlaravel/vendor/laravel/framework/src/Illuminate/View/View.php(195): Illuminate\\View\\Engines\\CompilerEngine->get()
#7 /home/denish/Desktop/Workspace/Internal/dk/attexlaravel/vendor/laravel/framework/src/Illuminate/View/View.php(178): Illuminate\\View\\View->getContents()
#8 /home/denish/Desktop/Workspace/Internal/dk/attexlaravel/vendor/laravel/framework/src/Illuminate/View/View.php(147): Illuminate\\View\\View->renderContents()
#9 /home/denish/Desktop/Workspace/Internal/dk/attexlaravel/vendor/laravel/framework/src/Illuminate/Http/Response.php(69): Illuminate\\View\\View->render()
#10 /home/denish/Desktop/Workspace/Internal/dk/attexlaravel/vendor/laravel/framework/src/Illuminate/Http/Response.php(35): Illuminate\\Http\\Response->setContent()
#11 /home/denish/Desktop/Workspace/Internal/dk/attexlaravel/vendor/laravel/framework/src/Illuminate/Routing/Router.php(905): Illuminate\\Http\\Response->__construct()
#12 /home/denish/Desktop/Workspace/Internal/dk/attexlaravel/vendor/laravel/framework/src/Illuminate/Routing/Router.php(874): Illuminate\\Routing\\Router::toResponse()
#13 /home/denish/Desktop/Workspace/Internal/dk/attexlaravel/vendor/laravel/framework/src/Illuminate/Routing/Router.php(797): Illuminate\\Routing\\Router->prepareResponse()
#14 /home/denish/Desktop/Workspace/Internal/dk/attexlaravel/vendor/laravel/framework/src/Illuminate/Pipeline/Pipeline.php(141): Illuminate\\Routing\\Router->Illuminate\\Routing\\{closure}()
#15 /home/denish/Desktop/Workspace/Internal/dk/attexlaravel/vendor/laravel/framework/src/Illuminate/Routing/Middleware/SubstituteBindings.php(50): Illuminate\\Pipeline\\Pipeline->Illuminate\\Pipeline\\{closure}()
#16 /home/denish/Desktop/Workspace/Internal/dk/attexlaravel/vendor/laravel/framework/src/Illuminate/Pipeline/Pipeline.php(180): Illuminate\\Routing\\Middleware\\SubstituteBindings->handle()
#17 /home/denish/Desktop/Workspace/Internal/dk/attexlaravel/vendor/laravel/framework/src/Illuminate/Foundation/Http/Middleware/VerifyCsrfToken.php(78): Illuminate\\Pipeline\\Pipeline->Illuminate\\Pipeline\\{closure}()
#18 /home/denish/Desktop/Workspace/Internal/dk/attexlaravel/vendor/laravel/framework/src/Illuminate/Pipeline/Pipeline.php(180): Illuminate\\Foundation\\Http\\Middleware\\VerifyCsrfToken->handle()
#19 /home/denish/Desktop/Workspace/Internal/dk/attexlaravel/vendor/laravel/framework/src/Illuminate/View/Middleware/ShareErrorsFromSession.php(49): Illuminate\\Pipeline\\Pipeline->Illuminate\\Pipeline\\{closure}()
#20 /home/denish/Desktop/Workspace/Internal/dk/attexlaravel/vendor/laravel/framework/src/Illuminate/Pipeline/Pipeline.php(180): Illuminate\\View\\Middleware\\ShareErrorsFromSession->handle()
#21 /home/denish/Desktop/Workspace/Internal/dk/attexlaravel/vendor/laravel/framework/src/Illuminate/Session/Middleware/StartSession.php(121): Illuminate\\Pipeline\\Pipeline->Illuminate\\Pipeline\\{closure}()
#22 /home/denish/Desktop/Workspace/Internal/dk/attexlaravel/vendor/laravel/framework/src/Illuminate/Session/Middleware/StartSession.php(64): Illuminate\\Session\\Middleware\\StartSession->handleStatefulRequest()
#23 /home/denish/Desktop/Workspace/Internal/dk/attexlaravel/vendor/laravel/framework/src/Illuminate/Pipeline/Pipeline.php(180): Illuminate\\Session\\Middleware\\StartSession->handle()
#24 /home/denish/Desktop/Workspace/Internal/dk/attexlaravel/vendor/laravel/framework/src/Illuminate/Cookie/Middleware/AddQueuedCookiesToResponse.php(37): Illuminate\\Pipeline\\Pipeline->Illuminate\\Pipeline\\{closure}()
#25 /home/denish/Desktop/Workspace/Internal/dk/attexlaravel/vendor/laravel/framework/src/Illuminate/Pipeline/Pipeline.php(180): Illuminate\\Cookie\\Middleware\\AddQueuedCookiesToResponse->handle()
#26 /home/denish/Desktop/Workspace/Internal/dk/attexlaravel/vendor/laravel/framework/src/Illuminate/Cookie/Middleware/EncryptCookies.php(67): Illuminate\\Pipeline\\Pipeline->Illuminate\\Pipeline\\{closure}()
#27 /home/denish/Desktop/Workspace/Internal/dk/attexlaravel/vendor/laravel/framework/src/Illuminate/Pipeline/Pipeline.php(180): Illuminate\\Cookie\\Middleware\\EncryptCookies->handle()
#28 /home/denish/Desktop/Workspace/Internal/dk/attexlaravel/vendor/laravel/framework/src/Illuminate/Pipeline/Pipeline.php(116): Illuminate\\Pipeline\\Pipeline->Illuminate\\Pipeline\\{closure}()
#29 /home/denish/Desktop/Workspace/Internal/dk/attexlaravel/vendor/laravel/framework/src/Illuminate/Routing/Router.php(798): Illuminate\\Pipeline\\Pipeline->then()
#30 /home/denish/Desktop/Workspace/Internal/dk/attexlaravel/vendor/laravel/framework/src/Illuminate/Routing/Router.php(775): Illuminate\\Routing\\Router->runRouteWithinStack()
#31 /home/denish/Desktop/Workspace/Internal/dk/attexlaravel/vendor/laravel/framework/src/Illuminate/Routing/Router.php(739): Illuminate\\Routing\\Router->runRoute()
#32 /home/denish/Desktop/Workspace/Internal/dk/attexlaravel/vendor/laravel/framework/src/Illuminate/Routing/Router.php(728): Illuminate\\Routing\\Router->dispatchToRoute()
#33 /home/denish/Desktop/Workspace/Internal/dk/attexlaravel/vendor/laravel/framework/src/Illuminate/Foundation/Http/Kernel.php(200): Illuminate\\Routing\\Router->dispatch()
#34 /home/denish/Desktop/Workspace/Internal/dk/attexlaravel/vendor/laravel/framework/src/Illuminate/Pipeline/Pipeline.php(141): Illuminate\\Foundation\\Http\\Kernel->Illuminate\\Foundation\\Http\\{closure}()
#35 /home/denish/Desktop/Workspace/Internal/dk/attexlaravel/vendor/laravel/framework/src/Illuminate/Foundation/Http/Middleware/TransformsRequest.php(21): Illuminate\\Pipeline\\Pipeline->Illuminate\\Pipeline\\{closure}()
#36 /home/denish/Desktop/Workspace/Internal/dk/attexlaravel/vendor/laravel/framework/src/Illuminate/Foundation/Http/Middleware/ConvertEmptyStringsToNull.php(31): Illuminate\\Foundation\\Http\\Middleware\\TransformsRequest->handle()
#37 /home/denish/Desktop/Workspace/Internal/dk/attexlaravel/vendor/laravel/framework/src/Illuminate/Pipeline/Pipeline.php(180): Illuminate\\Foundation\\Http\\Middleware\\ConvertEmptyStringsToNull->handle()
#38 /home/denish/Desktop/Workspace/Internal/dk/attexlaravel/vendor/laravel/framework/src/Illuminate/Foundation/Http/Middleware/TransformsRequest.php(21): Illuminate\\Pipeline\\Pipeline->Illuminate\\Pipeline\\{closure}()
#39 /home/denish/Desktop/Workspace/Internal/dk/attexlaravel/vendor/laravel/framework/src/Illuminate/Foundation/Http/Middleware/TrimStrings.php(40): Illuminate\\Foundation\\Http\\Middleware\\TransformsRequest->handle()
#40 /home/denish/Desktop/Workspace/Internal/dk/attexlaravel/vendor/laravel/framework/src/Illuminate/Pipeline/Pipeline.php(180): Illuminate\\Foundation\\Http\\Middleware\\TrimStrings->handle()
#41 /home/denish/Desktop/Workspace/Internal/dk/attexlaravel/vendor/laravel/framework/src/Illuminate/Foundation/Http/Middleware/ValidatePostSize.php(27): Illuminate\\Pipeline\\Pipeline->Illuminate\\Pipeline\\{closure}()
#42 /home/denish/Desktop/Workspace/Internal/dk/attexlaravel/vendor/laravel/framework/src/Illuminate/Pipeline/Pipeline.php(180): Illuminate\\Foundation\\Http\\Middleware\\ValidatePostSize->handle()
#43 /home/denish/Desktop/Workspace/Internal/dk/attexlaravel/vendor/laravel/framework/src/Illuminate/Foundation/Http/Middleware/PreventRequestsDuringMaintenance.php(86): Illuminate\\Pipeline\\Pipeline->Illuminate\\Pipeline\\{closure}()
#44 /home/denish/Desktop/Workspace/Internal/dk/attexlaravel/vendor/laravel/framework/src/Illuminate/Pipeline/Pipeline.php(180): Illuminate\\Foundation\\Http\\Middleware\\PreventRequestsDuringMaintenance->handle()
#45 /home/denish/Desktop/Workspace/Internal/dk/attexlaravel/vendor/laravel/framework/src/Illuminate/Http/Middleware/HandleCors.php(49): Illuminate\\Pipeline\\Pipeline->Illuminate\\Pipeline\\{closure}()
#46 /home/denish/Desktop/Workspace/Internal/dk/attexlaravel/vendor/laravel/framework/src/Illuminate/Pipeline/Pipeline.php(180): Illuminate\\Http\\Middleware\\HandleCors->handle()
#47 /home/denish/Desktop/Workspace/Internal/dk/attexlaravel/vendor/laravel/framework/src/Illuminate/Http/Middleware/TrustProxies.php(39): Illuminate\\Pipeline\\Pipeline->Illuminate\\Pipeline\\{closure}()
#48 /home/denish/Desktop/Workspace/Internal/dk/attexlaravel/vendor/laravel/framework/src/Illuminate/Pipeline/Pipeline.php(180): Illuminate\\Http\\Middleware\\TrustProxies->handle()
#49 /home/denish/Desktop/Workspace/Internal/dk/attexlaravel/vendor/laravel/framework/src/Illuminate/Pipeline/Pipeline.php(116): Illuminate\\Pipeline\\Pipeline->Illuminate\\Pipeline\\{closure}()
#50 /home/denish/Desktop/Workspace/Internal/dk/attexlaravel/vendor/laravel/framework/src/Illuminate/Foundation/Http/Kernel.php(175): Illuminate\\Pipeline\\Pipeline->then()
#51 /home/denish/Desktop/Workspace/Internal/dk/attexlaravel/vendor/laravel/framework/src/Illuminate/Foundation/Http/Kernel.php(144): Illuminate\\Foundation\\Http\\Kernel->sendRequestThroughRouter()
#52 /home/denish/Desktop/Workspace/Internal/dk/attexlaravel/public/index.php(52): Illuminate\\Foundation\\Http\\Kernel->handle()
#53 /home/denish/Desktop/Workspace/Internal/dk/attexlaravel/vendor/laravel/framework/src/Illuminate/Foundation/resources/server.php(16): require_once('...')
#54 {main}
"} 
[2023-05-30 12:58:20] local.ERROR: View [form-advanced.html] not found. {"exception":"[object] (InvalidArgumentException(code: 0): View [form-advanced.html] not found. at /home/denish/Desktop/Workspace/Internal/dk/attexlaravel/vendor/laravel/framework/src/Illuminate/View/FileViewFinder.php:137)
[stacktrace]
#0 /home/denish/Desktop/Workspace/Internal/dk/attexlaravel/vendor/laravel/framework/src/Illuminate/View/FileViewFinder.php(79): Illuminate\\View\\FileViewFinder->findInPaths()
#1 /home/denish/Desktop/Workspace/Internal/dk/attexlaravel/vendor/laravel/framework/src/Illuminate/View/Factory.php(138): Illuminate\\View\\FileViewFinder->find()
#2 /home/denish/Desktop/Workspace/Internal/dk/attexlaravel/vendor/laravel/framework/src/Illuminate/Foundation/helpers.php(1017): Illuminate\\View\\Factory->make()
#3 /home/denish/Desktop/Workspace/Internal/dk/attexlaravel/app/Http/Controllers/RoutingController.php(48): view()
#4 /home/denish/Desktop/Workspace/Internal/dk/attexlaravel/vendor/laravel/framework/src/Illuminate/Routing/Controller.php(54): App\\Http\\Controllers\\RoutingController->root()
#5 /home/denish/Desktop/Workspace/Internal/dk/attexlaravel/vendor/laravel/framework/src/Illuminate/Routing/ControllerDispatcher.php(43): Illuminate\\Routing\\Controller->callAction()
#6 /home/denish/Desktop/Workspace/Internal/dk/attexlaravel/vendor/laravel/framework/src/Illuminate/Routing/Route.php(260): Illuminate\\Routing\\ControllerDispatcher->dispatch()
#7 /home/denish/Desktop/Workspace/Internal/dk/attexlaravel/vendor/laravel/framework/src/Illuminate/Routing/Route.php(205): Illuminate\\Routing\\Route->runController()
#8 /home/denish/Desktop/Workspace/Internal/dk/attexlaravel/vendor/laravel/framework/src/Illuminate/Routing/Router.php(797): Illuminate\\Routing\\Route->run()
#9 /home/denish/Desktop/Workspace/Internal/dk/attexlaravel/vendor/laravel/framework/src/Illuminate/Pipeline/Pipeline.php(141): Illuminate\\Routing\\Router->Illuminate\\Routing\\{closure}()
#10 /home/denish/Desktop/Workspace/Internal/dk/attexlaravel/vendor/laravel/framework/src/Illuminate/Routing/Middleware/SubstituteBindings.php(50): Illuminate\\Pipeline\\Pipeline->Illuminate\\Pipeline\\{closure}()
#11 /home/denish/Desktop/Workspace/Internal/dk/attexlaravel/vendor/laravel/framework/src/Illuminate/Pipeline/Pipeline.php(180): Illuminate\\Routing\\Middleware\\SubstituteBindings->handle()
#12 /home/denish/Desktop/Workspace/Internal/dk/attexlaravel/vendor/laravel/framework/src/Illuminate/Foundation/Http/Middleware/VerifyCsrfToken.php(78): Illuminate\\Pipeline\\Pipeline->Illuminate\\Pipeline\\{closure}()
#13 /home/denish/Desktop/Workspace/Internal/dk/attexlaravel/vendor/laravel/framework/src/Illuminate/Pipeline/Pipeline.php(180): Illuminate\\Foundation\\Http\\Middleware\\VerifyCsrfToken->handle()
#14 /home/denish/Desktop/Workspace/Internal/dk/attexlaravel/vendor/laravel/framework/src/Illuminate/View/Middleware/ShareErrorsFromSession.php(49): Illuminate\\Pipeline\\Pipeline->Illuminate\\Pipeline\\{closure}()
#15 /home/denish/Desktop/Workspace/Internal/dk/attexlaravel/vendor/laravel/framework/src/Illuminate/Pipeline/Pipeline.php(180): Illuminate\\View\\Middleware\\ShareErrorsFromSession->handle()
#16 /home/denish/Desktop/Workspace/Internal/dk/attexlaravel/vendor/laravel/framework/src/Illuminate/Session/Middleware/StartSession.php(121): Illuminate\\Pipeline\\Pipeline->Illuminate\\Pipeline\\{closure}()
#17 /home/denish/Desktop/Workspace/Internal/dk/attexlaravel/vendor/laravel/framework/src/Illuminate/Session/Middleware/StartSession.php(64): Illuminate\\Session\\Middleware\\StartSession->handleStatefulRequest()
#18 /home/denish/Desktop/Workspace/Internal/dk/attexlaravel/vendor/laravel/framework/src/Illuminate/Pipeline/Pipeline.php(180): Illuminate\\Session\\Middleware\\StartSession->handle()
#19 /home/denish/Desktop/Workspace/Internal/dk/attexlaravel/vendor/laravel/framework/src/Illuminate/Cookie/Middleware/AddQueuedCookiesToResponse.php(37): Illuminate\\Pipeline\\Pipeline->Illuminate\\Pipeline\\{closure}()
#20 /home/denish/Desktop/Workspace/Internal/dk/attexlaravel/vendor/laravel/framework/src/Illuminate/Pipeline/Pipeline.php(180): Illuminate\\Cookie\\Middleware\\AddQueuedCookiesToResponse->handle()
#21 /home/denish/Desktop/Workspace/Internal/dk/attexlaravel/vendor/laravel/framework/src/Illuminate/Cookie/Middleware/EncryptCookies.php(67): Illuminate\\Pipeline\\Pipeline->Illuminate\\Pipeline\\{closure}()
#22 /home/denish/Desktop/Workspace/Internal/dk/attexlaravel/vendor/laravel/framework/src/Illuminate/Pipeline/Pipeline.php(180): Illuminate\\Cookie\\Middleware\\EncryptCookies->handle()
#23 /home/denish/Desktop/Workspace/Internal/dk/attexlaravel/vendor/laravel/framework/src/Illuminate/Pipeline/Pipeline.php(116): Illuminate\\Pipeline\\Pipeline->Illuminate\\Pipeline\\{closure}()
#24 /home/denish/Desktop/Workspace/Internal/dk/attexlaravel/vendor/laravel/framework/src/Illuminate/Routing/Router.php(798): Illuminate\\Pipeline\\Pipeline->then()
#25 /home/denish/Desktop/Workspace/Internal/dk/attexlaravel/vendor/laravel/framework/src/Illuminate/Routing/Router.php(775): Illuminate\\Routing\\Router->runRouteWithinStack()
#26 /home/denish/Desktop/Workspace/Internal/dk/attexlaravel/vendor/laravel/framework/src/Illuminate/Routing/Router.php(739): Illuminate\\Routing\\Router->runRoute()
#27 /home/denish/Desktop/Workspace/Internal/dk/attexlaravel/vendor/laravel/framework/src/Illuminate/Routing/Router.php(728): Illuminate\\Routing\\Router->dispatchToRoute()
#28 /home/denish/Desktop/Workspace/Internal/dk/attexlaravel/vendor/laravel/framework/src/Illuminate/Foundation/Http/Kernel.php(200): Illuminate\\Routing\\Router->dispatch()
#29 /home/denish/Desktop/Workspace/Internal/dk/attexlaravel/vendor/laravel/framework/src/Illuminate/Pipeline/Pipeline.php(141): Illuminate\\Foundation\\Http\\Kernel->Illuminate\\Foundation\\Http\\{closure}()
#30 /home/denish/Desktop/Workspace/Internal/dk/attexlaravel/vendor/laravel/framework/src/Illuminate/Foundation/Http/Middleware/TransformsRequest.php(21): Illuminate\\Pipeline\\Pipeline->Illuminate\\Pipeline\\{closure}()
#31 /home/denish/Desktop/Workspace/Internal/dk/attexlaravel/vendor/laravel/framework/src/Illuminate/Foundation/Http/Middleware/ConvertEmptyStringsToNull.php(31): Illuminate\\Foundation\\Http\\Middleware\\TransformsRequest->handle()
#32 /home/denish/Desktop/Workspace/Internal/dk/attexlaravel/vendor/laravel/framework/src/Illuminate/Pipeline/Pipeline.php(180): Illuminate\\Foundation\\Http\\Middleware\\ConvertEmptyStringsToNull->handle()
#33 /home/denish/Desktop/Workspace/Internal/dk/attexlaravel/vendor/laravel/framework/src/Illuminate/Foundation/Http/Middleware/TransformsRequest.php(21): Illuminate\\Pipeline\\Pipeline->Illuminate\\Pipeline\\{closure}()
#34 /home/denish/Desktop/Workspace/Internal/dk/attexlaravel/vendor/laravel/framework/src/Illuminate/Foundation/Http/Middleware/TrimStrings.php(40): Illuminate\\Foundation\\Http\\Middleware\\TransformsRequest->handle()
#35 /home/denish/Desktop/Workspace/Internal/dk/attexlaravel/vendor/laravel/framework/src/Illuminate/Pipeline/Pipeline.php(180): Illuminate\\Foundation\\Http\\Middleware\\TrimStrings->handle()
#36 /home/denish/Desktop/Workspace/Internal/dk/attexlaravel/vendor/laravel/framework/src/Illuminate/Foundation/Http/Middleware/ValidatePostSize.php(27): Illuminate\\Pipeline\\Pipeline->Illuminate\\Pipeline\\{closure}()
#37 /home/denish/Desktop/Workspace/Internal/dk/attexlaravel/vendor/laravel/framework/src/Illuminate/Pipeline/Pipeline.php(180): Illuminate\\Foundation\\Http\\Middleware\\ValidatePostSize->handle()
#38 /home/denish/Desktop/Workspace/Internal/dk/attexlaravel/vendor/laravel/framework/src/Illuminate/Foundation/Http/Middleware/PreventRequestsDuringMaintenance.php(86): Illuminate\\Pipeline\\Pipeline->Illuminate\\Pipeline\\{closure}()
#39 /home/denish/Desktop/Workspace/Internal/dk/attexlaravel/vendor/laravel/framework/src/Illuminate/Pipeline/Pipeline.php(180): Illuminate\\Foundation\\Http\\Middleware\\PreventRequestsDuringMaintenance->handle()
#40 /home/denish/Desktop/Workspace/Internal/dk/attexlaravel/vendor/laravel/framework/src/Illuminate/Http/Middleware/HandleCors.php(49): Illuminate\\Pipeline\\Pipeline->Illuminate\\Pipeline\\{closure}()
#41 /home/denish/Desktop/Workspace/Internal/dk/attexlaravel/vendor/laravel/framework/src/Illuminate/Pipeline/Pipeline.php(180): Illuminate\\Http\\Middleware\\HandleCors->handle()
#42 /home/denish/Desktop/Workspace/Internal/dk/attexlaravel/vendor/laravel/framework/src/Illuminate/Http/Middleware/TrustProxies.php(39): Illuminate\\Pipeline\\Pipeline->Illuminate\\Pipeline\\{closure}()
#43 /home/denish/Desktop/Workspace/Internal/dk/attexlaravel/vendor/laravel/framework/src/Illuminate/Pipeline/Pipeline.php(180): Illuminate\\Http\\Middleware\\TrustProxies->handle()
#44 /home/denish/Desktop/Workspace/Internal/dk/attexlaravel/vendor/laravel/framework/src/Illuminate/Pipeline/Pipeline.php(116): Illuminate\\Pipeline\\Pipeline->Illuminate\\Pipeline\\{closure}()
#45 /home/denish/Desktop/Workspace/Internal/dk/attexlaravel/vendor/laravel/framework/src/Illuminate/Foundation/Http/Kernel.php(175): Illuminate\\Pipeline\\Pipeline->then()
#46 /home/denish/Desktop/Workspace/Internal/dk/attexlaravel/vendor/laravel/framework/src/Illuminate/Foundation/Http/Kernel.php(144): Illuminate\\Foundation\\Http\\Kernel->sendRequestThroughRouter()
#47 /home/denish/Desktop/Workspace/Internal/dk/attexlaravel/public/index.php(52): Illuminate\\Foundation\\Http\\Kernel->handle()
#48 /home/denish/Desktop/Workspace/Internal/dk/attexlaravel/vendor/laravel/framework/src/Illuminate/Foundation/resources/server.php(16): require_once('...')
#49 {main}
"} 
[2023-05-30 12:58:30] local.ERROR: View [forms.advanced.html] not found. {"exception":"[object] (InvalidArgumentException(code: 0): View [forms.advanced.html] not found. at /home/denish/Desktop/Workspace/Internal/dk/attexlaravel/vendor/laravel/framework/src/Illuminate/View/FileViewFinder.php:137)
[stacktrace]
#0 /home/denish/Desktop/Workspace/Internal/dk/attexlaravel/vendor/laravel/framework/src/Illuminate/View/FileViewFinder.php(79): Illuminate\\View\\FileViewFinder->findInPaths()
#1 /home/denish/Desktop/Workspace/Internal/dk/attexlaravel/vendor/laravel/framework/src/Illuminate/View/Factory.php(138): Illuminate\\View\\FileViewFinder->find()
#2 /home/denish/Desktop/Workspace/Internal/dk/attexlaravel/vendor/laravel/framework/src/Illuminate/Foundation/helpers.php(1017): Illuminate\\View\\Factory->make()
#3 /home/denish/Desktop/Workspace/Internal/dk/attexlaravel/app/Http/Controllers/RoutingController.php(65): view()
#4 /home/denish/Desktop/Workspace/Internal/dk/attexlaravel/vendor/laravel/framework/src/Illuminate/Routing/Controller.php(54): App\\Http\\Controllers\\RoutingController->secondLevel()
#5 /home/denish/Desktop/Workspace/Internal/dk/attexlaravel/vendor/laravel/framework/src/Illuminate/Routing/ControllerDispatcher.php(43): Illuminate\\Routing\\Controller->callAction()
#6 /home/denish/Desktop/Workspace/Internal/dk/attexlaravel/vendor/laravel/framework/src/Illuminate/Routing/Route.php(260): Illuminate\\Routing\\ControllerDispatcher->dispatch()
#7 /home/denish/Desktop/Workspace/Internal/dk/attexlaravel/vendor/laravel/framework/src/Illuminate/Routing/Route.php(205): Illuminate\\Routing\\Route->runController()
#8 /home/denish/Desktop/Workspace/Internal/dk/attexlaravel/vendor/laravel/framework/src/Illuminate/Routing/Router.php(797): Illuminate\\Routing\\Route->run()
#9 /home/denish/Desktop/Workspace/Internal/dk/attexlaravel/vendor/laravel/framework/src/Illuminate/Pipeline/Pipeline.php(141): Illuminate\\Routing\\Router->Illuminate\\Routing\\{closure}()
#10 /home/denish/Desktop/Workspace/Internal/dk/attexlaravel/vendor/laravel/framework/src/Illuminate/Routing/Middleware/SubstituteBindings.php(50): Illuminate\\Pipeline\\Pipeline->Illuminate\\Pipeline\\{closure}()
#11 /home/denish/Desktop/Workspace/Internal/dk/attexlaravel/vendor/laravel/framework/src/Illuminate/Pipeline/Pipeline.php(180): Illuminate\\Routing\\Middleware\\SubstituteBindings->handle()
#12 /home/denish/Desktop/Workspace/Internal/dk/attexlaravel/vendor/laravel/framework/src/Illuminate/Foundation/Http/Middleware/VerifyCsrfToken.php(78): Illuminate\\Pipeline\\Pipeline->Illuminate\\Pipeline\\{closure}()
#13 /home/denish/Desktop/Workspace/Internal/dk/attexlaravel/vendor/laravel/framework/src/Illuminate/Pipeline/Pipeline.php(180): Illuminate\\Foundation\\Http\\Middleware\\VerifyCsrfToken->handle()
#14 /home/denish/Desktop/Workspace/Internal/dk/attexlaravel/vendor/laravel/framework/src/Illuminate/View/Middleware/ShareErrorsFromSession.php(49): Illuminate\\Pipeline\\Pipeline->Illuminate\\Pipeline\\{closure}()
#15 /home/denish/Desktop/Workspace/Internal/dk/attexlaravel/vendor/laravel/framework/src/Illuminate/Pipeline/Pipeline.php(180): Illuminate\\View\\Middleware\\ShareErrorsFromSession->handle()
#16 /home/denish/Desktop/Workspace/Internal/dk/attexlaravel/vendor/laravel/framework/src/Illuminate/Session/Middleware/StartSession.php(121): Illuminate\\Pipeline\\Pipeline->Illuminate\\Pipeline\\{closure}()
#17 /home/denish/Desktop/Workspace/Internal/dk/attexlaravel/vendor/laravel/framework/src/Illuminate/Session/Middleware/StartSession.php(64): Illuminate\\Session\\Middleware\\StartSession->handleStatefulRequest()
#18 /home/denish/Desktop/Workspace/Internal/dk/attexlaravel/vendor/laravel/framework/src/Illuminate/Pipeline/Pipeline.php(180): Illuminate\\Session\\Middleware\\StartSession->handle()
#19 /home/denish/Desktop/Workspace/Internal/dk/attexlaravel/vendor/laravel/framework/src/Illuminate/Cookie/Middleware/AddQueuedCookiesToResponse.php(37): Illuminate\\Pipeline\\Pipeline->Illuminate\\Pipeline\\{closure}()
#20 /home/denish/Desktop/Workspace/Internal/dk/attexlaravel/vendor/laravel/framework/src/Illuminate/Pipeline/Pipeline.php(180): Illuminate\\Cookie\\Middleware\\AddQueuedCookiesToResponse->handle()
#21 /home/denish/Desktop/Workspace/Internal/dk/attexlaravel/vendor/laravel/framework/src/Illuminate/Cookie/Middleware/EncryptCookies.php(67): Illuminate\\Pipeline\\Pipeline->Illuminate\\Pipeline\\{closure}()
#22 /home/denish/Desktop/Workspace/Internal/dk/attexlaravel/vendor/laravel/framework/src/Illuminate/Pipeline/Pipeline.php(180): Illuminate\\Cookie\\Middleware\\EncryptCookies->handle()
#23 /home/denish/Desktop/Workspace/Internal/dk/attexlaravel/vendor/laravel/framework/src/Illuminate/Pipeline/Pipeline.php(116): Illuminate\\Pipeline\\Pipeline->Illuminate\\Pipeline\\{closure}()
#24 /home/denish/Desktop/Workspace/Internal/dk/attexlaravel/vendor/laravel/framework/src/Illuminate/Routing/Router.php(798): Illuminate\\Pipeline\\Pipeline->then()
#25 /home/denish/Desktop/Workspace/Internal/dk/attexlaravel/vendor/laravel/framework/src/Illuminate/Routing/Router.php(775): Illuminate\\Routing\\Router->runRouteWithinStack()
#26 /home/denish/Desktop/Workspace/Internal/dk/attexlaravel/vendor/laravel/framework/src/Illuminate/Routing/Router.php(739): Illuminate\\Routing\\Router->runRoute()
#27 /home/denish/Desktop/Workspace/Internal/dk/attexlaravel/vendor/laravel/framework/src/Illuminate/Routing/Router.php(728): Illuminate\\Routing\\Router->dispatchToRoute()
#28 /home/denish/Desktop/Workspace/Internal/dk/attexlaravel/vendor/laravel/framework/src/Illuminate/Foundation/Http/Kernel.php(200): Illuminate\\Routing\\Router->dispatch()
#29 /home/denish/Desktop/Workspace/Internal/dk/attexlaravel/vendor/laravel/framework/src/Illuminate/Pipeline/Pipeline.php(141): Illuminate\\Foundation\\Http\\Kernel->Illuminate\\Foundation\\Http\\{closure}()
#30 /home/denish/Desktop/Workspace/Internal/dk/attexlaravel/vendor/laravel/framework/src/Illuminate/Foundation/Http/Middleware/TransformsRequest.php(21): Illuminate\\Pipeline\\Pipeline->Illuminate\\Pipeline\\{closure}()
#31 /home/denish/Desktop/Workspace/Internal/dk/attexlaravel/vendor/laravel/framework/src/Illuminate/Foundation/Http/Middleware/ConvertEmptyStringsToNull.php(31): Illuminate\\Foundation\\Http\\Middleware\\TransformsRequest->handle()
#32 /home/denish/Desktop/Workspace/Internal/dk/attexlaravel/vendor/laravel/framework/src/Illuminate/Pipeline/Pipeline.php(180): Illuminate\\Foundation\\Http\\Middleware\\ConvertEmptyStringsToNull->handle()
#33 /home/denish/Desktop/Workspace/Internal/dk/attexlaravel/vendor/laravel/framework/src/Illuminate/Foundation/Http/Middleware/TransformsRequest.php(21): Illuminate\\Pipeline\\Pipeline->Illuminate\\Pipeline\\{closure}()
#34 /home/denish/Desktop/Workspace/Internal/dk/attexlaravel/vendor/laravel/framework/src/Illuminate/Foundation/Http/Middleware/TrimStrings.php(40): Illuminate\\Foundation\\Http\\Middleware\\TransformsRequest->handle()
#35 /home/denish/Desktop/Workspace/Internal/dk/attexlaravel/vendor/laravel/framework/src/Illuminate/Pipeline/Pipeline.php(180): Illuminate\\Foundation\\Http\\Middleware\\TrimStrings->handle()
#36 /home/denish/Desktop/Workspace/Internal/dk/attexlaravel/vendor/laravel/framework/src/Illuminate/Foundation/Http/Middleware/ValidatePostSize.php(27): Illuminate\\Pipeline\\Pipeline->Illuminate\\Pipeline\\{closure}()
#37 /home/denish/Desktop/Workspace/Internal/dk/attexlaravel/vendor/laravel/framework/src/Illuminate/Pipeline/Pipeline.php(180): Illuminate\\Foundation\\Http\\Middleware\\ValidatePostSize->handle()
#38 /home/denish/Desktop/Workspace/Internal/dk/attexlaravel/vendor/laravel/framework/src/Illuminate/Foundation/Http/Middleware/PreventRequestsDuringMaintenance.php(86): Illuminate\\Pipeline\\Pipeline->Illuminate\\Pipeline\\{closure}()
#39 /home/denish/Desktop/Workspace/Internal/dk/attexlaravel/vendor/laravel/framework/src/Illuminate/Pipeline/Pipeline.php(180): Illuminate\\Foundation\\Http\\Middleware\\PreventRequestsDuringMaintenance->handle()
#40 /home/denish/Desktop/Workspace/Internal/dk/attexlaravel/vendor/laravel/framework/src/Illuminate/Http/Middleware/HandleCors.php(49): Illuminate\\Pipeline\\Pipeline->Illuminate\\Pipeline\\{closure}()
#41 /home/denish/Desktop/Workspace/Internal/dk/attexlaravel/vendor/laravel/framework/src/Illuminate/Pipeline/Pipeline.php(180): Illuminate\\Http\\Middleware\\HandleCors->handle()
#42 /home/denish/Desktop/Workspace/Internal/dk/attexlaravel/vendor/laravel/framework/src/Illuminate/Http/Middleware/TrustProxies.php(39): Illuminate\\Pipeline\\Pipeline->Illuminate\\Pipeline\\{closure}()
#43 /home/denish/Desktop/Workspace/Internal/dk/attexlaravel/vendor/laravel/framework/src/Illuminate/Pipeline/Pipeline.php(180): Illuminate\\Http\\Middleware\\TrustProxies->handle()
#44 /home/denish/Desktop/Workspace/Internal/dk/attexlaravel/vendor/laravel/framework/src/Illuminate/Pipeline/Pipeline.php(116): Illuminate\\Pipeline\\Pipeline->Illuminate\\Pipeline\\{closure}()
#45 /home/denish/Desktop/Workspace/Internal/dk/attexlaravel/vendor/laravel/framework/src/Illuminate/Foundation/Http/Kernel.php(175): Illuminate\\Pipeline\\Pipeline->then()
#46 /home/denish/Desktop/Workspace/Internal/dk/attexlaravel/vendor/laravel/framework/src/Illuminate/Foundation/Http/Kernel.php(144): Illuminate\\Foundation\\Http\\Kernel->sendRequestThroughRouter()
#47 /home/denish/Desktop/Workspace/Internal/dk/attexlaravel/public/index.php(52): Illuminate\\Foundation\\Http\\Kernel->handle()
#48 /home/denish/Desktop/Workspace/Internal/dk/attexlaravel/vendor/laravel/framework/src/Illuminate/Foundation/resources/server.php(16): require_once('...')
#49 {main}
"} 
[2023-05-30 13:16:28] local.ERROR: View [forms.tables-datatable.html] not found. {"exception":"[object] (InvalidArgumentException(code: 0): View [forms.tables-datatable.html] not found. at /home/denish/Desktop/Workspace/Internal/dk/attexlaravel/vendor/laravel/framework/src/Illuminate/View/FileViewFinder.php:137)
[stacktrace]
#0 /home/denish/Desktop/Workspace/Internal/dk/attexlaravel/vendor/laravel/framework/src/Illuminate/View/FileViewFinder.php(79): Illuminate\\View\\FileViewFinder->findInPaths()
#1 /home/denish/Desktop/Workspace/Internal/dk/attexlaravel/vendor/laravel/framework/src/Illuminate/View/Factory.php(138): Illuminate\\View\\FileViewFinder->find()
#2 /home/denish/Desktop/Workspace/Internal/dk/attexlaravel/vendor/laravel/framework/src/Illuminate/Foundation/helpers.php(1017): Illuminate\\View\\Factory->make()
#3 /home/denish/Desktop/Workspace/Internal/dk/attexlaravel/app/Http/Controllers/RoutingController.php(65): view()
#4 /home/denish/Desktop/Workspace/Internal/dk/attexlaravel/vendor/laravel/framework/src/Illuminate/Routing/Controller.php(54): App\\Http\\Controllers\\RoutingController->secondLevel()
#5 /home/denish/Desktop/Workspace/Internal/dk/attexlaravel/vendor/laravel/framework/src/Illuminate/Routing/ControllerDispatcher.php(43): Illuminate\\Routing\\Controller->callAction()
#6 /home/denish/Desktop/Workspace/Internal/dk/attexlaravel/vendor/laravel/framework/src/Illuminate/Routing/Route.php(260): Illuminate\\Routing\\ControllerDispatcher->dispatch()
#7 /home/denish/Desktop/Workspace/Internal/dk/attexlaravel/vendor/laravel/framework/src/Illuminate/Routing/Route.php(205): Illuminate\\Routing\\Route->runController()
#8 /home/denish/Desktop/Workspace/Internal/dk/attexlaravel/vendor/laravel/framework/src/Illuminate/Routing/Router.php(797): Illuminate\\Routing\\Route->run()
#9 /home/denish/Desktop/Workspace/Internal/dk/attexlaravel/vendor/laravel/framework/src/Illuminate/Pipeline/Pipeline.php(141): Illuminate\\Routing\\Router->Illuminate\\Routing\\{closure}()
#10 /home/denish/Desktop/Workspace/Internal/dk/attexlaravel/vendor/laravel/framework/src/Illuminate/Routing/Middleware/SubstituteBindings.php(50): Illuminate\\Pipeline\\Pipeline->Illuminate\\Pipeline\\{closure}()
#11 /home/denish/Desktop/Workspace/Internal/dk/attexlaravel/vendor/laravel/framework/src/Illuminate/Pipeline/Pipeline.php(180): Illuminate\\Routing\\Middleware\\SubstituteBindings->handle()
#12 /home/denish/Desktop/Workspace/Internal/dk/attexlaravel/vendor/laravel/framework/src/Illuminate/Foundation/Http/Middleware/VerifyCsrfToken.php(78): Illuminate\\Pipeline\\Pipeline->Illuminate\\Pipeline\\{closure}()
#13 /home/denish/Desktop/Workspace/Internal/dk/attexlaravel/vendor/laravel/framework/src/Illuminate/Pipeline/Pipeline.php(180): Illuminate\\Foundation\\Http\\Middleware\\VerifyCsrfToken->handle()
#14 /home/denish/Desktop/Workspace/Internal/dk/attexlaravel/vendor/laravel/framework/src/Illuminate/View/Middleware/ShareErrorsFromSession.php(49): Illuminate\\Pipeline\\Pipeline->Illuminate\\Pipeline\\{closure}()
#15 /home/denish/Desktop/Workspace/Internal/dk/attexlaravel/vendor/laravel/framework/src/Illuminate/Pipeline/Pipeline.php(180): Illuminate\\View\\Middleware\\ShareErrorsFromSession->handle()
#16 /home/denish/Desktop/Workspace/Internal/dk/attexlaravel/vendor/laravel/framework/src/Illuminate/Session/Middleware/StartSession.php(121): Illuminate\\Pipeline\\Pipeline->Illuminate\\Pipeline\\{closure}()
#17 /home/denish/Desktop/Workspace/Internal/dk/attexlaravel/vendor/laravel/framework/src/Illuminate/Session/Middleware/StartSession.php(64): Illuminate\\Session\\Middleware\\StartSession->handleStatefulRequest()
#18 /home/denish/Desktop/Workspace/Internal/dk/attexlaravel/vendor/laravel/framework/src/Illuminate/Pipeline/Pipeline.php(180): Illuminate\\Session\\Middleware\\StartSession->handle()
#19 /home/denish/Desktop/Workspace/Internal/dk/attexlaravel/vendor/laravel/framework/src/Illuminate/Cookie/Middleware/AddQueuedCookiesToResponse.php(37): Illuminate\\Pipeline\\Pipeline->Illuminate\\Pipeline\\{closure}()
#20 /home/denish/Desktop/Workspace/Internal/dk/attexlaravel/vendor/laravel/framework/src/Illuminate/Pipeline/Pipeline.php(180): Illuminate\\Cookie\\Middleware\\AddQueuedCookiesToResponse->handle()
#21 /home/denish/Desktop/Workspace/Internal/dk/attexlaravel/vendor/laravel/framework/src/Illuminate/Cookie/Middleware/EncryptCookies.php(67): Illuminate\\Pipeline\\Pipeline->Illuminate\\Pipeline\\{closure}()
#22 /home/denish/Desktop/Workspace/Internal/dk/attexlaravel/vendor/laravel/framework/src/Illuminate/Pipeline/Pipeline.php(180): Illuminate\\Cookie\\Middleware\\EncryptCookies->handle()
#23 /home/denish/Desktop/Workspace/Internal/dk/attexlaravel/vendor/laravel/framework/src/Illuminate/Pipeline/Pipeline.php(116): Illuminate\\Pipeline\\Pipeline->Illuminate\\Pipeline\\{closure}()
#24 /home/denish/Desktop/Workspace/Internal/dk/attexlaravel/vendor/laravel/framework/src/Illuminate/Routing/Router.php(798): Illuminate\\Pipeline\\Pipeline->then()
#25 /home/denish/Desktop/Workspace/Internal/dk/attexlaravel/vendor/laravel/framework/src/Illuminate/Routing/Router.php(775): Illuminate\\Routing\\Router->runRouteWithinStack()
#26 /home/denish/Desktop/Workspace/Internal/dk/attexlaravel/vendor/laravel/framework/src/Illuminate/Routing/Router.php(739): Illuminate\\Routing\\Router->runRoute()
#27 /home/denish/Desktop/Workspace/Internal/dk/attexlaravel/vendor/laravel/framework/src/Illuminate/Routing/Router.php(728): Illuminate\\Routing\\Router->dispatchToRoute()
#28 /home/denish/Desktop/Workspace/Internal/dk/attexlaravel/vendor/laravel/framework/src/Illuminate/Foundation/Http/Kernel.php(200): Illuminate\\Routing\\Router->dispatch()
#29 /home/denish/Desktop/Workspace/Internal/dk/attexlaravel/vendor/laravel/framework/src/Illuminate/Pipeline/Pipeline.php(141): Illuminate\\Foundation\\Http\\Kernel->Illuminate\\Foundation\\Http\\{closure}()
#30 /home/denish/Desktop/Workspace/Internal/dk/attexlaravel/vendor/laravel/framework/src/Illuminate/Foundation/Http/Middleware/TransformsRequest.php(21): Illuminate\\Pipeline\\Pipeline->Illuminate\\Pipeline\\{closure}()
#31 /home/denish/Desktop/Workspace/Internal/dk/attexlaravel/vendor/laravel/framework/src/Illuminate/Foundation/Http/Middleware/ConvertEmptyStringsToNull.php(31): Illuminate\\Foundation\\Http\\Middleware\\TransformsRequest->handle()
#32 /home/denish/Desktop/Workspace/Internal/dk/attexlaravel/vendor/laravel/framework/src/Illuminate/Pipeline/Pipeline.php(180): Illuminate\\Foundation\\Http\\Middleware\\ConvertEmptyStringsToNull->handle()
#33 /home/denish/Desktop/Workspace/Internal/dk/attexlaravel/vendor/laravel/framework/src/Illuminate/Foundation/Http/Middleware/TransformsRequest.php(21): Illuminate\\Pipeline\\Pipeline->Illuminate\\Pipeline\\{closure}()
#34 /home/denish/Desktop/Workspace/Internal/dk/attexlaravel/vendor/laravel/framework/src/Illuminate/Foundation/Http/Middleware/TrimStrings.php(40): Illuminate\\Foundation\\Http\\Middleware\\TransformsRequest->handle()
#35 /home/denish/Desktop/Workspace/Internal/dk/attexlaravel/vendor/laravel/framework/src/Illuminate/Pipeline/Pipeline.php(180): Illuminate\\Foundation\\Http\\Middleware\\TrimStrings->handle()
#36 /home/denish/Desktop/Workspace/Internal/dk/attexlaravel/vendor/laravel/framework/src/Illuminate/Foundation/Http/Middleware/ValidatePostSize.php(27): Illuminate\\Pipeline\\Pipeline->Illuminate\\Pipeline\\{closure}()
#37 /home/denish/Desktop/Workspace/Internal/dk/attexlaravel/vendor/laravel/framework/src/Illuminate/Pipeline/Pipeline.php(180): Illuminate\\Foundation\\Http\\Middleware\\ValidatePostSize->handle()
#38 /home/denish/Desktop/Workspace/Internal/dk/attexlaravel/vendor/laravel/framework/src/Illuminate/Foundation/Http/Middleware/PreventRequestsDuringMaintenance.php(86): Illuminate\\Pipeline\\Pipeline->Illuminate\\Pipeline\\{closure}()
#39 /home/denish/Desktop/Workspace/Internal/dk/attexlaravel/vendor/laravel/framework/src/Illuminate/Pipeline/Pipeline.php(180): Illuminate\\Foundation\\Http\\Middleware\\PreventRequestsDuringMaintenance->handle()
#40 /home/denish/Desktop/Workspace/Internal/dk/attexlaravel/vendor/laravel/framework/src/Illuminate/Http/Middleware/HandleCors.php(49): Illuminate\\Pipeline\\Pipeline->Illuminate\\Pipeline\\{closure}()
#41 /home/denish/Desktop/Workspace/Internal/dk/attexlaravel/vendor/laravel/framework/src/Illuminate/Pipeline/Pipeline.php(180): Illuminate\\Http\\Middleware\\HandleCors->handle()
#42 /home/denish/Desktop/Workspace/Internal/dk/attexlaravel/vendor/laravel/framework/src/Illuminate/Http/Middleware/TrustProxies.php(39): Illuminate\\Pipeline\\Pipeline->Illuminate\\Pipeline\\{closure}()
#43 /home/denish/Desktop/Workspace/Internal/dk/attexlaravel/vendor/laravel/framework/src/Illuminate/Pipeline/Pipeline.php(180): Illuminate\\Http\\Middleware\\TrustProxies->handle()
#44 /home/denish/Desktop/Workspace/Internal/dk/attexlaravel/vendor/laravel/framework/src/Illuminate/Pipeline/Pipeline.php(116): Illuminate\\Pipeline\\Pipeline->Illuminate\\Pipeline\\{closure}()
#45 /home/denish/Desktop/Workspace/Internal/dk/attexlaravel/vendor/laravel/framework/src/Illuminate/Foundation/Http/Kernel.php(175): Illuminate\\Pipeline\\Pipeline->then()
#46 /home/denish/Desktop/Workspace/Internal/dk/attexlaravel/vendor/laravel/framework/src/Illuminate/Foundation/Http/Kernel.php(144): Illuminate\\Foundation\\Http\\Kernel->sendRequestThroughRouter()
#47 /home/denish/Desktop/Workspace/Internal/dk/attexlaravel/public/index.php(52): Illuminate\\Foundation\\Http\\Kernel->handle()
#48 /home/denish/Desktop/Workspace/Internal/dk/attexlaravel/vendor/laravel/framework/src/Illuminate/Foundation/resources/server.php(16): require_once('...')
#49 {main}
"} 
[2023-05-30 13:34:48] local.ERROR: Vite manifest not found at: /home/denish/Desktop/Workspace/Internal/dk/attexlaravel/public/build/manifest.json {"view":{"view":"/home/denish/Desktop/Workspace/Internal/dk/attexlaravel/resources/views/index.blade.php","data":[]},"exception":"[object] (Spatie\\LaravelIgnition\\Exceptions\\ViewException(code: 0): Vite manifest not found at: /home/denish/Desktop/Workspace/Internal/dk/attexlaravel/public/build/manifest.json at /home/denish/Desktop/Workspace/Internal/dk/attexlaravel/vendor/laravel/framework/src/Illuminate/Foundation/Vite.php:684)
[stacktrace]
#0 /home/denish/Desktop/Workspace/Internal/dk/attexlaravel/vendor/laravel/framework/src/Illuminate/Foundation/Vite.php(273): Illuminate\\Foundation\\Vite->manifest()
#1 /home/denish/Desktop/Workspace/Internal/dk/attexlaravel/resources/views/index.blade.php(358): Illuminate\\Foundation\\Vite->__invoke()
#2 /home/denish/Desktop/Workspace/Internal/dk/attexlaravel/vendor/laravel/framework/src/Illuminate/Filesystem/Filesystem.php(124): require('...')
#3 /home/denish/Desktop/Workspace/Internal/dk/attexlaravel/vendor/laravel/framework/src/Illuminate/Filesystem/Filesystem.php(125): Illuminate\\Filesystem\\Filesystem::Illuminate\\Filesystem\\{closure}()
#4 /home/denish/Desktop/Workspace/Internal/dk/attexlaravel/vendor/laravel/framework/src/Illuminate/View/Engines/PhpEngine.php(58): Illuminate\\Filesystem\\Filesystem->getRequire()
#5 /home/denish/Desktop/Workspace/Internal/dk/attexlaravel/vendor/laravel/framework/src/Illuminate/View/Engines/CompilerEngine.php(70): Illuminate\\View\\Engines\\PhpEngine->evaluatePath()
#6 /home/denish/Desktop/Workspace/Internal/dk/attexlaravel/vendor/laravel/framework/src/Illuminate/View/View.php(195): Illuminate\\View\\Engines\\CompilerEngine->get()
#7 /home/denish/Desktop/Workspace/Internal/dk/attexlaravel/vendor/laravel/framework/src/Illuminate/View/View.php(178): Illuminate\\View\\View->getContents()
#8 /home/denish/Desktop/Workspace/Internal/dk/attexlaravel/vendor/laravel/framework/src/Illuminate/View/View.php(147): Illuminate\\View\\View->renderContents()
#9 /home/denish/Desktop/Workspace/Internal/dk/attexlaravel/vendor/laravel/framework/src/Illuminate/Http/Response.php(69): Illuminate\\View\\View->render()
#10 /home/denish/Desktop/Workspace/Internal/dk/attexlaravel/vendor/laravel/framework/src/Illuminate/Http/Response.php(35): Illuminate\\Http\\Response->setContent()
#11 /home/denish/Desktop/Workspace/Internal/dk/attexlaravel/vendor/laravel/framework/src/Illuminate/Routing/Router.php(905): Illuminate\\Http\\Response->__construct()
#12 /home/denish/Desktop/Workspace/Internal/dk/attexlaravel/vendor/laravel/framework/src/Illuminate/Routing/Router.php(874): Illuminate\\Routing\\Router::toResponse()
#13 /home/denish/Desktop/Workspace/Internal/dk/attexlaravel/vendor/laravel/framework/src/Illuminate/Routing/Router.php(797): Illuminate\\Routing\\Router->prepareResponse()
#14 /home/denish/Desktop/Workspace/Internal/dk/attexlaravel/vendor/laravel/framework/src/Illuminate/Pipeline/Pipeline.php(141): Illuminate\\Routing\\Router->Illuminate\\Routing\\{closure}()
#15 /home/denish/Desktop/Workspace/Internal/dk/attexlaravel/vendor/laravel/framework/src/Illuminate/Routing/Middleware/SubstituteBindings.php(50): Illuminate\\Pipeline\\Pipeline->Illuminate\\Pipeline\\{closure}()
#16 /home/denish/Desktop/Workspace/Internal/dk/attexlaravel/vendor/laravel/framework/src/Illuminate/Pipeline/Pipeline.php(180): Illuminate\\Routing\\Middleware\\SubstituteBindings->handle()
#17 /home/denish/Desktop/Workspace/Internal/dk/attexlaravel/vendor/laravel/framework/src/Illuminate/Foundation/Http/Middleware/VerifyCsrfToken.php(78): Illuminate\\Pipeline\\Pipeline->Illuminate\\Pipeline\\{closure}()
#18 /home/denish/Desktop/Workspace/Internal/dk/attexlaravel/vendor/laravel/framework/src/Illuminate/Pipeline/Pipeline.php(180): Illuminate\\Foundation\\Http\\Middleware\\VerifyCsrfToken->handle()
#19 /home/denish/Desktop/Workspace/Internal/dk/attexlaravel/vendor/laravel/framework/src/Illuminate/View/Middleware/ShareErrorsFromSession.php(49): Illuminate\\Pipeline\\Pipeline->Illuminate\\Pipeline\\{closure}()
#20 /home/denish/Desktop/Workspace/Internal/dk/attexlaravel/vendor/laravel/framework/src/Illuminate/Pipeline/Pipeline.php(180): Illuminate\\View\\Middleware\\ShareErrorsFromSession->handle()
#21 /home/denish/Desktop/Workspace/Internal/dk/attexlaravel/vendor/laravel/framework/src/Illuminate/Session/Middleware/StartSession.php(121): Illuminate\\Pipeline\\Pipeline->Illuminate\\Pipeline\\{closure}()
#22 /home/denish/Desktop/Workspace/Internal/dk/attexlaravel/vendor/laravel/framework/src/Illuminate/Session/Middleware/StartSession.php(64): Illuminate\\Session\\Middleware\\StartSession->handleStatefulRequest()
#23 /home/denish/Desktop/Workspace/Internal/dk/attexlaravel/vendor/laravel/framework/src/Illuminate/Pipeline/Pipeline.php(180): Illuminate\\Session\\Middleware\\StartSession->handle()
#24 /home/denish/Desktop/Workspace/Internal/dk/attexlaravel/vendor/laravel/framework/src/Illuminate/Cookie/Middleware/AddQueuedCookiesToResponse.php(37): Illuminate\\Pipeline\\Pipeline->Illuminate\\Pipeline\\{closure}()
#25 /home/denish/Desktop/Workspace/Internal/dk/attexlaravel/vendor/laravel/framework/src/Illuminate/Pipeline/Pipeline.php(180): Illuminate\\Cookie\\Middleware\\AddQueuedCookiesToResponse->handle()
#26 /home/denish/Desktop/Workspace/Internal/dk/attexlaravel/vendor/laravel/framework/src/Illuminate/Cookie/Middleware/EncryptCookies.php(67): Illuminate\\Pipeline\\Pipeline->Illuminate\\Pipeline\\{closure}()
#27 /home/denish/Desktop/Workspace/Internal/dk/attexlaravel/vendor/laravel/framework/src/Illuminate/Pipeline/Pipeline.php(180): Illuminate\\Cookie\\Middleware\\EncryptCookies->handle()
#28 /home/denish/Desktop/Workspace/Internal/dk/attexlaravel/vendor/laravel/framework/src/Illuminate/Pipeline/Pipeline.php(116): Illuminate\\Pipeline\\Pipeline->Illuminate\\Pipeline\\{closure}()
#29 /home/denish/Desktop/Workspace/Internal/dk/attexlaravel/vendor/laravel/framework/src/Illuminate/Routing/Router.php(798): Illuminate\\Pipeline\\Pipeline->then()
#30 /home/denish/Desktop/Workspace/Internal/dk/attexlaravel/vendor/laravel/framework/src/Illuminate/Routing/Router.php(775): Illuminate\\Routing\\Router->runRouteWithinStack()
#31 /home/denish/Desktop/Workspace/Internal/dk/attexlaravel/vendor/laravel/framework/src/Illuminate/Routing/Router.php(739): Illuminate\\Routing\\Router->runRoute()
#32 /home/denish/Desktop/Workspace/Internal/dk/attexlaravel/vendor/laravel/framework/src/Illuminate/Routing/Router.php(728): Illuminate\\Routing\\Router->dispatchToRoute()
#33 /home/denish/Desktop/Workspace/Internal/dk/attexlaravel/vendor/laravel/framework/src/Illuminate/Foundation/Http/Kernel.php(200): Illuminate\\Routing\\Router->dispatch()
#34 /home/denish/Desktop/Workspace/Internal/dk/attexlaravel/vendor/laravel/framework/src/Illuminate/Pipeline/Pipeline.php(141): Illuminate\\Foundation\\Http\\Kernel->Illuminate\\Foundation\\Http\\{closure}()
#35 /home/denish/Desktop/Workspace/Internal/dk/attexlaravel/vendor/laravel/framework/src/Illuminate/Foundation/Http/Middleware/TransformsRequest.php(21): Illuminate\\Pipeline\\Pipeline->Illuminate\\Pipeline\\{closure}()
#36 /home/denish/Desktop/Workspace/Internal/dk/attexlaravel/vendor/laravel/framework/src/Illuminate/Foundation/Http/Middleware/ConvertEmptyStringsToNull.php(31): Illuminate\\Foundation\\Http\\Middleware\\TransformsRequest->handle()
#37 /home/denish/Desktop/Workspace/Internal/dk/attexlaravel/vendor/laravel/framework/src/Illuminate/Pipeline/Pipeline.php(180): Illuminate\\Foundation\\Http\\Middleware\\ConvertEmptyStringsToNull->handle()
#38 /home/denish/Desktop/Workspace/Internal/dk/attexlaravel/vendor/laravel/framework/src/Illuminate/Foundation/Http/Middleware/TransformsRequest.php(21): Illuminate\\Pipeline\\Pipeline->Illuminate\\Pipeline\\{closure}()
#39 /home/denish/Desktop/Workspace/Internal/dk/attexlaravel/vendor/laravel/framework/src/Illuminate/Foundation/Http/Middleware/TrimStrings.php(40): Illuminate\\Foundation\\Http\\Middleware\\TransformsRequest->handle()
#40 /home/denish/Desktop/Workspace/Internal/dk/attexlaravel/vendor/laravel/framework/src/Illuminate/Pipeline/Pipeline.php(180): Illuminate\\Foundation\\Http\\Middleware\\TrimStrings->handle()
#41 /home/denish/Desktop/Workspace/Internal/dk/attexlaravel/vendor/laravel/framework/src/Illuminate/Foundation/Http/Middleware/ValidatePostSize.php(27): Illuminate\\Pipeline\\Pipeline->Illuminate\\Pipeline\\{closure}()
#42 /home/denish/Desktop/Workspace/Internal/dk/attexlaravel/vendor/laravel/framework/src/Illuminate/Pipeline/Pipeline.php(180): Illuminate\\Foundation\\Http\\Middleware\\ValidatePostSize->handle()
#43 /home/denish/Desktop/Workspace/Internal/dk/attexlaravel/vendor/laravel/framework/src/Illuminate/Foundation/Http/Middleware/PreventRequestsDuringMaintenance.php(86): Illuminate\\Pipeline\\Pipeline->Illuminate\\Pipeline\\{closure}()
#44 /home/denish/Desktop/Workspace/Internal/dk/attexlaravel/vendor/laravel/framework/src/Illuminate/Pipeline/Pipeline.php(180): Illuminate\\Foundation\\Http\\Middleware\\PreventRequestsDuringMaintenance->handle()
#45 /home/denish/Desktop/Workspace/Internal/dk/attexlaravel/vendor/laravel/framework/src/Illuminate/Http/Middleware/HandleCors.php(49): Illuminate\\Pipeline\\Pipeline->Illuminate\\Pipeline\\{closure}()
#46 /home/denish/Desktop/Workspace/Internal/dk/attexlaravel/vendor/laravel/framework/src/Illuminate/Pipeline/Pipeline.php(180): Illuminate\\Http\\Middleware\\HandleCors->handle()
#47 /home/denish/Desktop/Workspace/Internal/dk/attexlaravel/vendor/laravel/framework/src/Illuminate/Http/Middleware/TrustProxies.php(39): Illuminate\\Pipeline\\Pipeline->Illuminate\\Pipeline\\{closure}()
#48 /home/denish/Desktop/Workspace/Internal/dk/attexlaravel/vendor/laravel/framework/src/Illuminate/Pipeline/Pipeline.php(180): Illuminate\\Http\\Middleware\\TrustProxies->handle()
#49 /home/denish/Desktop/Workspace/Internal/dk/attexlaravel/vendor/laravel/framework/src/Illuminate/Pipeline/Pipeline.php(116): Illuminate\\Pipeline\\Pipeline->Illuminate\\Pipeline\\{closure}()
#50 /home/denish/Desktop/Workspace/Internal/dk/attexlaravel/vendor/laravel/framework/src/Illuminate/Foundation/Http/Kernel.php(175): Illuminate\\Pipeline\\Pipeline->then()
#51 /home/denish/Desktop/Workspace/Internal/dk/attexlaravel/vendor/laravel/framework/src/Illuminate/Foundation/Http/Kernel.php(144): Illuminate\\Foundation\\Http\\Kernel->sendRequestThroughRouter()
#52 /home/denish/Desktop/Workspace/Internal/dk/attexlaravel/public/index.php(52): Illuminate\\Foundation\\Http\\Kernel->handle()
#53 /home/denish/Desktop/Workspace/Internal/dk/attexlaravel/vendor/laravel/framework/src/Illuminate/Foundation/resources/server.php(16): require_once('...')
#54 {main}

[previous exception] [object] (Exception(code: 0): Vite manifest not found at: /home/denish/Desktop/Workspace/Internal/dk/attexlaravel/public/build/manifest.json at /home/denish/Desktop/Workspace/Internal/dk/attexlaravel/vendor/laravel/framework/src/Illuminate/Foundation/Vite.php:684)
[stacktrace]
#0 /home/denish/Desktop/Workspace/Internal/dk/attexlaravel/vendor/laravel/framework/src/Illuminate/Foundation/Vite.php(273): Illuminate\\Foundation\\Vite->manifest()
#1 /home/denish/Desktop/Workspace/Internal/dk/attexlaravel/storage/framework/views/99227b069eb3e0e687e161553c4d511f.php(356): Illuminate\\Foundation\\Vite->__invoke()
#2 /home/denish/Desktop/Workspace/Internal/dk/attexlaravel/vendor/laravel/framework/src/Illuminate/Filesystem/Filesystem.php(124): require('...')
#3 /home/denish/Desktop/Workspace/Internal/dk/attexlaravel/vendor/laravel/framework/src/Illuminate/Filesystem/Filesystem.php(125): Illuminate\\Filesystem\\Filesystem::Illuminate\\Filesystem\\{closure}()
#4 /home/denish/Desktop/Workspace/Internal/dk/attexlaravel/vendor/laravel/framework/src/Illuminate/View/Engines/PhpEngine.php(58): Illuminate\\Filesystem\\Filesystem->getRequire()
#5 /home/denish/Desktop/Workspace/Internal/dk/attexlaravel/vendor/laravel/framework/src/Illuminate/View/Engines/CompilerEngine.php(70): Illuminate\\View\\Engines\\PhpEngine->evaluatePath()
#6 /home/denish/Desktop/Workspace/Internal/dk/attexlaravel/vendor/laravel/framework/src/Illuminate/View/View.php(195): Illuminate\\View\\Engines\\CompilerEngine->get()
#7 /home/denish/Desktop/Workspace/Internal/dk/attexlaravel/vendor/laravel/framework/src/Illuminate/View/View.php(178): Illuminate\\View\\View->getContents()
#8 /home/denish/Desktop/Workspace/Internal/dk/attexlaravel/vendor/laravel/framework/src/Illuminate/View/View.php(147): Illuminate\\View\\View->renderContents()
#9 /home/denish/Desktop/Workspace/Internal/dk/attexlaravel/vendor/laravel/framework/src/Illuminate/Http/Response.php(69): Illuminate\\View\\View->render()
#10 /home/denish/Desktop/Workspace/Internal/dk/attexlaravel/vendor/laravel/framework/src/Illuminate/Http/Response.php(35): Illuminate\\Http\\Response->setContent()
#11 /home/denish/Desktop/Workspace/Internal/dk/attexlaravel/vendor/laravel/framework/src/Illuminate/Routing/Router.php(905): Illuminate\\Http\\Response->__construct()
#12 /home/denish/Desktop/Workspace/Internal/dk/attexlaravel/vendor/laravel/framework/src/Illuminate/Routing/Router.php(874): Illuminate\\Routing\\Router::toResponse()
#13 /home/denish/Desktop/Workspace/Internal/dk/attexlaravel/vendor/laravel/framework/src/Illuminate/Routing/Router.php(797): Illuminate\\Routing\\Router->prepareResponse()
#14 /home/denish/Desktop/Workspace/Internal/dk/attexlaravel/vendor/laravel/framework/src/Illuminate/Pipeline/Pipeline.php(141): Illuminate\\Routing\\Router->Illuminate\\Routing\\{closure}()
#15 /home/denish/Desktop/Workspace/Internal/dk/attexlaravel/vendor/laravel/framework/src/Illuminate/Routing/Middleware/SubstituteBindings.php(50): Illuminate\\Pipeline\\Pipeline->Illuminate\\Pipeline\\{closure}()
#16 /home/denish/Desktop/Workspace/Internal/dk/attexlaravel/vendor/laravel/framework/src/Illuminate/Pipeline/Pipeline.php(180): Illuminate\\Routing\\Middleware\\SubstituteBindings->handle()
#17 /home/denish/Desktop/Workspace/Internal/dk/attexlaravel/vendor/laravel/framework/src/Illuminate/Foundation/Http/Middleware/VerifyCsrfToken.php(78): Illuminate\\Pipeline\\Pipeline->Illuminate\\Pipeline\\{closure}()
#18 /home/denish/Desktop/Workspace/Internal/dk/attexlaravel/vendor/laravel/framework/src/Illuminate/Pipeline/Pipeline.php(180): Illuminate\\Foundation\\Http\\Middleware\\VerifyCsrfToken->handle()
#19 /home/denish/Desktop/Workspace/Internal/dk/attexlaravel/vendor/laravel/framework/src/Illuminate/View/Middleware/ShareErrorsFromSession.php(49): Illuminate\\Pipeline\\Pipeline->Illuminate\\Pipeline\\{closure}()
#20 /home/denish/Desktop/Workspace/Internal/dk/attexlaravel/vendor/laravel/framework/src/Illuminate/Pipeline/Pipeline.php(180): Illuminate\\View\\Middleware\\ShareErrorsFromSession->handle()
#21 /home/denish/Desktop/Workspace/Internal/dk/attexlaravel/vendor/laravel/framework/src/Illuminate/Session/Middleware/StartSession.php(121): Illuminate\\Pipeline\\Pipeline->Illuminate\\Pipeline\\{closure}()
#22 /home/denish/Desktop/Workspace/Internal/dk/attexlaravel/vendor/laravel/framework/src/Illuminate/Session/Middleware/StartSession.php(64): Illuminate\\Session\\Middleware\\StartSession->handleStatefulRequest()
#23 /home/denish/Desktop/Workspace/Internal/dk/attexlaravel/vendor/laravel/framework/src/Illuminate/Pipeline/Pipeline.php(180): Illuminate\\Session\\Middleware\\StartSession->handle()
#24 /home/denish/Desktop/Workspace/Internal/dk/attexlaravel/vendor/laravel/framework/src/Illuminate/Cookie/Middleware/AddQueuedCookiesToResponse.php(37): Illuminate\\Pipeline\\Pipeline->Illuminate\\Pipeline\\{closure}()
#25 /home/denish/Desktop/Workspace/Internal/dk/attexlaravel/vendor/laravel/framework/src/Illuminate/Pipeline/Pipeline.php(180): Illuminate\\Cookie\\Middleware\\AddQueuedCookiesToResponse->handle()
#26 /home/denish/Desktop/Workspace/Internal/dk/attexlaravel/vendor/laravel/framework/src/Illuminate/Cookie/Middleware/EncryptCookies.php(67): Illuminate\\Pipeline\\Pipeline->Illuminate\\Pipeline\\{closure}()
#27 /home/denish/Desktop/Workspace/Internal/dk/attexlaravel/vendor/laravel/framework/src/Illuminate/Pipeline/Pipeline.php(180): Illuminate\\Cookie\\Middleware\\EncryptCookies->handle()
#28 /home/denish/Desktop/Workspace/Internal/dk/attexlaravel/vendor/laravel/framework/src/Illuminate/Pipeline/Pipeline.php(116): Illuminate\\Pipeline\\Pipeline->Illuminate\\Pipeline\\{closure}()
#29 /home/denish/Desktop/Workspace/Internal/dk/attexlaravel/vendor/laravel/framework/src/Illuminate/Routing/Router.php(798): Illuminate\\Pipeline\\Pipeline->then()
#30 /home/denish/Desktop/Workspace/Internal/dk/attexlaravel/vendor/laravel/framework/src/Illuminate/Routing/Router.php(775): Illuminate\\Routing\\Router->runRouteWithinStack()
#31 /home/denish/Desktop/Workspace/Internal/dk/attexlaravel/vendor/laravel/framework/src/Illuminate/Routing/Router.php(739): Illuminate\\Routing\\Router->runRoute()
#32 /home/denish/Desktop/Workspace/Internal/dk/attexlaravel/vendor/laravel/framework/src/Illuminate/Routing/Router.php(728): Illuminate\\Routing\\Router->dispatchToRoute()
#33 /home/denish/Desktop/Workspace/Internal/dk/attexlaravel/vendor/laravel/framework/src/Illuminate/Foundation/Http/Kernel.php(200): Illuminate\\Routing\\Router->dispatch()
#34 /home/denish/Desktop/Workspace/Internal/dk/attexlaravel/vendor/laravel/framework/src/Illuminate/Pipeline/Pipeline.php(141): Illuminate\\Foundation\\Http\\Kernel->Illuminate\\Foundation\\Http\\{closure}()
#35 /home/denish/Desktop/Workspace/Internal/dk/attexlaravel/vendor/laravel/framework/src/Illuminate/Foundation/Http/Middleware/TransformsRequest.php(21): Illuminate\\Pipeline\\Pipeline->Illuminate\\Pipeline\\{closure}()
#36 /home/denish/Desktop/Workspace/Internal/dk/attexlaravel/vendor/laravel/framework/src/Illuminate/Foundation/Http/Middleware/ConvertEmptyStringsToNull.php(31): Illuminate\\Foundation\\Http\\Middleware\\TransformsRequest->handle()
#37 /home/denish/Desktop/Workspace/Internal/dk/attexlaravel/vendor/laravel/framework/src/Illuminate/Pipeline/Pipeline.php(180): Illuminate\\Foundation\\Http\\Middleware\\ConvertEmptyStringsToNull->handle()
#38 /home/denish/Desktop/Workspace/Internal/dk/attexlaravel/vendor/laravel/framework/src/Illuminate/Foundation/Http/Middleware/TransformsRequest.php(21): Illuminate\\Pipeline\\Pipeline->Illuminate\\Pipeline\\{closure}()
#39 /home/denish/Desktop/Workspace/Internal/dk/attexlaravel/vendor/laravel/framework/src/Illuminate/Foundation/Http/Middleware/TrimStrings.php(40): Illuminate\\Foundation\\Http\\Middleware\\TransformsRequest->handle()
#40 /home/denish/Desktop/Workspace/Internal/dk/attexlaravel/vendor/laravel/framework/src/Illuminate/Pipeline/Pipeline.php(180): Illuminate\\Foundation\\Http\\Middleware\\TrimStrings->handle()
#41 /home/denish/Desktop/Workspace/Internal/dk/attexlaravel/vendor/laravel/framework/src/Illuminate/Foundation/Http/Middleware/ValidatePostSize.php(27): Illuminate\\Pipeline\\Pipeline->Illuminate\\Pipeline\\{closure}()
#42 /home/denish/Desktop/Workspace/Internal/dk/attexlaravel/vendor/laravel/framework/src/Illuminate/Pipeline/Pipeline.php(180): Illuminate\\Foundation\\Http\\Middleware\\ValidatePostSize->handle()
#43 /home/denish/Desktop/Workspace/Internal/dk/attexlaravel/vendor/laravel/framework/src/Illuminate/Foundation/Http/Middleware/PreventRequestsDuringMaintenance.php(86): Illuminate\\Pipeline\\Pipeline->Illuminate\\Pipeline\\{closure}()
#44 /home/denish/Desktop/Workspace/Internal/dk/attexlaravel/vendor/laravel/framework/src/Illuminate/Pipeline/Pipeline.php(180): Illuminate\\Foundation\\Http\\Middleware\\PreventRequestsDuringMaintenance->handle()
#45 /home/denish/Desktop/Workspace/Internal/dk/attexlaravel/vendor/laravel/framework/src/Illuminate/Http/Middleware/HandleCors.php(49): Illuminate\\Pipeline\\Pipeline->Illuminate\\Pipeline\\{closure}()
#46 /home/denish/Desktop/Workspace/Internal/dk/attexlaravel/vendor/laravel/framework/src/Illuminate/Pipeline/Pipeline.php(180): Illuminate\\Http\\Middleware\\HandleCors->handle()
#47 /home/denish/Desktop/Workspace/Internal/dk/attexlaravel/vendor/laravel/framework/src/Illuminate/Http/Middleware/TrustProxies.php(39): Illuminate\\Pipeline\\Pipeline->Illuminate\\Pipeline\\{closure}()
#48 /home/denish/Desktop/Workspace/Internal/dk/attexlaravel/vendor/laravel/framework/src/Illuminate/Pipeline/Pipeline.php(180): Illuminate\\Http\\Middleware\\TrustProxies->handle()
#49 /home/denish/Desktop/Workspace/Internal/dk/attexlaravel/vendor/laravel/framework/src/Illuminate/Pipeline/Pipeline.php(116): Illuminate\\Pipeline\\Pipeline->Illuminate\\Pipeline\\{closure}()
#50 /home/denish/Desktop/Workspace/Internal/dk/attexlaravel/vendor/laravel/framework/src/Illuminate/Foundation/Http/Kernel.php(175): Illuminate\\Pipeline\\Pipeline->then()
#51 /home/denish/Desktop/Workspace/Internal/dk/attexlaravel/vendor/laravel/framework/src/Illuminate/Foundation/Http/Kernel.php(144): Illuminate\\Foundation\\Http\\Kernel->sendRequestThroughRouter()
#52 /home/denish/Desktop/Workspace/Internal/dk/attexlaravel/public/index.php(52): Illuminate\\Foundation\\Http\\Kernel->handle()
#53 /home/denish/Desktop/Workspace/Internal/dk/attexlaravel/vendor/laravel/framework/src/Illuminate/Foundation/resources/server.php(16): require_once('...')
#54 {main}
"} 
[2023-05-30 14:01:01] local.ERROR: View [tables.form-advanced.html] not found. {"exception":"[object] (InvalidArgumentException(code: 0): View [tables.form-advanced.html] not found. at /home/denish/Desktop/Workspace/Internal/dk/attexlaravel/vendor/laravel/framework/src/Illuminate/View/FileViewFinder.php:137)
[stacktrace]
#0 /home/denish/Desktop/Workspace/Internal/dk/attexlaravel/vendor/laravel/framework/src/Illuminate/View/FileViewFinder.php(79): Illuminate\\View\\FileViewFinder->findInPaths()
#1 /home/denish/Desktop/Workspace/Internal/dk/attexlaravel/vendor/laravel/framework/src/Illuminate/View/Factory.php(138): Illuminate\\View\\FileViewFinder->find()
#2 /home/denish/Desktop/Workspace/Internal/dk/attexlaravel/vendor/laravel/framework/src/Illuminate/Foundation/helpers.php(1017): Illuminate\\View\\Factory->make()
#3 /home/denish/Desktop/Workspace/Internal/dk/attexlaravel/app/Http/Controllers/RoutingController.php(65): view()
#4 /home/denish/Desktop/Workspace/Internal/dk/attexlaravel/vendor/laravel/framework/src/Illuminate/Routing/Controller.php(54): App\\Http\\Controllers\\RoutingController->secondLevel()
#5 /home/denish/Desktop/Workspace/Internal/dk/attexlaravel/vendor/laravel/framework/src/Illuminate/Routing/ControllerDispatcher.php(43): Illuminate\\Routing\\Controller->callAction()
#6 /home/denish/Desktop/Workspace/Internal/dk/attexlaravel/vendor/laravel/framework/src/Illuminate/Routing/Route.php(260): Illuminate\\Routing\\ControllerDispatcher->dispatch()
#7 /home/denish/Desktop/Workspace/Internal/dk/attexlaravel/vendor/laravel/framework/src/Illuminate/Routing/Route.php(205): Illuminate\\Routing\\Route->runController()
#8 /home/denish/Desktop/Workspace/Internal/dk/attexlaravel/vendor/laravel/framework/src/Illuminate/Routing/Router.php(797): Illuminate\\Routing\\Route->run()
#9 /home/denish/Desktop/Workspace/Internal/dk/attexlaravel/vendor/laravel/framework/src/Illuminate/Pipeline/Pipeline.php(141): Illuminate\\Routing\\Router->Illuminate\\Routing\\{closure}()
#10 /home/denish/Desktop/Workspace/Internal/dk/attexlaravel/vendor/laravel/framework/src/Illuminate/Routing/Middleware/SubstituteBindings.php(50): Illuminate\\Pipeline\\Pipeline->Illuminate\\Pipeline\\{closure}()
#11 /home/denish/Desktop/Workspace/Internal/dk/attexlaravel/vendor/laravel/framework/src/Illuminate/Pipeline/Pipeline.php(180): Illuminate\\Routing\\Middleware\\SubstituteBindings->handle()
#12 /home/denish/Desktop/Workspace/Internal/dk/attexlaravel/vendor/laravel/framework/src/Illuminate/Foundation/Http/Middleware/VerifyCsrfToken.php(78): Illuminate\\Pipeline\\Pipeline->Illuminate\\Pipeline\\{closure}()
#13 /home/denish/Desktop/Workspace/Internal/dk/attexlaravel/vendor/laravel/framework/src/Illuminate/Pipeline/Pipeline.php(180): Illuminate\\Foundation\\Http\\Middleware\\VerifyCsrfToken->handle()
#14 /home/denish/Desktop/Workspace/Internal/dk/attexlaravel/vendor/laravel/framework/src/Illuminate/View/Middleware/ShareErrorsFromSession.php(49): Illuminate\\Pipeline\\Pipeline->Illuminate\\Pipeline\\{closure}()
#15 /home/denish/Desktop/Workspace/Internal/dk/attexlaravel/vendor/laravel/framework/src/Illuminate/Pipeline/Pipeline.php(180): Illuminate\\View\\Middleware\\ShareErrorsFromSession->handle()
#16 /home/denish/Desktop/Workspace/Internal/dk/attexlaravel/vendor/laravel/framework/src/Illuminate/Session/Middleware/StartSession.php(121): Illuminate\\Pipeline\\Pipeline->Illuminate\\Pipeline\\{closure}()
#17 /home/denish/Desktop/Workspace/Internal/dk/attexlaravel/vendor/laravel/framework/src/Illuminate/Session/Middleware/StartSession.php(64): Illuminate\\Session\\Middleware\\StartSession->handleStatefulRequest()
#18 /home/denish/Desktop/Workspace/Internal/dk/attexlaravel/vendor/laravel/framework/src/Illuminate/Pipeline/Pipeline.php(180): Illuminate\\Session\\Middleware\\StartSession->handle()
#19 /home/denish/Desktop/Workspace/Internal/dk/attexlaravel/vendor/laravel/framework/src/Illuminate/Cookie/Middleware/AddQueuedCookiesToResponse.php(37): Illuminate\\Pipeline\\Pipeline->Illuminate\\Pipeline\\{closure}()
#20 /home/denish/Desktop/Workspace/Internal/dk/attexlaravel/vendor/laravel/framework/src/Illuminate/Pipeline/Pipeline.php(180): Illuminate\\Cookie\\Middleware\\AddQueuedCookiesToResponse->handle()
#21 /home/denish/Desktop/Workspace/Internal/dk/attexlaravel/vendor/laravel/framework/src/Illuminate/Cookie/Middleware/EncryptCookies.php(67): Illuminate\\Pipeline\\Pipeline->Illuminate\\Pipeline\\{closure}()
#22 /home/denish/Desktop/Workspace/Internal/dk/attexlaravel/vendor/laravel/framework/src/Illuminate/Pipeline/Pipeline.php(180): Illuminate\\Cookie\\Middleware\\EncryptCookies->handle()
#23 /home/denish/Desktop/Workspace/Internal/dk/attexlaravel/vendor/laravel/framework/src/Illuminate/Pipeline/Pipeline.php(116): Illuminate\\Pipeline\\Pipeline->Illuminate\\Pipeline\\{closure}()
#24 /home/denish/Desktop/Workspace/Internal/dk/attexlaravel/vendor/laravel/framework/src/Illuminate/Routing/Router.php(798): Illuminate\\Pipeline\\Pipeline->then()
#25 /home/denish/Desktop/Workspace/Internal/dk/attexlaravel/vendor/laravel/framework/src/Illuminate/Routing/Router.php(775): Illuminate\\Routing\\Router->runRouteWithinStack()
#26 /home/denish/Desktop/Workspace/Internal/dk/attexlaravel/vendor/laravel/framework/src/Illuminate/Routing/Router.php(739): Illuminate\\Routing\\Router->runRoute()
#27 /home/denish/Desktop/Workspace/Internal/dk/attexlaravel/vendor/laravel/framework/src/Illuminate/Routing/Router.php(728): Illuminate\\Routing\\Router->dispatchToRoute()
#28 /home/denish/Desktop/Workspace/Internal/dk/attexlaravel/vendor/laravel/framework/src/Illuminate/Foundation/Http/Kernel.php(200): Illuminate\\Routing\\Router->dispatch()
#29 /home/denish/Desktop/Workspace/Internal/dk/attexlaravel/vendor/laravel/framework/src/Illuminate/Pipeline/Pipeline.php(141): Illuminate\\Foundation\\Http\\Kernel->Illuminate\\Foundation\\Http\\{closure}()
#30 /home/denish/Desktop/Workspace/Internal/dk/attexlaravel/vendor/laravel/framework/src/Illuminate/Foundation/Http/Middleware/TransformsRequest.php(21): Illuminate\\Pipeline\\Pipeline->Illuminate\\Pipeline\\{closure}()
#31 /home/denish/Desktop/Workspace/Internal/dk/attexlaravel/vendor/laravel/framework/src/Illuminate/Foundation/Http/Middleware/ConvertEmptyStringsToNull.php(31): Illuminate\\Foundation\\Http\\Middleware\\TransformsRequest->handle()
#32 /home/denish/Desktop/Workspace/Internal/dk/attexlaravel/vendor/laravel/framework/src/Illuminate/Pipeline/Pipeline.php(180): Illuminate\\Foundation\\Http\\Middleware\\ConvertEmptyStringsToNull->handle()
#33 /home/denish/Desktop/Workspace/Internal/dk/attexlaravel/vendor/laravel/framework/src/Illuminate/Foundation/Http/Middleware/TransformsRequest.php(21): Illuminate\\Pipeline\\Pipeline->Illuminate\\Pipeline\\{closure}()
#34 /home/denish/Desktop/Workspace/Internal/dk/attexlaravel/vendor/laravel/framework/src/Illuminate/Foundation/Http/Middleware/TrimStrings.php(40): Illuminate\\Foundation\\Http\\Middleware\\TransformsRequest->handle()
#35 /home/denish/Desktop/Workspace/Internal/dk/attexlaravel/vendor/laravel/framework/src/Illuminate/Pipeline/Pipeline.php(180): Illuminate\\Foundation\\Http\\Middleware\\TrimStrings->handle()
#36 /home/denish/Desktop/Workspace/Internal/dk/attexlaravel/vendor/laravel/framework/src/Illuminate/Foundation/Http/Middleware/ValidatePostSize.php(27): Illuminate\\Pipeline\\Pipeline->Illuminate\\Pipeline\\{closure}()
#37 /home/denish/Desktop/Workspace/Internal/dk/attexlaravel/vendor/laravel/framework/src/Illuminate/Pipeline/Pipeline.php(180): Illuminate\\Foundation\\Http\\Middleware\\ValidatePostSize->handle()
#38 /home/denish/Desktop/Workspace/Internal/dk/attexlaravel/vendor/laravel/framework/src/Illuminate/Foundation/Http/Middleware/PreventRequestsDuringMaintenance.php(86): Illuminate\\Pipeline\\Pipeline->Illuminate\\Pipeline\\{closure}()
#39 /home/denish/Desktop/Workspace/Internal/dk/attexlaravel/vendor/laravel/framework/src/Illuminate/Pipeline/Pipeline.php(180): Illuminate\\Foundation\\Http\\Middleware\\PreventRequestsDuringMaintenance->handle()
#40 /home/denish/Desktop/Workspace/Internal/dk/attexlaravel/vendor/laravel/framework/src/Illuminate/Http/Middleware/HandleCors.php(49): Illuminate\\Pipeline\\Pipeline->Illuminate\\Pipeline\\{closure}()
#41 /home/denish/Desktop/Workspace/Internal/dk/attexlaravel/vendor/laravel/framework/src/Illuminate/Pipeline/Pipeline.php(180): Illuminate\\Http\\Middleware\\HandleCors->handle()
#42 /home/denish/Desktop/Workspace/Internal/dk/attexlaravel/vendor/laravel/framework/src/Illuminate/Http/Middleware/TrustProxies.php(39): Illuminate\\Pipeline\\Pipeline->Illuminate\\Pipeline\\{closure}()
#43 /home/denish/Desktop/Workspace/Internal/dk/attexlaravel/vendor/laravel/framework/src/Illuminate/Pipeline/Pipeline.php(180): Illuminate\\Http\\Middleware\\TrustProxies->handle()
#44 /home/denish/Desktop/Workspace/Internal/dk/attexlaravel/vendor/laravel/framework/src/Illuminate/Pipeline/Pipeline.php(116): Illuminate\\Pipeline\\Pipeline->Illuminate\\Pipeline\\{closure}()
#45 /home/denish/Desktop/Workspace/Internal/dk/attexlaravel/vendor/laravel/framework/src/Illuminate/Foundation/Http/Kernel.php(175): Illuminate\\Pipeline\\Pipeline->then()
#46 /home/denish/Desktop/Workspace/Internal/dk/attexlaravel/vendor/laravel/framework/src/Illuminate/Foundation/Http/Kernel.php(144): Illuminate\\Foundation\\Http\\Kernel->sendRequestThroughRouter()
#47 /home/denish/Desktop/Workspace/Internal/dk/attexlaravel/public/index.php(52): Illuminate\\Foundation\\Http\\Kernel->handle()
#48 /home/denish/Desktop/Workspace/Internal/dk/attexlaravel/vendor/laravel/framework/src/Illuminate/Foundation/resources/server.php(16): require_once('...')
#49 {main}
"} 
[2023-06-02 13:28:56] local.ERROR: SQLSTATE[HY000] [1045] Access denied for user 'root'@'localhost' (using password: NO) (Connection: mysql, SQL: select * from information_schema.tables where table_schema = laravel and table_name = migrations and table_type = 'BASE TABLE') {"exception":"[object] (Illuminate\\Database\\QueryException(code: 1045): SQLSTATE[HY000] [1045] Access denied for user 'root'@'localhost' (using password: NO) (Connection: mysql, SQL: select * from information_schema.tables where table_schema = laravel and table_name = migrations and table_type = 'BASE TABLE') at /home/denish/Desktop/Workspace/Internal/dk/attexlaravel/vendor/laravel/framework/src/Illuminate/Database/Connection.php:793)
[stacktrace]
#0 /home/denish/Desktop/Workspace/Internal/dk/attexlaravel/vendor/laravel/framework/src/Illuminate/Database/Connection.php(753): Illuminate\\Database\\Connection->runQueryCallback()
#1 /home/denish/Desktop/Workspace/Internal/dk/attexlaravel/vendor/laravel/framework/src/Illuminate/Database/Connection.php(422): Illuminate\\Database\\Connection->run()
#2 /home/denish/Desktop/Workspace/Internal/dk/attexlaravel/vendor/laravel/framework/src/Illuminate/Database/Connection.php(392): Illuminate\\Database\\Connection->select()
#3 /home/denish/Desktop/Workspace/Internal/dk/attexlaravel/vendor/laravel/framework/src/Illuminate/Database/Schema/MySqlBuilder.php(44): Illuminate\\Database\\Connection->selectFromWriteConnection()
#4 /home/denish/Desktop/Workspace/Internal/dk/attexlaravel/vendor/laravel/framework/src/Illuminate/Database/Migrations/DatabaseMigrationRepository.php(184): Illuminate\\Database\\Schema\\MySqlBuilder->hasTable()
#5 /home/denish/Desktop/Workspace/Internal/dk/attexlaravel/vendor/laravel/framework/src/Illuminate/Database/Migrations/Migrator.php(700): Illuminate\\Database\\Migrations\\DatabaseMigrationRepository->repositoryExists()
#6 /home/denish/Desktop/Workspace/Internal/dk/attexlaravel/vendor/laravel/framework/src/Illuminate/Database/Console/Migrations/MigrateCommand.php(138): Illuminate\\Database\\Migrations\\Migrator->repositoryExists()
#7 /home/denish/Desktop/Workspace/Internal/dk/attexlaravel/vendor/laravel/framework/src/Illuminate/Support/helpers.php(248): Illuminate\\Database\\Console\\Migrations\\MigrateCommand->Illuminate\\Database\\Console\\Migrations\\{closure}()
#8 /home/denish/Desktop/Workspace/Internal/dk/attexlaravel/vendor/laravel/framework/src/Illuminate/Database/Console/Migrations/MigrateCommand.php(157): retry()
#9 /home/denish/Desktop/Workspace/Internal/dk/attexlaravel/vendor/laravel/framework/src/Illuminate/Database/Console/Migrations/MigrateCommand.php(114): Illuminate\\Database\\Console\\Migrations\\MigrateCommand->repositoryExists()
#10 /home/denish/Desktop/Workspace/Internal/dk/attexlaravel/vendor/laravel/framework/src/Illuminate/Database/Console/Migrations/MigrateCommand.php(82): Illuminate\\Database\\Console\\Migrations\\MigrateCommand->prepareDatabase()
#11 /home/denish/Desktop/Workspace/Internal/dk/attexlaravel/vendor/laravel/framework/src/Illuminate/Database/Migrations/Migrator.php(633): Illuminate\\Database\\Console\\Migrations\\MigrateCommand->Illuminate\\Database\\Console\\Migrations\\{closure}()
#12 /home/denish/Desktop/Workspace/Internal/dk/attexlaravel/vendor/laravel/framework/src/Illuminate/Database/Console/Migrations/MigrateCommand.php(102): Illuminate\\Database\\Migrations\\Migrator->usingConnection()
#13 /home/denish/Desktop/Workspace/Internal/dk/attexlaravel/vendor/laravel/framework/src/Illuminate/Container/BoundMethod.php(36): Illuminate\\Database\\Console\\Migrations\\MigrateCommand->handle()
#14 /home/denish/Desktop/Workspace/Internal/dk/attexlaravel/vendor/laravel/framework/src/Illuminate/Container/Util.php(41): Illuminate\\Container\\BoundMethod::Illuminate\\Container\\{closure}()
#15 /home/denish/Desktop/Workspace/Internal/dk/attexlaravel/vendor/laravel/framework/src/Illuminate/Container/BoundMethod.php(93): Illuminate\\Container\\Util::unwrapIfClosure()
#16 /home/denish/Desktop/Workspace/Internal/dk/attexlaravel/vendor/laravel/framework/src/Illuminate/Container/BoundMethod.php(37): Illuminate\\Container\\BoundMethod::callBoundMethod()
#17 /home/denish/Desktop/Workspace/Internal/dk/attexlaravel/vendor/laravel/framework/src/Illuminate/Container/Container.php(662): Illuminate\\Container\\BoundMethod::call()
#18 /home/denish/Desktop/Workspace/Internal/dk/attexlaravel/vendor/laravel/framework/src/Illuminate/Console/Command.php(208): Illuminate\\Container\\Container->call()
#19 /home/denish/Desktop/Workspace/Internal/dk/attexlaravel/vendor/symfony/console/Command/Command.php(312): Illuminate\\Console\\Command->execute()
#20 /home/denish/Desktop/Workspace/Internal/dk/attexlaravel/vendor/laravel/framework/src/Illuminate/Console/Command.php(178): Symfony\\Component\\Console\\Command\\Command->run()
#21 /home/denish/Desktop/Workspace/Internal/dk/attexlaravel/vendor/symfony/console/Application.php(1040): Illuminate\\Console\\Command->run()
#22 /home/denish/Desktop/Workspace/Internal/dk/attexlaravel/vendor/symfony/console/Application.php(314): Symfony\\Component\\Console\\Application->doRunCommand()
#23 /home/denish/Desktop/Workspace/Internal/dk/attexlaravel/vendor/symfony/console/Application.php(168): Symfony\\Component\\Console\\Application->doRun()
#24 /home/denish/Desktop/Workspace/Internal/dk/attexlaravel/vendor/laravel/framework/src/Illuminate/Foundation/Console/Kernel.php(200): Symfony\\Component\\Console\\Application->run()
#25 /home/denish/Desktop/Workspace/Internal/dk/attexlaravel/artisan(37): Illuminate\\Foundation\\Console\\Kernel->handle()
#26 {main}

[previous exception] [object] (PDOException(code: 1045): SQLSTATE[HY000] [1045] Access denied for user 'root'@'localhost' (using password: NO) at /home/denish/Desktop/Workspace/Internal/dk/attexlaravel/vendor/laravel/framework/src/Illuminate/Database/Connectors/Connector.php:65)
[stacktrace]
#0 /home/denish/Desktop/Workspace/Internal/dk/attexlaravel/vendor/laravel/framework/src/Illuminate/Database/Connectors/Connector.php(65): PDO->__construct()
#1 /home/denish/Desktop/Workspace/Internal/dk/attexlaravel/vendor/laravel/framework/src/Illuminate/Database/Connectors/Connector.php(45): Illuminate\\Database\\Connectors\\Connector->createPdoConnection()
#2 /home/denish/Desktop/Workspace/Internal/dk/attexlaravel/vendor/laravel/framework/src/Illuminate/Database/Connectors/MySqlConnector.php(24): Illuminate\\Database\\Connectors\\Connector->createConnection()
#3 /home/denish/Desktop/Workspace/Internal/dk/attexlaravel/vendor/laravel/framework/src/Illuminate/Database/Connectors/ConnectionFactory.php(184): Illuminate\\Database\\Connectors\\MySqlConnector->connect()
#4 [internal function]: Illuminate\\Database\\Connectors\\ConnectionFactory->Illuminate\\Database\\Connectors\\{closure}()
#5 /home/denish/Desktop/Workspace/Internal/dk/attexlaravel/vendor/laravel/framework/src/Illuminate/Database/Connection.php(1210): call_user_func()
#6 /home/denish/Desktop/Workspace/Internal/dk/attexlaravel/vendor/laravel/framework/src/Illuminate/Database/Connection.php(519): Illuminate\\Database\\Connection->getPdo()
#7 /home/denish/Desktop/Workspace/Internal/dk/attexlaravel/vendor/laravel/framework/src/Illuminate/Database/Connection.php(414): Illuminate\\Database\\Connection->getPdoForSelect()
#8 /home/denish/Desktop/Workspace/Internal/dk/attexlaravel/vendor/laravel/framework/src/Illuminate/Database/Connection.php(786): Illuminate\\Database\\Connection->Illuminate\\Database\\{closure}()
#9 /home/denish/Desktop/Workspace/Internal/dk/attexlaravel/vendor/laravel/framework/src/Illuminate/Database/Connection.php(753): Illuminate\\Database\\Connection->runQueryCallback()
#10 /home/denish/Desktop/Workspace/Internal/dk/attexlaravel/vendor/laravel/framework/src/Illuminate/Database/Connection.php(422): Illuminate\\Database\\Connection->run()
#11 /home/denish/Desktop/Workspace/Internal/dk/attexlaravel/vendor/laravel/framework/src/Illuminate/Database/Connection.php(392): Illuminate\\Database\\Connection->select()
#12 /home/denish/Desktop/Workspace/Internal/dk/attexlaravel/vendor/laravel/framework/src/Illuminate/Database/Schema/MySqlBuilder.php(44): Illuminate\\Database\\Connection->selectFromWriteConnection()
#13 /home/denish/Desktop/Workspace/Internal/dk/attexlaravel/vendor/laravel/framework/src/Illuminate/Database/Migrations/DatabaseMigrationRepository.php(184): Illuminate\\Database\\Schema\\MySqlBuilder->hasTable()
#14 /home/denish/Desktop/Workspace/Internal/dk/attexlaravel/vendor/laravel/framework/src/Illuminate/Database/Migrations/Migrator.php(700): Illuminate\\Database\\Migrations\\DatabaseMigrationRepository->repositoryExists()
#15 /home/denish/Desktop/Workspace/Internal/dk/attexlaravel/vendor/laravel/framework/src/Illuminate/Database/Console/Migrations/MigrateCommand.php(138): Illuminate\\Database\\Migrations\\Migrator->repositoryExists()
#16 /home/denish/Desktop/Workspace/Internal/dk/attexlaravel/vendor/laravel/framework/src/Illuminate/Support/helpers.php(248): Illuminate\\Database\\Console\\Migrations\\MigrateCommand->Illuminate\\Database\\Console\\Migrations\\{closure}()
#17 /home/denish/Desktop/Workspace/Internal/dk/attexlaravel/vendor/laravel/framework/src/Illuminate/Database/Console/Migrations/MigrateCommand.php(157): retry()
#18 /home/denish/Desktop/Workspace/Internal/dk/attexlaravel/vendor/laravel/framework/src/Illuminate/Database/Console/Migrations/MigrateCommand.php(114): Illuminate\\Database\\Console\\Migrations\\MigrateCommand->repositoryExists()
#19 /home/denish/Desktop/Workspace/Internal/dk/attexlaravel/vendor/laravel/framework/src/Illuminate/Database/Console/Migrations/MigrateCommand.php(82): Illuminate\\Database\\Console\\Migrations\\MigrateCommand->prepareDatabase()
#20 /home/denish/Desktop/Workspace/Internal/dk/attexlaravel/vendor/laravel/framework/src/Illuminate/Database/Migrations/Migrator.php(633): Illuminate\\Database\\Console\\Migrations\\MigrateCommand->Illuminate\\Database\\Console\\Migrations\\{closure}()
#21 /home/denish/Desktop/Workspace/Internal/dk/attexlaravel/vendor/laravel/framework/src/Illuminate/Database/Console/Migrations/MigrateCommand.php(102): Illuminate\\Database\\Migrations\\Migrator->usingConnection()
#22 /home/denish/Desktop/Workspace/Internal/dk/attexlaravel/vendor/laravel/framework/src/Illuminate/Container/BoundMethod.php(36): Illuminate\\Database\\Console\\Migrations\\MigrateCommand->handle()
#23 /home/denish/Desktop/Workspace/Internal/dk/attexlaravel/vendor/laravel/framework/src/Illuminate/Container/Util.php(41): Illuminate\\Container\\BoundMethod::Illuminate\\Container\\{closure}()
#24 /home/denish/Desktop/Workspace/Internal/dk/attexlaravel/vendor/laravel/framework/src/Illuminate/Container/BoundMethod.php(93): Illuminate\\Container\\Util::unwrapIfClosure()
#25 /home/denish/Desktop/Workspace/Internal/dk/attexlaravel/vendor/laravel/framework/src/Illuminate/Container/BoundMethod.php(37): Illuminate\\Container\\BoundMethod::callBoundMethod()
#26 /home/denish/Desktop/Workspace/Internal/dk/attexlaravel/vendor/laravel/framework/src/Illuminate/Container/Container.php(662): Illuminate\\Container\\BoundMethod::call()
#27 /home/denish/Desktop/Workspace/Internal/dk/attexlaravel/vendor/laravel/framework/src/Illuminate/Console/Command.php(208): Illuminate\\Container\\Container->call()
#28 /home/denish/Desktop/Workspace/Internal/dk/attexlaravel/vendor/symfony/console/Command/Command.php(312): Illuminate\\Console\\Command->execute()
#29 /home/denish/Desktop/Workspace/Internal/dk/attexlaravel/vendor/laravel/framework/src/Illuminate/Console/Command.php(178): Symfony\\Component\\Console\\Command\\Command->run()
#30 /home/denish/Desktop/Workspace/Internal/dk/attexlaravel/vendor/symfony/console/Application.php(1040): Illuminate\\Console\\Command->run()
#31 /home/denish/Desktop/Workspace/Internal/dk/attexlaravel/vendor/symfony/console/Application.php(314): Symfony\\Component\\Console\\Application->doRunCommand()
#32 /home/denish/Desktop/Workspace/Internal/dk/attexlaravel/vendor/symfony/console/Application.php(168): Symfony\\Component\\Console\\Application->doRun()
#33 /home/denish/Desktop/Workspace/Internal/dk/attexlaravel/vendor/laravel/framework/src/Illuminate/Foundation/Console/Kernel.php(200): Symfony\\Component\\Console\\Application->run()
#34 /home/denish/Desktop/Workspace/Internal/dk/attexlaravel/artisan(37): Illuminate\\Foundation\\Console\\Kernel->handle()
#35 {main}
"} 
[2023-06-02 13:29:53] local.ERROR: could not find driver (Connection: sqlite, SQL: PRAGMA foreign_keys = ON;) {"exception":"[object] (Illuminate\\Database\\QueryException(code: 0): could not find driver (Connection: sqlite, SQL: PRAGMA foreign_keys = ON;) at /home/denish/Desktop/Workspace/Internal/dk/attexlaravel/vendor/laravel/framework/src/Illuminate/Database/Connection.php:793)
[stacktrace]
#0 /home/denish/Desktop/Workspace/Internal/dk/attexlaravel/vendor/laravel/framework/src/Illuminate/Database/Connection.php(753): Illuminate\\Database\\Connection->runQueryCallback()
#1 /home/denish/Desktop/Workspace/Internal/dk/attexlaravel/vendor/laravel/framework/src/Illuminate/Database/Connection.php(579): Illuminate\\Database\\Connection->run()
#2 /home/denish/Desktop/Workspace/Internal/dk/attexlaravel/vendor/laravel/framework/src/Illuminate/Database/Schema/Builder.php(398): Illuminate\\Database\\Connection->statement()
#3 /home/denish/Desktop/Workspace/Internal/dk/attexlaravel/vendor/laravel/framework/src/Illuminate/Database/SQLiteConnection.php(35): Illuminate\\Database\\Schema\\Builder->enableForeignKeyConstraints()
#4 /home/denish/Desktop/Workspace/Internal/dk/attexlaravel/vendor/laravel/framework/src/Illuminate/Database/Connectors/ConnectionFactory.php(272): Illuminate\\Database\\SQLiteConnection->__construct()
#5 /home/denish/Desktop/Workspace/Internal/dk/attexlaravel/vendor/laravel/framework/src/Illuminate/Database/Connectors/ConnectionFactory.php(76): Illuminate\\Database\\Connectors\\ConnectionFactory->createConnection()
#6 /home/denish/Desktop/Workspace/Internal/dk/attexlaravel/vendor/laravel/framework/src/Illuminate/Database/Connectors/ConnectionFactory.php(50): Illuminate\\Database\\Connectors\\ConnectionFactory->createSingleConnection()
#7 /home/denish/Desktop/Workspace/Internal/dk/attexlaravel/vendor/laravel/framework/src/Illuminate/Database/DatabaseManager.php(152): Illuminate\\Database\\Connectors\\ConnectionFactory->make()
#8 /home/denish/Desktop/Workspace/Internal/dk/attexlaravel/vendor/laravel/framework/src/Illuminate/Database/DatabaseManager.php(101): Illuminate\\Database\\DatabaseManager->makeConnection()
#9 /home/denish/Desktop/Workspace/Internal/dk/attexlaravel/vendor/laravel/framework/src/Illuminate/Database/Migrations/DatabaseMigrationRepository.php(226): Illuminate\\Database\\DatabaseManager->connection()
#10 /home/denish/Desktop/Workspace/Internal/dk/attexlaravel/vendor/laravel/framework/src/Illuminate/Database/Migrations/DatabaseMigrationRepository.php(182): Illuminate\\Database\\Migrations\\DatabaseMigrationRepository->getConnection()
#11 /home/denish/Desktop/Workspace/Internal/dk/attexlaravel/vendor/laravel/framework/src/Illuminate/Database/Migrations/Migrator.php(700): Illuminate\\Database\\Migrations\\DatabaseMigrationRepository->repositoryExists()
#12 /home/denish/Desktop/Workspace/Internal/dk/attexlaravel/vendor/laravel/framework/src/Illuminate/Database/Console/Migrations/MigrateCommand.php(138): Illuminate\\Database\\Migrations\\Migrator->repositoryExists()
#13 /home/denish/Desktop/Workspace/Internal/dk/attexlaravel/vendor/laravel/framework/src/Illuminate/Support/helpers.php(248): Illuminate\\Database\\Console\\Migrations\\MigrateCommand->Illuminate\\Database\\Console\\Migrations\\{closure}()
#14 /home/denish/Desktop/Workspace/Internal/dk/attexlaravel/vendor/laravel/framework/src/Illuminate/Database/Console/Migrations/MigrateCommand.php(157): retry()
#15 /home/denish/Desktop/Workspace/Internal/dk/attexlaravel/vendor/laravel/framework/src/Illuminate/Database/Console/Migrations/MigrateCommand.php(114): Illuminate\\Database\\Console\\Migrations\\MigrateCommand->repositoryExists()
#16 /home/denish/Desktop/Workspace/Internal/dk/attexlaravel/vendor/laravel/framework/src/Illuminate/Database/Console/Migrations/MigrateCommand.php(82): Illuminate\\Database\\Console\\Migrations\\MigrateCommand->prepareDatabase()
#17 /home/denish/Desktop/Workspace/Internal/dk/attexlaravel/vendor/laravel/framework/src/Illuminate/Database/Migrations/Migrator.php(633): Illuminate\\Database\\Console\\Migrations\\MigrateCommand->Illuminate\\Database\\Console\\Migrations\\{closure}()
#18 /home/denish/Desktop/Workspace/Internal/dk/attexlaravel/vendor/laravel/framework/src/Illuminate/Database/Console/Migrations/MigrateCommand.php(102): Illuminate\\Database\\Migrations\\Migrator->usingConnection()
#19 /home/denish/Desktop/Workspace/Internal/dk/attexlaravel/vendor/laravel/framework/src/Illuminate/Container/BoundMethod.php(36): Illuminate\\Database\\Console\\Migrations\\MigrateCommand->handle()
#20 /home/denish/Desktop/Workspace/Internal/dk/attexlaravel/vendor/laravel/framework/src/Illuminate/Container/Util.php(41): Illuminate\\Container\\BoundMethod::Illuminate\\Container\\{closure}()
#21 /home/denish/Desktop/Workspace/Internal/dk/attexlaravel/vendor/laravel/framework/src/Illuminate/Container/BoundMethod.php(93): Illuminate\\Container\\Util::unwrapIfClosure()
#22 /home/denish/Desktop/Workspace/Internal/dk/attexlaravel/vendor/laravel/framework/src/Illuminate/Container/BoundMethod.php(37): Illuminate\\Container\\BoundMethod::callBoundMethod()
#23 /home/denish/Desktop/Workspace/Internal/dk/attexlaravel/vendor/laravel/framework/src/Illuminate/Container/Container.php(662): Illuminate\\Container\\BoundMethod::call()
#24 /home/denish/Desktop/Workspace/Internal/dk/attexlaravel/vendor/laravel/framework/src/Illuminate/Console/Command.php(208): Illuminate\\Container\\Container->call()
#25 /home/denish/Desktop/Workspace/Internal/dk/attexlaravel/vendor/symfony/console/Command/Command.php(312): Illuminate\\Console\\Command->execute()
#26 /home/denish/Desktop/Workspace/Internal/dk/attexlaravel/vendor/laravel/framework/src/Illuminate/Console/Command.php(178): Symfony\\Component\\Console\\Command\\Command->run()
#27 /home/denish/Desktop/Workspace/Internal/dk/attexlaravel/vendor/symfony/console/Application.php(1040): Illuminate\\Console\\Command->run()
#28 /home/denish/Desktop/Workspace/Internal/dk/attexlaravel/vendor/symfony/console/Application.php(314): Symfony\\Component\\Console\\Application->doRunCommand()
#29 /home/denish/Desktop/Workspace/Internal/dk/attexlaravel/vendor/symfony/console/Application.php(168): Symfony\\Component\\Console\\Application->doRun()
#30 /home/denish/Desktop/Workspace/Internal/dk/attexlaravel/vendor/laravel/framework/src/Illuminate/Foundation/Console/Kernel.php(200): Symfony\\Component\\Console\\Application->run()
#31 /home/denish/Desktop/Workspace/Internal/dk/attexlaravel/artisan(37): Illuminate\\Foundation\\Console\\Kernel->handle()
#32 {main}

[previous exception] [object] (PDOException(code: 0): could not find driver at /home/denish/Desktop/Workspace/Internal/dk/attexlaravel/vendor/laravel/framework/src/Illuminate/Database/Connectors/Connector.php:65)
[stacktrace]
#0 /home/denish/Desktop/Workspace/Internal/dk/attexlaravel/vendor/laravel/framework/src/Illuminate/Database/Connectors/Connector.php(65): PDO->__construct()
#1 /home/denish/Desktop/Workspace/Internal/dk/attexlaravel/vendor/laravel/framework/src/Illuminate/Database/Connectors/Connector.php(45): Illuminate\\Database\\Connectors\\Connector->createPdoConnection()
#2 /home/denish/Desktop/Workspace/Internal/dk/attexlaravel/vendor/laravel/framework/src/Illuminate/Database/Connectors/SQLiteConnector.php(37): Illuminate\\Database\\Connectors\\Connector->createConnection()
#3 /home/denish/Desktop/Workspace/Internal/dk/attexlaravel/vendor/laravel/framework/src/Illuminate/Database/Connectors/ConnectionFactory.php(221): Illuminate\\Database\\Connectors\\SQLiteConnector->connect()
#4 [internal function]: Illuminate\\Database\\Connectors\\ConnectionFactory->Illuminate\\Database\\Connectors\\{closure}()
#5 /home/denish/Desktop/Workspace/Internal/dk/attexlaravel/vendor/laravel/framework/src/Illuminate/Database/Connection.php(1210): call_user_func()
#6 /home/denish/Desktop/Workspace/Internal/dk/attexlaravel/vendor/laravel/framework/src/Illuminate/Database/Connection.php(572): Illuminate\\Database\\Connection->getPdo()
#7 /home/denish/Desktop/Workspace/Internal/dk/attexlaravel/vendor/laravel/framework/src/Illuminate/Database/Connection.php(786): Illuminate\\Database\\Connection->Illuminate\\Database\\{closure}()
#8 /home/denish/Desktop/Workspace/Internal/dk/attexlaravel/vendor/laravel/framework/src/Illuminate/Database/Connection.php(753): Illuminate\\Database\\Connection->runQueryCallback()
#9 /home/denish/Desktop/Workspace/Internal/dk/attexlaravel/vendor/laravel/framework/src/Illuminate/Database/Connection.php(579): Illuminate\\Database\\Connection->run()
#10 /home/denish/Desktop/Workspace/Internal/dk/attexlaravel/vendor/laravel/framework/src/Illuminate/Database/Schema/Builder.php(398): Illuminate\\Database\\Connection->statement()
#11 /home/denish/Desktop/Workspace/Internal/dk/attexlaravel/vendor/laravel/framework/src/Illuminate/Database/SQLiteConnection.php(35): Illuminate\\Database\\Schema\\Builder->enableForeignKeyConstraints()
#12 /home/denish/Desktop/Workspace/Internal/dk/attexlaravel/vendor/laravel/framework/src/Illuminate/Database/Connectors/ConnectionFactory.php(272): Illuminate\\Database\\SQLiteConnection->__construct()
#13 /home/denish/Desktop/Workspace/Internal/dk/attexlaravel/vendor/laravel/framework/src/Illuminate/Database/Connectors/ConnectionFactory.php(76): Illuminate\\Database\\Connectors\\ConnectionFactory->createConnection()
#14 /home/denish/Desktop/Workspace/Internal/dk/attexlaravel/vendor/laravel/framework/src/Illuminate/Database/Connectors/ConnectionFactory.php(50): Illuminate\\Database\\Connectors\\ConnectionFactory->createSingleConnection()
#15 /home/denish/Desktop/Workspace/Internal/dk/attexlaravel/vendor/laravel/framework/src/Illuminate/Database/DatabaseManager.php(152): Illuminate\\Database\\Connectors\\ConnectionFactory->make()
#16 /home/denish/Desktop/Workspace/Internal/dk/attexlaravel/vendor/laravel/framework/src/Illuminate/Database/DatabaseManager.php(101): Illuminate\\Database\\DatabaseManager->makeConnection()
#17 /home/denish/Desktop/Workspace/Internal/dk/attexlaravel/vendor/laravel/framework/src/Illuminate/Database/Migrations/DatabaseMigrationRepository.php(226): Illuminate\\Database\\DatabaseManager->connection()
#18 /home/denish/Desktop/Workspace/Internal/dk/attexlaravel/vendor/laravel/framework/src/Illuminate/Database/Migrations/DatabaseMigrationRepository.php(182): Illuminate\\Database\\Migrations\\DatabaseMigrationRepository->getConnection()
#19 /home/denish/Desktop/Workspace/Internal/dk/attexlaravel/vendor/laravel/framework/src/Illuminate/Database/Migrations/Migrator.php(700): Illuminate\\Database\\Migrations\\DatabaseMigrationRepository->repositoryExists()
#20 /home/denish/Desktop/Workspace/Internal/dk/attexlaravel/vendor/laravel/framework/src/Illuminate/Database/Console/Migrations/MigrateCommand.php(138): Illuminate\\Database\\Migrations\\Migrator->repositoryExists()
#21 /home/denish/Desktop/Workspace/Internal/dk/attexlaravel/vendor/laravel/framework/src/Illuminate/Support/helpers.php(248): Illuminate\\Database\\Console\\Migrations\\MigrateCommand->Illuminate\\Database\\Console\\Migrations\\{closure}()
#22 /home/denish/Desktop/Workspace/Internal/dk/attexlaravel/vendor/laravel/framework/src/Illuminate/Database/Console/Migrations/MigrateCommand.php(157): retry()
#23 /home/denish/Desktop/Workspace/Internal/dk/attexlaravel/vendor/laravel/framework/src/Illuminate/Database/Console/Migrations/MigrateCommand.php(114): Illuminate\\Database\\Console\\Migrations\\MigrateCommand->repositoryExists()
#24 /home/denish/Desktop/Workspace/Internal/dk/attexlaravel/vendor/laravel/framework/src/Illuminate/Database/Console/Migrations/MigrateCommand.php(82): Illuminate\\Database\\Console\\Migrations\\MigrateCommand->prepareDatabase()
#25 /home/denish/Desktop/Workspace/Internal/dk/attexlaravel/vendor/laravel/framework/src/Illuminate/Database/Migrations/Migrator.php(633): Illuminate\\Database\\Console\\Migrations\\MigrateCommand->Illuminate\\Database\\Console\\Migrations\\{closure}()
#26 /home/denish/Desktop/Workspace/Internal/dk/attexlaravel/vendor/laravel/framework/src/Illuminate/Database/Console/Migrations/MigrateCommand.php(102): Illuminate\\Database\\Migrations\\Migrator->usingConnection()
#27 /home/denish/Desktop/Workspace/Internal/dk/attexlaravel/vendor/laravel/framework/src/Illuminate/Container/BoundMethod.php(36): Illuminate\\Database\\Console\\Migrations\\MigrateCommand->handle()
#28 /home/denish/Desktop/Workspace/Internal/dk/attexlaravel/vendor/laravel/framework/src/Illuminate/Container/Util.php(41): Illuminate\\Container\\BoundMethod::Illuminate\\Container\\{closure}()
#29 /home/denish/Desktop/Workspace/Internal/dk/attexlaravel/vendor/laravel/framework/src/Illuminate/Container/BoundMethod.php(93): Illuminate\\Container\\Util::unwrapIfClosure()
#30 /home/denish/Desktop/Workspace/Internal/dk/attexlaravel/vendor/laravel/framework/src/Illuminate/Container/BoundMethod.php(37): Illuminate\\Container\\BoundMethod::callBoundMethod()
#31 /home/denish/Desktop/Workspace/Internal/dk/attexlaravel/vendor/laravel/framework/src/Illuminate/Container/Container.php(662): Illuminate\\Container\\BoundMethod::call()
#32 /home/denish/Desktop/Workspace/Internal/dk/attexlaravel/vendor/laravel/framework/src/Illuminate/Console/Command.php(208): Illuminate\\Container\\Container->call()
#33 /home/denish/Desktop/Workspace/Internal/dk/attexlaravel/vendor/symfony/console/Command/Command.php(312): Illuminate\\Console\\Command->execute()
#34 /home/denish/Desktop/Workspace/Internal/dk/attexlaravel/vendor/laravel/framework/src/Illuminate/Console/Command.php(178): Symfony\\Component\\Console\\Command\\Command->run()
#35 /home/denish/Desktop/Workspace/Internal/dk/attexlaravel/vendor/symfony/console/Application.php(1040): Illuminate\\Console\\Command->run()
#36 /home/denish/Desktop/Workspace/Internal/dk/attexlaravel/vendor/symfony/console/Application.php(314): Symfony\\Component\\Console\\Application->doRunCommand()
#37 /home/denish/Desktop/Workspace/Internal/dk/attexlaravel/vendor/symfony/console/Application.php(168): Symfony\\Component\\Console\\Application->doRun()
#38 /home/denish/Desktop/Workspace/Internal/dk/attexlaravel/vendor/laravel/framework/src/Illuminate/Foundation/Console/Kernel.php(200): Symfony\\Component\\Console\\Application->run()
#39 /home/denish/Desktop/Workspace/Internal/dk/attexlaravel/artisan(37): Illuminate\\Foundation\\Console\\Kernel->handle()
#40 {main}
"} 
[2023-06-02 13:30:39] local.ERROR: could not find driver (Connection: sqlite, SQL: PRAGMA foreign_keys = ON;) {"exception":"[object] (Illuminate\\Database\\QueryException(code: 0): could not find driver (Connection: sqlite, SQL: PRAGMA foreign_keys = ON;) at /home/denish/Desktop/Workspace/Internal/dk/attexlaravel/vendor/laravel/framework/src/Illuminate/Database/Connection.php:793)
[stacktrace]
#0 /home/denish/Desktop/Workspace/Internal/dk/attexlaravel/vendor/laravel/framework/src/Illuminate/Database/Connection.php(753): Illuminate\\Database\\Connection->runQueryCallback()
#1 /home/denish/Desktop/Workspace/Internal/dk/attexlaravel/vendor/laravel/framework/src/Illuminate/Database/Connection.php(579): Illuminate\\Database\\Connection->run()
#2 /home/denish/Desktop/Workspace/Internal/dk/attexlaravel/vendor/laravel/framework/src/Illuminate/Database/Schema/Builder.php(398): Illuminate\\Database\\Connection->statement()
#3 /home/denish/Desktop/Workspace/Internal/dk/attexlaravel/vendor/laravel/framework/src/Illuminate/Database/SQLiteConnection.php(35): Illuminate\\Database\\Schema\\Builder->enableForeignKeyConstraints()
#4 /home/denish/Desktop/Workspace/Internal/dk/attexlaravel/vendor/laravel/framework/src/Illuminate/Database/Connectors/ConnectionFactory.php(272): Illuminate\\Database\\SQLiteConnection->__construct()
#5 /home/denish/Desktop/Workspace/Internal/dk/attexlaravel/vendor/laravel/framework/src/Illuminate/Database/Connectors/ConnectionFactory.php(76): Illuminate\\Database\\Connectors\\ConnectionFactory->createConnection()
#6 /home/denish/Desktop/Workspace/Internal/dk/attexlaravel/vendor/laravel/framework/src/Illuminate/Database/Connectors/ConnectionFactory.php(50): Illuminate\\Database\\Connectors\\ConnectionFactory->createSingleConnection()
#7 /home/denish/Desktop/Workspace/Internal/dk/attexlaravel/vendor/laravel/framework/src/Illuminate/Database/DatabaseManager.php(152): Illuminate\\Database\\Connectors\\ConnectionFactory->make()
#8 /home/denish/Desktop/Workspace/Internal/dk/attexlaravel/vendor/laravel/framework/src/Illuminate/Database/DatabaseManager.php(101): Illuminate\\Database\\DatabaseManager->makeConnection()
#9 /home/denish/Desktop/Workspace/Internal/dk/attexlaravel/vendor/laravel/framework/src/Illuminate/Database/Migrations/DatabaseMigrationRepository.php(226): Illuminate\\Database\\DatabaseManager->connection()
#10 /home/denish/Desktop/Workspace/Internal/dk/attexlaravel/vendor/laravel/framework/src/Illuminate/Database/Migrations/DatabaseMigrationRepository.php(182): Illuminate\\Database\\Migrations\\DatabaseMigrationRepository->getConnection()
#11 /home/denish/Desktop/Workspace/Internal/dk/attexlaravel/vendor/laravel/framework/src/Illuminate/Database/Migrations/Migrator.php(700): Illuminate\\Database\\Migrations\\DatabaseMigrationRepository->repositoryExists()
#12 /home/denish/Desktop/Workspace/Internal/dk/attexlaravel/vendor/laravel/framework/src/Illuminate/Database/Console/Migrations/MigrateCommand.php(138): Illuminate\\Database\\Migrations\\Migrator->repositoryExists()
#13 /home/denish/Desktop/Workspace/Internal/dk/attexlaravel/vendor/laravel/framework/src/Illuminate/Support/helpers.php(248): Illuminate\\Database\\Console\\Migrations\\MigrateCommand->Illuminate\\Database\\Console\\Migrations\\{closure}()
#14 /home/denish/Desktop/Workspace/Internal/dk/attexlaravel/vendor/laravel/framework/src/Illuminate/Database/Console/Migrations/MigrateCommand.php(157): retry()
#15 /home/denish/Desktop/Workspace/Internal/dk/attexlaravel/vendor/laravel/framework/src/Illuminate/Database/Console/Migrations/MigrateCommand.php(114): Illuminate\\Database\\Console\\Migrations\\MigrateCommand->repositoryExists()
#16 /home/denish/Desktop/Workspace/Internal/dk/attexlaravel/vendor/laravel/framework/src/Illuminate/Database/Console/Migrations/MigrateCommand.php(82): Illuminate\\Database\\Console\\Migrations\\MigrateCommand->prepareDatabase()
#17 /home/denish/Desktop/Workspace/Internal/dk/attexlaravel/vendor/laravel/framework/src/Illuminate/Database/Migrations/Migrator.php(633): Illuminate\\Database\\Console\\Migrations\\MigrateCommand->Illuminate\\Database\\Console\\Migrations\\{closure}()
#18 /home/denish/Desktop/Workspace/Internal/dk/attexlaravel/vendor/laravel/framework/src/Illuminate/Database/Console/Migrations/MigrateCommand.php(102): Illuminate\\Database\\Migrations\\Migrator->usingConnection()
#19 /home/denish/Desktop/Workspace/Internal/dk/attexlaravel/vendor/laravel/framework/src/Illuminate/Container/BoundMethod.php(36): Illuminate\\Database\\Console\\Migrations\\MigrateCommand->handle()
#20 /home/denish/Desktop/Workspace/Internal/dk/attexlaravel/vendor/laravel/framework/src/Illuminate/Container/Util.php(41): Illuminate\\Container\\BoundMethod::Illuminate\\Container\\{closure}()
#21 /home/denish/Desktop/Workspace/Internal/dk/attexlaravel/vendor/laravel/framework/src/Illuminate/Container/BoundMethod.php(93): Illuminate\\Container\\Util::unwrapIfClosure()
#22 /home/denish/Desktop/Workspace/Internal/dk/attexlaravel/vendor/laravel/framework/src/Illuminate/Container/BoundMethod.php(37): Illuminate\\Container\\BoundMethod::callBoundMethod()
#23 /home/denish/Desktop/Workspace/Internal/dk/attexlaravel/vendor/laravel/framework/src/Illuminate/Container/Container.php(662): Illuminate\\Container\\BoundMethod::call()
#24 /home/denish/Desktop/Workspace/Internal/dk/attexlaravel/vendor/laravel/framework/src/Illuminate/Console/Command.php(208): Illuminate\\Container\\Container->call()
#25 /home/denish/Desktop/Workspace/Internal/dk/attexlaravel/vendor/symfony/console/Command/Command.php(312): Illuminate\\Console\\Command->execute()
#26 /home/denish/Desktop/Workspace/Internal/dk/attexlaravel/vendor/laravel/framework/src/Illuminate/Console/Command.php(178): Symfony\\Component\\Console\\Command\\Command->run()
#27 /home/denish/Desktop/Workspace/Internal/dk/attexlaravel/vendor/symfony/console/Application.php(1040): Illuminate\\Console\\Command->run()
#28 /home/denish/Desktop/Workspace/Internal/dk/attexlaravel/vendor/symfony/console/Application.php(314): Symfony\\Component\\Console\\Application->doRunCommand()
#29 /home/denish/Desktop/Workspace/Internal/dk/attexlaravel/vendor/symfony/console/Application.php(168): Symfony\\Component\\Console\\Application->doRun()
#30 /home/denish/Desktop/Workspace/Internal/dk/attexlaravel/vendor/laravel/framework/src/Illuminate/Foundation/Console/Kernel.php(200): Symfony\\Component\\Console\\Application->run()
#31 /home/denish/Desktop/Workspace/Internal/dk/attexlaravel/artisan(37): Illuminate\\Foundation\\Console\\Kernel->handle()
#32 {main}

[previous exception] [object] (PDOException(code: 0): could not find driver at /home/denish/Desktop/Workspace/Internal/dk/attexlaravel/vendor/laravel/framework/src/Illuminate/Database/Connectors/Connector.php:65)
[stacktrace]
#0 /home/denish/Desktop/Workspace/Internal/dk/attexlaravel/vendor/laravel/framework/src/Illuminate/Database/Connectors/Connector.php(65): PDO->__construct()
#1 /home/denish/Desktop/Workspace/Internal/dk/attexlaravel/vendor/laravel/framework/src/Illuminate/Database/Connectors/Connector.php(45): Illuminate\\Database\\Connectors\\Connector->createPdoConnection()
#2 /home/denish/Desktop/Workspace/Internal/dk/attexlaravel/vendor/laravel/framework/src/Illuminate/Database/Connectors/SQLiteConnector.php(37): Illuminate\\Database\\Connectors\\Connector->createConnection()
#3 /home/denish/Desktop/Workspace/Internal/dk/attexlaravel/vendor/laravel/framework/src/Illuminate/Database/Connectors/ConnectionFactory.php(221): Illuminate\\Database\\Connectors\\SQLiteConnector->connect()
#4 [internal function]: Illuminate\\Database\\Connectors\\ConnectionFactory->Illuminate\\Database\\Connectors\\{closure}()
#5 /home/denish/Desktop/Workspace/Internal/dk/attexlaravel/vendor/laravel/framework/src/Illuminate/Database/Connection.php(1210): call_user_func()
#6 /home/denish/Desktop/Workspace/Internal/dk/attexlaravel/vendor/laravel/framework/src/Illuminate/Database/Connection.php(572): Illuminate\\Database\\Connection->getPdo()
#7 /home/denish/Desktop/Workspace/Internal/dk/attexlaravel/vendor/laravel/framework/src/Illuminate/Database/Connection.php(786): Illuminate\\Database\\Connection->Illuminate\\Database\\{closure}()
#8 /home/denish/Desktop/Workspace/Internal/dk/attexlaravel/vendor/laravel/framework/src/Illuminate/Database/Connection.php(753): Illuminate\\Database\\Connection->runQueryCallback()
#9 /home/denish/Desktop/Workspace/Internal/dk/attexlaravel/vendor/laravel/framework/src/Illuminate/Database/Connection.php(579): Illuminate\\Database\\Connection->run()
#10 /home/denish/Desktop/Workspace/Internal/dk/attexlaravel/vendor/laravel/framework/src/Illuminate/Database/Schema/Builder.php(398): Illuminate\\Database\\Connection->statement()
#11 /home/denish/Desktop/Workspace/Internal/dk/attexlaravel/vendor/laravel/framework/src/Illuminate/Database/SQLiteConnection.php(35): Illuminate\\Database\\Schema\\Builder->enableForeignKeyConstraints()
#12 /home/denish/Desktop/Workspace/Internal/dk/attexlaravel/vendor/laravel/framework/src/Illuminate/Database/Connectors/ConnectionFactory.php(272): Illuminate\\Database\\SQLiteConnection->__construct()
#13 /home/denish/Desktop/Workspace/Internal/dk/attexlaravel/vendor/laravel/framework/src/Illuminate/Database/Connectors/ConnectionFactory.php(76): Illuminate\\Database\\Connectors\\ConnectionFactory->createConnection()
#14 /home/denish/Desktop/Workspace/Internal/dk/attexlaravel/vendor/laravel/framework/src/Illuminate/Database/Connectors/ConnectionFactory.php(50): Illuminate\\Database\\Connectors\\ConnectionFactory->createSingleConnection()
#15 /home/denish/Desktop/Workspace/Internal/dk/attexlaravel/vendor/laravel/framework/src/Illuminate/Database/DatabaseManager.php(152): Illuminate\\Database\\Connectors\\ConnectionFactory->make()
#16 /home/denish/Desktop/Workspace/Internal/dk/attexlaravel/vendor/laravel/framework/src/Illuminate/Database/DatabaseManager.php(101): Illuminate\\Database\\DatabaseManager->makeConnection()
#17 /home/denish/Desktop/Workspace/Internal/dk/attexlaravel/vendor/laravel/framework/src/Illuminate/Database/Migrations/DatabaseMigrationRepository.php(226): Illuminate\\Database\\DatabaseManager->connection()
#18 /home/denish/Desktop/Workspace/Internal/dk/attexlaravel/vendor/laravel/framework/src/Illuminate/Database/Migrations/DatabaseMigrationRepository.php(182): Illuminate\\Database\\Migrations\\DatabaseMigrationRepository->getConnection()
#19 /home/denish/Desktop/Workspace/Internal/dk/attexlaravel/vendor/laravel/framework/src/Illuminate/Database/Migrations/Migrator.php(700): Illuminate\\Database\\Migrations\\DatabaseMigrationRepository->repositoryExists()
#20 /home/denish/Desktop/Workspace/Internal/dk/attexlaravel/vendor/laravel/framework/src/Illuminate/Database/Console/Migrations/MigrateCommand.php(138): Illuminate\\Database\\Migrations\\Migrator->repositoryExists()
#21 /home/denish/Desktop/Workspace/Internal/dk/attexlaravel/vendor/laravel/framework/src/Illuminate/Support/helpers.php(248): Illuminate\\Database\\Console\\Migrations\\MigrateCommand->Illuminate\\Database\\Console\\Migrations\\{closure}()
#22 /home/denish/Desktop/Workspace/Internal/dk/attexlaravel/vendor/laravel/framework/src/Illuminate/Database/Console/Migrations/MigrateCommand.php(157): retry()
#23 /home/denish/Desktop/Workspace/Internal/dk/attexlaravel/vendor/laravel/framework/src/Illuminate/Database/Console/Migrations/MigrateCommand.php(114): Illuminate\\Database\\Console\\Migrations\\MigrateCommand->repositoryExists()
#24 /home/denish/Desktop/Workspace/Internal/dk/attexlaravel/vendor/laravel/framework/src/Illuminate/Database/Console/Migrations/MigrateCommand.php(82): Illuminate\\Database\\Console\\Migrations\\MigrateCommand->prepareDatabase()
#25 /home/denish/Desktop/Workspace/Internal/dk/attexlaravel/vendor/laravel/framework/src/Illuminate/Database/Migrations/Migrator.php(633): Illuminate\\Database\\Console\\Migrations\\MigrateCommand->Illuminate\\Database\\Console\\Migrations\\{closure}()
#26 /home/denish/Desktop/Workspace/Internal/dk/attexlaravel/vendor/laravel/framework/src/Illuminate/Database/Console/Migrations/MigrateCommand.php(102): Illuminate\\Database\\Migrations\\Migrator->usingConnection()
#27 /home/denish/Desktop/Workspace/Internal/dk/attexlaravel/vendor/laravel/framework/src/Illuminate/Container/BoundMethod.php(36): Illuminate\\Database\\Console\\Migrations\\MigrateCommand->handle()
#28 /home/denish/Desktop/Workspace/Internal/dk/attexlaravel/vendor/laravel/framework/src/Illuminate/Container/Util.php(41): Illuminate\\Container\\BoundMethod::Illuminate\\Container\\{closure}()
#29 /home/denish/Desktop/Workspace/Internal/dk/attexlaravel/vendor/laravel/framework/src/Illuminate/Container/BoundMethod.php(93): Illuminate\\Container\\Util::unwrapIfClosure()
#30 /home/denish/Desktop/Workspace/Internal/dk/attexlaravel/vendor/laravel/framework/src/Illuminate/Container/BoundMethod.php(37): Illuminate\\Container\\BoundMethod::callBoundMethod()
#31 /home/denish/Desktop/Workspace/Internal/dk/attexlaravel/vendor/laravel/framework/src/Illuminate/Container/Container.php(662): Illuminate\\Container\\BoundMethod::call()
#32 /home/denish/Desktop/Workspace/Internal/dk/attexlaravel/vendor/laravel/framework/src/Illuminate/Console/Command.php(208): Illuminate\\Container\\Container->call()
#33 /home/denish/Desktop/Workspace/Internal/dk/attexlaravel/vendor/symfony/console/Command/Command.php(312): Illuminate\\Console\\Command->execute()
#34 /home/denish/Desktop/Workspace/Internal/dk/attexlaravel/vendor/laravel/framework/src/Illuminate/Console/Command.php(178): Symfony\\Component\\Console\\Command\\Command->run()
#35 /home/denish/Desktop/Workspace/Internal/dk/attexlaravel/vendor/symfony/console/Application.php(1040): Illuminate\\Console\\Command->run()
#36 /home/denish/Desktop/Workspace/Internal/dk/attexlaravel/vendor/symfony/console/Application.php(314): Symfony\\Component\\Console\\Application->doRunCommand()
#37 /home/denish/Desktop/Workspace/Internal/dk/attexlaravel/vendor/symfony/console/Application.php(168): Symfony\\Component\\Console\\Application->doRun()
#38 /home/denish/Desktop/Workspace/Internal/dk/attexlaravel/vendor/laravel/framework/src/Illuminate/Foundation/Console/Kernel.php(200): Symfony\\Component\\Console\\Application->run()
#39 /home/denish/Desktop/Workspace/Internal/dk/attexlaravel/artisan(37): Illuminate\\Foundation\\Console\\Kernel->handle()
#40 {main}
"} 
[2023-06-02 13:32:09] local.ERROR: Command "seed" is not defined.

Did you mean one of these?
    db:seed
    make:seeder {"exception":"[object] (Symfony\\Component\\Console\\Exception\\CommandNotFoundException(code: 0): Command \"seed\" is not defined.

Did you mean one of these?
    db:seed
    make:seeder at /home/denish/Desktop/Workspace/Internal/dk/attexlaravel/vendor/symfony/console/Application.php:702)
[stacktrace]
#0 /home/denish/Desktop/Workspace/Internal/dk/attexlaravel/vendor/symfony/console/Application.php(256): Symfony\\Component\\Console\\Application->find()
#1 /home/denish/Desktop/Workspace/Internal/dk/attexlaravel/vendor/symfony/console/Application.php(168): Symfony\\Component\\Console\\Application->doRun()
#2 /home/denish/Desktop/Workspace/Internal/dk/attexlaravel/vendor/laravel/framework/src/Illuminate/Foundation/Console/Kernel.php(200): Symfony\\Component\\Console\\Application->run()
#3 /home/denish/Desktop/Workspace/Internal/dk/attexlaravel/artisan(37): Illuminate\\Foundation\\Console\\Kernel->handle()
#4 {main}
"} 
[2023-06-02 13:39:22] local.ERROR: Vite manifest not found at: /home/denish/Desktop/Workspace/Internal/dk/attexlaravel/public/build/manifest.json {"view":{"view":"/home/denish/Desktop/Workspace/Internal/dk/attexlaravel/resources/views/index.blade.php","data":[]},"userId":1,"exception":"[object] (Spatie\\LaravelIgnition\\Exceptions\\ViewException(code: 0): Vite manifest not found at: /home/denish/Desktop/Workspace/Internal/dk/attexlaravel/public/build/manifest.json at /home/denish/Desktop/Workspace/Internal/dk/attexlaravel/vendor/laravel/framework/src/Illuminate/Foundation/Vite.php:684)
[stacktrace]
#0 /home/denish/Desktop/Workspace/Internal/dk/attexlaravel/vendor/laravel/framework/src/Illuminate/Foundation/Vite.php(273): Illuminate\\Foundation\\Vite->manifest()
#1 /home/denish/Desktop/Workspace/Internal/dk/attexlaravel/resources/views/index.blade.php(4): Illuminate\\Foundation\\Vite->__invoke()
#2 /home/denish/Desktop/Workspace/Internal/dk/attexlaravel/vendor/laravel/framework/src/Illuminate/Filesystem/Filesystem.php(124): require('...')
#3 /home/denish/Desktop/Workspace/Internal/dk/attexlaravel/vendor/laravel/framework/src/Illuminate/Filesystem/Filesystem.php(125): Illuminate\\Filesystem\\Filesystem::Illuminate\\Filesystem\\{closure}()
#4 /home/denish/Desktop/Workspace/Internal/dk/attexlaravel/vendor/laravel/framework/src/Illuminate/View/Engines/PhpEngine.php(58): Illuminate\\Filesystem\\Filesystem->getRequire()
#5 /home/denish/Desktop/Workspace/Internal/dk/attexlaravel/vendor/laravel/framework/src/Illuminate/View/Engines/CompilerEngine.php(70): Illuminate\\View\\Engines\\PhpEngine->evaluatePath()
#6 /home/denish/Desktop/Workspace/Internal/dk/attexlaravel/vendor/laravel/framework/src/Illuminate/View/View.php(195): Illuminate\\View\\Engines\\CompilerEngine->get()
#7 /home/denish/Desktop/Workspace/Internal/dk/attexlaravel/vendor/laravel/framework/src/Illuminate/View/View.php(178): Illuminate\\View\\View->getContents()
#8 /home/denish/Desktop/Workspace/Internal/dk/attexlaravel/vendor/laravel/framework/src/Illuminate/View/View.php(147): Illuminate\\View\\View->renderContents()
#9 /home/denish/Desktop/Workspace/Internal/dk/attexlaravel/vendor/laravel/framework/src/Illuminate/Http/Response.php(69): Illuminate\\View\\View->render()
#10 /home/denish/Desktop/Workspace/Internal/dk/attexlaravel/vendor/laravel/framework/src/Illuminate/Http/Response.php(35): Illuminate\\Http\\Response->setContent()
#11 /home/denish/Desktop/Workspace/Internal/dk/attexlaravel/vendor/laravel/framework/src/Illuminate/Routing/Router.php(905): Illuminate\\Http\\Response->__construct()
#12 /home/denish/Desktop/Workspace/Internal/dk/attexlaravel/vendor/laravel/framework/src/Illuminate/Routing/Router.php(874): Illuminate\\Routing\\Router::toResponse()
#13 /home/denish/Desktop/Workspace/Internal/dk/attexlaravel/vendor/laravel/framework/src/Illuminate/Routing/Router.php(797): Illuminate\\Routing\\Router->prepareResponse()
#14 /home/denish/Desktop/Workspace/Internal/dk/attexlaravel/vendor/laravel/framework/src/Illuminate/Pipeline/Pipeline.php(141): Illuminate\\Routing\\Router->Illuminate\\Routing\\{closure}()
#15 /home/denish/Desktop/Workspace/Internal/dk/attexlaravel/vendor/laravel/framework/src/Illuminate/Routing/Middleware/SubstituteBindings.php(50): Illuminate\\Pipeline\\Pipeline->Illuminate\\Pipeline\\{closure}()
#16 /home/denish/Desktop/Workspace/Internal/dk/attexlaravel/vendor/laravel/framework/src/Illuminate/Pipeline/Pipeline.php(180): Illuminate\\Routing\\Middleware\\SubstituteBindings->handle()
#17 /home/denish/Desktop/Workspace/Internal/dk/attexlaravel/vendor/laravel/framework/src/Illuminate/Foundation/Http/Middleware/VerifyCsrfToken.php(78): Illuminate\\Pipeline\\Pipeline->Illuminate\\Pipeline\\{closure}()
#18 /home/denish/Desktop/Workspace/Internal/dk/attexlaravel/vendor/laravel/framework/src/Illuminate/Pipeline/Pipeline.php(180): Illuminate\\Foundation\\Http\\Middleware\\VerifyCsrfToken->handle()
#19 /home/denish/Desktop/Workspace/Internal/dk/attexlaravel/vendor/laravel/framework/src/Illuminate/View/Middleware/ShareErrorsFromSession.php(49): Illuminate\\Pipeline\\Pipeline->Illuminate\\Pipeline\\{closure}()
#20 /home/denish/Desktop/Workspace/Internal/dk/attexlaravel/vendor/laravel/framework/src/Illuminate/Pipeline/Pipeline.php(180): Illuminate\\View\\Middleware\\ShareErrorsFromSession->handle()
#21 /home/denish/Desktop/Workspace/Internal/dk/attexlaravel/vendor/laravel/framework/src/Illuminate/Session/Middleware/StartSession.php(121): Illuminate\\Pipeline\\Pipeline->Illuminate\\Pipeline\\{closure}()
#22 /home/denish/Desktop/Workspace/Internal/dk/attexlaravel/vendor/laravel/framework/src/Illuminate/Session/Middleware/StartSession.php(64): Illuminate\\Session\\Middleware\\StartSession->handleStatefulRequest()
#23 /home/denish/Desktop/Workspace/Internal/dk/attexlaravel/vendor/laravel/framework/src/Illuminate/Pipeline/Pipeline.php(180): Illuminate\\Session\\Middleware\\StartSession->handle()
#24 /home/denish/Desktop/Workspace/Internal/dk/attexlaravel/vendor/laravel/framework/src/Illuminate/Cookie/Middleware/AddQueuedCookiesToResponse.php(37): Illuminate\\Pipeline\\Pipeline->Illuminate\\Pipeline\\{closure}()
#25 /home/denish/Desktop/Workspace/Internal/dk/attexlaravel/vendor/laravel/framework/src/Illuminate/Pipeline/Pipeline.php(180): Illuminate\\Cookie\\Middleware\\AddQueuedCookiesToResponse->handle()
#26 /home/denish/Desktop/Workspace/Internal/dk/attexlaravel/vendor/laravel/framework/src/Illuminate/Cookie/Middleware/EncryptCookies.php(67): Illuminate\\Pipeline\\Pipeline->Illuminate\\Pipeline\\{closure}()
#27 /home/denish/Desktop/Workspace/Internal/dk/attexlaravel/vendor/laravel/framework/src/Illuminate/Pipeline/Pipeline.php(180): Illuminate\\Cookie\\Middleware\\EncryptCookies->handle()
#28 /home/denish/Desktop/Workspace/Internal/dk/attexlaravel/vendor/laravel/framework/src/Illuminate/Pipeline/Pipeline.php(116): Illuminate\\Pipeline\\Pipeline->Illuminate\\Pipeline\\{closure}()
#29 /home/denish/Desktop/Workspace/Internal/dk/attexlaravel/vendor/laravel/framework/src/Illuminate/Routing/Router.php(798): Illuminate\\Pipeline\\Pipeline->then()
#30 /home/denish/Desktop/Workspace/Internal/dk/attexlaravel/vendor/laravel/framework/src/Illuminate/Routing/Router.php(775): Illuminate\\Routing\\Router->runRouteWithinStack()
#31 /home/denish/Desktop/Workspace/Internal/dk/attexlaravel/vendor/laravel/framework/src/Illuminate/Routing/Router.php(739): Illuminate\\Routing\\Router->runRoute()
#32 /home/denish/Desktop/Workspace/Internal/dk/attexlaravel/vendor/laravel/framework/src/Illuminate/Routing/Router.php(728): Illuminate\\Routing\\Router->dispatchToRoute()
#33 /home/denish/Desktop/Workspace/Internal/dk/attexlaravel/vendor/laravel/framework/src/Illuminate/Foundation/Http/Kernel.php(200): Illuminate\\Routing\\Router->dispatch()
#34 /home/denish/Desktop/Workspace/Internal/dk/attexlaravel/vendor/laravel/framework/src/Illuminate/Pipeline/Pipeline.php(141): Illuminate\\Foundation\\Http\\Kernel->Illuminate\\Foundation\\Http\\{closure}()
#35 /home/denish/Desktop/Workspace/Internal/dk/attexlaravel/vendor/laravel/framework/src/Illuminate/Foundation/Http/Middleware/TransformsRequest.php(21): Illuminate\\Pipeline\\Pipeline->Illuminate\\Pipeline\\{closure}()
#36 /home/denish/Desktop/Workspace/Internal/dk/attexlaravel/vendor/laravel/framework/src/Illuminate/Foundation/Http/Middleware/ConvertEmptyStringsToNull.php(31): Illuminate\\Foundation\\Http\\Middleware\\TransformsRequest->handle()
#37 /home/denish/Desktop/Workspace/Internal/dk/attexlaravel/vendor/laravel/framework/src/Illuminate/Pipeline/Pipeline.php(180): Illuminate\\Foundation\\Http\\Middleware\\ConvertEmptyStringsToNull->handle()
#38 /home/denish/Desktop/Workspace/Internal/dk/attexlaravel/vendor/laravel/framework/src/Illuminate/Foundation/Http/Middleware/TransformsRequest.php(21): Illuminate\\Pipeline\\Pipeline->Illuminate\\Pipeline\\{closure}()
#39 /home/denish/Desktop/Workspace/Internal/dk/attexlaravel/vendor/laravel/framework/src/Illuminate/Foundation/Http/Middleware/TrimStrings.php(40): Illuminate\\Foundation\\Http\\Middleware\\TransformsRequest->handle()
#40 /home/denish/Desktop/Workspace/Internal/dk/attexlaravel/vendor/laravel/framework/src/Illuminate/Pipeline/Pipeline.php(180): Illuminate\\Foundation\\Http\\Middleware\\TrimStrings->handle()
#41 /home/denish/Desktop/Workspace/Internal/dk/attexlaravel/vendor/laravel/framework/src/Illuminate/Foundation/Http/Middleware/ValidatePostSize.php(27): Illuminate\\Pipeline\\Pipeline->Illuminate\\Pipeline\\{closure}()
#42 /home/denish/Desktop/Workspace/Internal/dk/attexlaravel/vendor/laravel/framework/src/Illuminate/Pipeline/Pipeline.php(180): Illuminate\\Foundation\\Http\\Middleware\\ValidatePostSize->handle()
#43 /home/denish/Desktop/Workspace/Internal/dk/attexlaravel/vendor/laravel/framework/src/Illuminate/Foundation/Http/Middleware/PreventRequestsDuringMaintenance.php(86): Illuminate\\Pipeline\\Pipeline->Illuminate\\Pipeline\\{closure}()
#44 /home/denish/Desktop/Workspace/Internal/dk/attexlaravel/vendor/laravel/framework/src/Illuminate/Pipeline/Pipeline.php(180): Illuminate\\Foundation\\Http\\Middleware\\PreventRequestsDuringMaintenance->handle()
#45 /home/denish/Desktop/Workspace/Internal/dk/attexlaravel/vendor/laravel/framework/src/Illuminate/Http/Middleware/HandleCors.php(49): Illuminate\\Pipeline\\Pipeline->Illuminate\\Pipeline\\{closure}()
#46 /home/denish/Desktop/Workspace/Internal/dk/attexlaravel/vendor/laravel/framework/src/Illuminate/Pipeline/Pipeline.php(180): Illuminate\\Http\\Middleware\\HandleCors->handle()
#47 /home/denish/Desktop/Workspace/Internal/dk/attexlaravel/vendor/laravel/framework/src/Illuminate/Http/Middleware/TrustProxies.php(39): Illuminate\\Pipeline\\Pipeline->Illuminate\\Pipeline\\{closure}()
#48 /home/denish/Desktop/Workspace/Internal/dk/attexlaravel/vendor/laravel/framework/src/Illuminate/Pipeline/Pipeline.php(180): Illuminate\\Http\\Middleware\\TrustProxies->handle()
#49 /home/denish/Desktop/Workspace/Internal/dk/attexlaravel/vendor/laravel/framework/src/Illuminate/Pipeline/Pipeline.php(116): Illuminate\\Pipeline\\Pipeline->Illuminate\\Pipeline\\{closure}()
#50 /home/denish/Desktop/Workspace/Internal/dk/attexlaravel/vendor/laravel/framework/src/Illuminate/Foundation/Http/Kernel.php(175): Illuminate\\Pipeline\\Pipeline->then()
#51 /home/denish/Desktop/Workspace/Internal/dk/attexlaravel/vendor/laravel/framework/src/Illuminate/Foundation/Http/Kernel.php(144): Illuminate\\Foundation\\Http\\Kernel->sendRequestThroughRouter()
#52 /home/denish/Desktop/Workspace/Internal/dk/attexlaravel/public/index.php(52): Illuminate\\Foundation\\Http\\Kernel->handle()
#53 /home/denish/Desktop/Workspace/Internal/dk/attexlaravel/vendor/laravel/framework/src/Illuminate/Foundation/resources/server.php(16): require_once('...')
#54 {main}

[previous exception] [object] (Exception(code: 0): Vite manifest not found at: /home/denish/Desktop/Workspace/Internal/dk/attexlaravel/public/build/manifest.json at /home/denish/Desktop/Workspace/Internal/dk/attexlaravel/vendor/laravel/framework/src/Illuminate/Foundation/Vite.php:684)
[stacktrace]
#0 /home/denish/Desktop/Workspace/Internal/dk/attexlaravel/vendor/laravel/framework/src/Illuminate/Foundation/Vite.php(273): Illuminate\\Foundation\\Vite->manifest()
#1 /home/denish/Desktop/Workspace/Internal/dk/attexlaravel/storage/framework/views/99227b069eb3e0e687e161553c4d511f.php(2): Illuminate\\Foundation\\Vite->__invoke()
#2 /home/denish/Desktop/Workspace/Internal/dk/attexlaravel/vendor/laravel/framework/src/Illuminate/Filesystem/Filesystem.php(124): require('...')
#3 /home/denish/Desktop/Workspace/Internal/dk/attexlaravel/vendor/laravel/framework/src/Illuminate/Filesystem/Filesystem.php(125): Illuminate\\Filesystem\\Filesystem::Illuminate\\Filesystem\\{closure}()
#4 /home/denish/Desktop/Workspace/Internal/dk/attexlaravel/vendor/laravel/framework/src/Illuminate/View/Engines/PhpEngine.php(58): Illuminate\\Filesystem\\Filesystem->getRequire()
#5 /home/denish/Desktop/Workspace/Internal/dk/attexlaravel/vendor/laravel/framework/src/Illuminate/View/Engines/CompilerEngine.php(70): Illuminate\\View\\Engines\\PhpEngine->evaluatePath()
#6 /home/denish/Desktop/Workspace/Internal/dk/attexlaravel/vendor/laravel/framework/src/Illuminate/View/View.php(195): Illuminate\\View\\Engines\\CompilerEngine->get()
#7 /home/denish/Desktop/Workspace/Internal/dk/attexlaravel/vendor/laravel/framework/src/Illuminate/View/View.php(178): Illuminate\\View\\View->getContents()
#8 /home/denish/Desktop/Workspace/Internal/dk/attexlaravel/vendor/laravel/framework/src/Illuminate/View/View.php(147): Illuminate\\View\\View->renderContents()
#9 /home/denish/Desktop/Workspace/Internal/dk/attexlaravel/vendor/laravel/framework/src/Illuminate/Http/Response.php(69): Illuminate\\View\\View->render()
#10 /home/denish/Desktop/Workspace/Internal/dk/attexlaravel/vendor/laravel/framework/src/Illuminate/Http/Response.php(35): Illuminate\\Http\\Response->setContent()
#11 /home/denish/Desktop/Workspace/Internal/dk/attexlaravel/vendor/laravel/framework/src/Illuminate/Routing/Router.php(905): Illuminate\\Http\\Response->__construct()
#12 /home/denish/Desktop/Workspace/Internal/dk/attexlaravel/vendor/laravel/framework/src/Illuminate/Routing/Router.php(874): Illuminate\\Routing\\Router::toResponse()
#13 /home/denish/Desktop/Workspace/Internal/dk/attexlaravel/vendor/laravel/framework/src/Illuminate/Routing/Router.php(797): Illuminate\\Routing\\Router->prepareResponse()
#14 /home/denish/Desktop/Workspace/Internal/dk/attexlaravel/vendor/laravel/framework/src/Illuminate/Pipeline/Pipeline.php(141): Illuminate\\Routing\\Router->Illuminate\\Routing\\{closure}()
#15 /home/denish/Desktop/Workspace/Internal/dk/attexlaravel/vendor/laravel/framework/src/Illuminate/Routing/Middleware/SubstituteBindings.php(50): Illuminate\\Pipeline\\Pipeline->Illuminate\\Pipeline\\{closure}()
#16 /home/denish/Desktop/Workspace/Internal/dk/attexlaravel/vendor/laravel/framework/src/Illuminate/Pipeline/Pipeline.php(180): Illuminate\\Routing\\Middleware\\SubstituteBindings->handle()
#17 /home/denish/Desktop/Workspace/Internal/dk/attexlaravel/vendor/laravel/framework/src/Illuminate/Foundation/Http/Middleware/VerifyCsrfToken.php(78): Illuminate\\Pipeline\\Pipeline->Illuminate\\Pipeline\\{closure}()
#18 /home/denish/Desktop/Workspace/Internal/dk/attexlaravel/vendor/laravel/framework/src/Illuminate/Pipeline/Pipeline.php(180): Illuminate\\Foundation\\Http\\Middleware\\VerifyCsrfToken->handle()
#19 /home/denish/Desktop/Workspace/Internal/dk/attexlaravel/vendor/laravel/framework/src/Illuminate/View/Middleware/ShareErrorsFromSession.php(49): Illuminate\\Pipeline\\Pipeline->Illuminate\\Pipeline\\{closure}()
#20 /home/denish/Desktop/Workspace/Internal/dk/attexlaravel/vendor/laravel/framework/src/Illuminate/Pipeline/Pipeline.php(180): Illuminate\\View\\Middleware\\ShareErrorsFromSession->handle()
#21 /home/denish/Desktop/Workspace/Internal/dk/attexlaravel/vendor/laravel/framework/src/Illuminate/Session/Middleware/StartSession.php(121): Illuminate\\Pipeline\\Pipeline->Illuminate\\Pipeline\\{closure}()
#22 /home/denish/Desktop/Workspace/Internal/dk/attexlaravel/vendor/laravel/framework/src/Illuminate/Session/Middleware/StartSession.php(64): Illuminate\\Session\\Middleware\\StartSession->handleStatefulRequest()
#23 /home/denish/Desktop/Workspace/Internal/dk/attexlaravel/vendor/laravel/framework/src/Illuminate/Pipeline/Pipeline.php(180): Illuminate\\Session\\Middleware\\StartSession->handle()
#24 /home/denish/Desktop/Workspace/Internal/dk/attexlaravel/vendor/laravel/framework/src/Illuminate/Cookie/Middleware/AddQueuedCookiesToResponse.php(37): Illuminate\\Pipeline\\Pipeline->Illuminate\\Pipeline\\{closure}()
#25 /home/denish/Desktop/Workspace/Internal/dk/attexlaravel/vendor/laravel/framework/src/Illuminate/Pipeline/Pipeline.php(180): Illuminate\\Cookie\\Middleware\\AddQueuedCookiesToResponse->handle()
#26 /home/denish/Desktop/Workspace/Internal/dk/attexlaravel/vendor/laravel/framework/src/Illuminate/Cookie/Middleware/EncryptCookies.php(67): Illuminate\\Pipeline\\Pipeline->Illuminate\\Pipeline\\{closure}()
#27 /home/denish/Desktop/Workspace/Internal/dk/attexlaravel/vendor/laravel/framework/src/Illuminate/Pipeline/Pipeline.php(180): Illuminate\\Cookie\\Middleware\\EncryptCookies->handle()
#28 /home/denish/Desktop/Workspace/Internal/dk/attexlaravel/vendor/laravel/framework/src/Illuminate/Pipeline/Pipeline.php(116): Illuminate\\Pipeline\\Pipeline->Illuminate\\Pipeline\\{closure}()
#29 /home/denish/Desktop/Workspace/Internal/dk/attexlaravel/vendor/laravel/framework/src/Illuminate/Routing/Router.php(798): Illuminate\\Pipeline\\Pipeline->then()
#30 /home/denish/Desktop/Workspace/Internal/dk/attexlaravel/vendor/laravel/framework/src/Illuminate/Routing/Router.php(775): Illuminate\\Routing\\Router->runRouteWithinStack()
#31 /home/denish/Desktop/Workspace/Internal/dk/attexlaravel/vendor/laravel/framework/src/Illuminate/Routing/Router.php(739): Illuminate\\Routing\\Router->runRoute()
#32 /home/denish/Desktop/Workspace/Internal/dk/attexlaravel/vendor/laravel/framework/src/Illuminate/Routing/Router.php(728): Illuminate\\Routing\\Router->dispatchToRoute()
#33 /home/denish/Desktop/Workspace/Internal/dk/attexlaravel/vendor/laravel/framework/src/Illuminate/Foundation/Http/Kernel.php(200): Illuminate\\Routing\\Router->dispatch()
#34 /home/denish/Desktop/Workspace/Internal/dk/attexlaravel/vendor/laravel/framework/src/Illuminate/Pipeline/Pipeline.php(141): Illuminate\\Foundation\\Http\\Kernel->Illuminate\\Foundation\\Http\\{closure}()
#35 /home/denish/Desktop/Workspace/Internal/dk/attexlaravel/vendor/laravel/framework/src/Illuminate/Foundation/Http/Middleware/TransformsRequest.php(21): Illuminate\\Pipeline\\Pipeline->Illuminate\\Pipeline\\{closure}()
#36 /home/denish/Desktop/Workspace/Internal/dk/attexlaravel/vendor/laravel/framework/src/Illuminate/Foundation/Http/Middleware/ConvertEmptyStringsToNull.php(31): Illuminate\\Foundation\\Http\\Middleware\\TransformsRequest->handle()
#37 /home/denish/Desktop/Workspace/Internal/dk/attexlaravel/vendor/laravel/framework/src/Illuminate/Pipeline/Pipeline.php(180): Illuminate\\Foundation\\Http\\Middleware\\ConvertEmptyStringsToNull->handle()
#38 /home/denish/Desktop/Workspace/Internal/dk/attexlaravel/vendor/laravel/framework/src/Illuminate/Foundation/Http/Middleware/TransformsRequest.php(21): Illuminate\\Pipeline\\Pipeline->Illuminate\\Pipeline\\{closure}()
#39 /home/denish/Desktop/Workspace/Internal/dk/attexlaravel/vendor/laravel/framework/src/Illuminate/Foundation/Http/Middleware/TrimStrings.php(40): Illuminate\\Foundation\\Http\\Middleware\\TransformsRequest->handle()
#40 /home/denish/Desktop/Workspace/Internal/dk/attexlaravel/vendor/laravel/framework/src/Illuminate/Pipeline/Pipeline.php(180): Illuminate\\Foundation\\Http\\Middleware\\TrimStrings->handle()
#41 /home/denish/Desktop/Workspace/Internal/dk/attexlaravel/vendor/laravel/framework/src/Illuminate/Foundation/Http/Middleware/ValidatePostSize.php(27): Illuminate\\Pipeline\\Pipeline->Illuminate\\Pipeline\\{closure}()
#42 /home/denish/Desktop/Workspace/Internal/dk/attexlaravel/vendor/laravel/framework/src/Illuminate/Pipeline/Pipeline.php(180): Illuminate\\Foundation\\Http\\Middleware\\ValidatePostSize->handle()
#43 /home/denish/Desktop/Workspace/Internal/dk/attexlaravel/vendor/laravel/framework/src/Illuminate/Foundation/Http/Middleware/PreventRequestsDuringMaintenance.php(86): Illuminate\\Pipeline\\Pipeline->Illuminate\\Pipeline\\{closure}()
#44 /home/denish/Desktop/Workspace/Internal/dk/attexlaravel/vendor/laravel/framework/src/Illuminate/Pipeline/Pipeline.php(180): Illuminate\\Foundation\\Http\\Middleware\\PreventRequestsDuringMaintenance->handle()
#45 /home/denish/Desktop/Workspace/Internal/dk/attexlaravel/vendor/laravel/framework/src/Illuminate/Http/Middleware/HandleCors.php(49): Illuminate\\Pipeline\\Pipeline->Illuminate\\Pipeline\\{closure}()
#46 /home/denish/Desktop/Workspace/Internal/dk/attexlaravel/vendor/laravel/framework/src/Illuminate/Pipeline/Pipeline.php(180): Illuminate\\Http\\Middleware\\HandleCors->handle()
#47 /home/denish/Desktop/Workspace/Internal/dk/attexlaravel/vendor/laravel/framework/src/Illuminate/Http/Middleware/TrustProxies.php(39): Illuminate\\Pipeline\\Pipeline->Illuminate\\Pipeline\\{closure}()
#48 /home/denish/Desktop/Workspace/Internal/dk/attexlaravel/vendor/laravel/framework/src/Illuminate/Pipeline/Pipeline.php(180): Illuminate\\Http\\Middleware\\TrustProxies->handle()
#49 /home/denish/Desktop/Workspace/Internal/dk/attexlaravel/vendor/laravel/framework/src/Illuminate/Pipeline/Pipeline.php(116): Illuminate\\Pipeline\\Pipeline->Illuminate\\Pipeline\\{closure}()
#50 /home/denish/Desktop/Workspace/Internal/dk/attexlaravel/vendor/laravel/framework/src/Illuminate/Foundation/Http/Kernel.php(175): Illuminate\\Pipeline\\Pipeline->then()
#51 /home/denish/Desktop/Workspace/Internal/dk/attexlaravel/vendor/laravel/framework/src/Illuminate/Foundation/Http/Kernel.php(144): Illuminate\\Foundation\\Http\\Kernel->sendRequestThroughRouter()
#52 /home/denish/Desktop/Workspace/Internal/dk/attexlaravel/public/index.php(52): Illuminate\\Foundation\\Http\\Kernel->handle()
#53 /home/denish/Desktop/Workspace/Internal/dk/attexlaravel/vendor/laravel/framework/src/Illuminate/Foundation/resources/server.php(16): require_once('...')
#54 {main}
"} 
[2023-06-03 11:41:14] local.ERROR: Attempt to read property "name" on null {"view":{"view":"/home/denish/Desktop/Workspace/Internal/dk/attexlaravel/resources/views/layouts/shared/topbar.blade.php","data":[]},"exception":"[object] (Spatie\\LaravelIgnition\\Exceptions\\ViewException(code: 0): Attempt to read property \"name\" on null at /home/denish/Desktop/Workspace/Internal/dk/attexlaravel/resources/views/layouts/shared/topbar.blade.php:350)
[stacktrace]
#0 /home/denish/Desktop/Workspace/Internal/dk/attexlaravel/vendor/laravel/framework/src/Illuminate/Foundation/Bootstrap/HandleExceptions.php(254): Illuminate\\Foundation\\Bootstrap\\HandleExceptions->handleError()
#1 /home/denish/Desktop/Workspace/Internal/dk/attexlaravel/resources/views/layouts/shared/topbar.blade.php(350): Illuminate\\Foundation\\Bootstrap\\HandleExceptions->Illuminate\\Foundation\\Bootstrap\\{closure}()
#2 /home/denish/Desktop/Workspace/Internal/dk/attexlaravel/vendor/laravel/framework/src/Illuminate/Filesystem/Filesystem.php(124): require('...')
#3 /home/denish/Desktop/Workspace/Internal/dk/attexlaravel/vendor/laravel/framework/src/Illuminate/Filesystem/Filesystem.php(125): Illuminate\\Filesystem\\Filesystem::Illuminate\\Filesystem\\{closure}()
#4 /home/denish/Desktop/Workspace/Internal/dk/attexlaravel/vendor/laravel/framework/src/Illuminate/View/Engines/PhpEngine.php(58): Illuminate\\Filesystem\\Filesystem->getRequire()
#5 /home/denish/Desktop/Workspace/Internal/dk/attexlaravel/vendor/laravel/framework/src/Illuminate/View/Engines/CompilerEngine.php(70): Illuminate\\View\\Engines\\PhpEngine->evaluatePath()
#6 /home/denish/Desktop/Workspace/Internal/dk/attexlaravel/vendor/laravel/framework/src/Illuminate/View/View.php(195): Illuminate\\View\\Engines\\CompilerEngine->get()
#7 /home/denish/Desktop/Workspace/Internal/dk/attexlaravel/vendor/laravel/framework/src/Illuminate/View/View.php(178): Illuminate\\View\\View->getContents()
#8 /home/denish/Desktop/Workspace/Internal/dk/attexlaravel/vendor/laravel/framework/src/Illuminate/View/View.php(147): Illuminate\\View\\View->renderContents()
#9 /home/denish/Desktop/Workspace/Internal/dk/attexlaravel/resources/views/layouts/vertical.blade.php(15): Illuminate\\View\\View->render()
#10 /home/denish/Desktop/Workspace/Internal/dk/attexlaravel/vendor/laravel/framework/src/Illuminate/Filesystem/Filesystem.php(124): require('...')
#11 /home/denish/Desktop/Workspace/Internal/dk/attexlaravel/vendor/laravel/framework/src/Illuminate/Filesystem/Filesystem.php(125): Illuminate\\Filesystem\\Filesystem::Illuminate\\Filesystem\\{closure}()
#12 /home/denish/Desktop/Workspace/Internal/dk/attexlaravel/vendor/laravel/framework/src/Illuminate/View/Engines/PhpEngine.php(58): Illuminate\\Filesystem\\Filesystem->getRequire()
#13 /home/denish/Desktop/Workspace/Internal/dk/attexlaravel/vendor/laravel/framework/src/Illuminate/View/Engines/CompilerEngine.php(70): Illuminate\\View\\Engines\\PhpEngine->evaluatePath()
#14 /home/denish/Desktop/Workspace/Internal/dk/attexlaravel/vendor/laravel/framework/src/Illuminate/View/View.php(195): Illuminate\\View\\Engines\\CompilerEngine->get()
#15 /home/denish/Desktop/Workspace/Internal/dk/attexlaravel/vendor/laravel/framework/src/Illuminate/View/View.php(178): Illuminate\\View\\View->getContents()
#16 /home/denish/Desktop/Workspace/Internal/dk/attexlaravel/vendor/laravel/framework/src/Illuminate/View/View.php(147): Illuminate\\View\\View->renderContents()
#17 /home/denish/Desktop/Workspace/Internal/dk/attexlaravel/resources/views/index.blade.php(360): Illuminate\\View\\View->render()
#18 /home/denish/Desktop/Workspace/Internal/dk/attexlaravel/vendor/laravel/framework/src/Illuminate/Filesystem/Filesystem.php(124): require('...')
#19 /home/denish/Desktop/Workspace/Internal/dk/attexlaravel/vendor/laravel/framework/src/Illuminate/Filesystem/Filesystem.php(125): Illuminate\\Filesystem\\Filesystem::Illuminate\\Filesystem\\{closure}()
#20 /home/denish/Desktop/Workspace/Internal/dk/attexlaravel/vendor/laravel/framework/src/Illuminate/View/Engines/PhpEngine.php(58): Illuminate\\Filesystem\\Filesystem->getRequire()
#21 /home/denish/Desktop/Workspace/Internal/dk/attexlaravel/vendor/laravel/framework/src/Illuminate/View/Engines/CompilerEngine.php(70): Illuminate\\View\\Engines\\PhpEngine->evaluatePath()
#22 /home/denish/Desktop/Workspace/Internal/dk/attexlaravel/vendor/laravel/framework/src/Illuminate/View/View.php(195): Illuminate\\View\\Engines\\CompilerEngine->get()
#23 /home/denish/Desktop/Workspace/Internal/dk/attexlaravel/vendor/laravel/framework/src/Illuminate/View/View.php(178): Illuminate\\View\\View->getContents()
#24 /home/denish/Desktop/Workspace/Internal/dk/attexlaravel/vendor/laravel/framework/src/Illuminate/View/View.php(147): Illuminate\\View\\View->renderContents()
#25 /home/denish/Desktop/Workspace/Internal/dk/attexlaravel/vendor/laravel/framework/src/Illuminate/Http/Response.php(69): Illuminate\\View\\View->render()
#26 /home/denish/Desktop/Workspace/Internal/dk/attexlaravel/vendor/laravel/framework/src/Illuminate/Http/Response.php(35): Illuminate\\Http\\Response->setContent()
#27 /home/denish/Desktop/Workspace/Internal/dk/attexlaravel/vendor/laravel/framework/src/Illuminate/Routing/Router.php(905): Illuminate\\Http\\Response->__construct()
#28 /home/denish/Desktop/Workspace/Internal/dk/attexlaravel/vendor/laravel/framework/src/Illuminate/Routing/Router.php(874): Illuminate\\Routing\\Router::toResponse()
#29 /home/denish/Desktop/Workspace/Internal/dk/attexlaravel/vendor/laravel/framework/src/Illuminate/Routing/Router.php(797): Illuminate\\Routing\\Router->prepareResponse()
#30 /home/denish/Desktop/Workspace/Internal/dk/attexlaravel/vendor/laravel/framework/src/Illuminate/Pipeline/Pipeline.php(141): Illuminate\\Routing\\Router->Illuminate\\Routing\\{closure}()
#31 /home/denish/Desktop/Workspace/Internal/dk/attexlaravel/vendor/laravel/framework/src/Illuminate/Routing/Middleware/SubstituteBindings.php(50): Illuminate\\Pipeline\\Pipeline->Illuminate\\Pipeline\\{closure}()
#32 /home/denish/Desktop/Workspace/Internal/dk/attexlaravel/vendor/laravel/framework/src/Illuminate/Pipeline/Pipeline.php(180): Illuminate\\Routing\\Middleware\\SubstituteBindings->handle()
#33 /home/denish/Desktop/Workspace/Internal/dk/attexlaravel/vendor/laravel/framework/src/Illuminate/Foundation/Http/Middleware/VerifyCsrfToken.php(78): Illuminate\\Pipeline\\Pipeline->Illuminate\\Pipeline\\{closure}()
#34 /home/denish/Desktop/Workspace/Internal/dk/attexlaravel/vendor/laravel/framework/src/Illuminate/Pipeline/Pipeline.php(180): Illuminate\\Foundation\\Http\\Middleware\\VerifyCsrfToken->handle()
#35 /home/denish/Desktop/Workspace/Internal/dk/attexlaravel/vendor/laravel/framework/src/Illuminate/View/Middleware/ShareErrorsFromSession.php(49): Illuminate\\Pipeline\\Pipeline->Illuminate\\Pipeline\\{closure}()
#36 /home/denish/Desktop/Workspace/Internal/dk/attexlaravel/vendor/laravel/framework/src/Illuminate/Pipeline/Pipeline.php(180): Illuminate\\View\\Middleware\\ShareErrorsFromSession->handle()
#37 /home/denish/Desktop/Workspace/Internal/dk/attexlaravel/vendor/laravel/framework/src/Illuminate/Session/Middleware/StartSession.php(121): Illuminate\\Pipeline\\Pipeline->Illuminate\\Pipeline\\{closure}()
#38 /home/denish/Desktop/Workspace/Internal/dk/attexlaravel/vendor/laravel/framework/src/Illuminate/Session/Middleware/StartSession.php(64): Illuminate\\Session\\Middleware\\StartSession->handleStatefulRequest()
#39 /home/denish/Desktop/Workspace/Internal/dk/attexlaravel/vendor/laravel/framework/src/Illuminate/Pipeline/Pipeline.php(180): Illuminate\\Session\\Middleware\\StartSession->handle()
#40 /home/denish/Desktop/Workspace/Internal/dk/attexlaravel/vendor/laravel/framework/src/Illuminate/Cookie/Middleware/AddQueuedCookiesToResponse.php(37): Illuminate\\Pipeline\\Pipeline->Illuminate\\Pipeline\\{closure}()
#41 /home/denish/Desktop/Workspace/Internal/dk/attexlaravel/vendor/laravel/framework/src/Illuminate/Pipeline/Pipeline.php(180): Illuminate\\Cookie\\Middleware\\AddQueuedCookiesToResponse->handle()
#42 /home/denish/Desktop/Workspace/Internal/dk/attexlaravel/vendor/laravel/framework/src/Illuminate/Cookie/Middleware/EncryptCookies.php(67): Illuminate\\Pipeline\\Pipeline->Illuminate\\Pipeline\\{closure}()
#43 /home/denish/Desktop/Workspace/Internal/dk/attexlaravel/vendor/laravel/framework/src/Illuminate/Pipeline/Pipeline.php(180): Illuminate\\Cookie\\Middleware\\EncryptCookies->handle()
#44 /home/denish/Desktop/Workspace/Internal/dk/attexlaravel/vendor/laravel/framework/src/Illuminate/Pipeline/Pipeline.php(116): Illuminate\\Pipeline\\Pipeline->Illuminate\\Pipeline\\{closure}()
#45 /home/denish/Desktop/Workspace/Internal/dk/attexlaravel/vendor/laravel/framework/src/Illuminate/Routing/Router.php(798): Illuminate\\Pipeline\\Pipeline->then()
#46 /home/denish/Desktop/Workspace/Internal/dk/attexlaravel/vendor/laravel/framework/src/Illuminate/Routing/Router.php(775): Illuminate\\Routing\\Router->runRouteWithinStack()
#47 /home/denish/Desktop/Workspace/Internal/dk/attexlaravel/vendor/laravel/framework/src/Illuminate/Routing/Router.php(739): Illuminate\\Routing\\Router->runRoute()
#48 /home/denish/Desktop/Workspace/Internal/dk/attexlaravel/vendor/laravel/framework/src/Illuminate/Routing/Router.php(728): Illuminate\\Routing\\Router->dispatchToRoute()
#49 /home/denish/Desktop/Workspace/Internal/dk/attexlaravel/vendor/laravel/framework/src/Illuminate/Foundation/Http/Kernel.php(200): Illuminate\\Routing\\Router->dispatch()
#50 /home/denish/Desktop/Workspace/Internal/dk/attexlaravel/vendor/laravel/framework/src/Illuminate/Pipeline/Pipeline.php(141): Illuminate\\Foundation\\Http\\Kernel->Illuminate\\Foundation\\Http\\{closure}()
#51 /home/denish/Desktop/Workspace/Internal/dk/attexlaravel/vendor/laravel/framework/src/Illuminate/Foundation/Http/Middleware/TransformsRequest.php(21): Illuminate\\Pipeline\\Pipeline->Illuminate\\Pipeline\\{closure}()
#52 /home/denish/Desktop/Workspace/Internal/dk/attexlaravel/vendor/laravel/framework/src/Illuminate/Foundation/Http/Middleware/ConvertEmptyStringsToNull.php(31): Illuminate\\Foundation\\Http\\Middleware\\TransformsRequest->handle()
#53 /home/denish/Desktop/Workspace/Internal/dk/attexlaravel/vendor/laravel/framework/src/Illuminate/Pipeline/Pipeline.php(180): Illuminate\\Foundation\\Http\\Middleware\\ConvertEmptyStringsToNull->handle()
#54 /home/denish/Desktop/Workspace/Internal/dk/attexlaravel/vendor/laravel/framework/src/Illuminate/Foundation/Http/Middleware/TransformsRequest.php(21): Illuminate\\Pipeline\\Pipeline->Illuminate\\Pipeline\\{closure}()
#55 /home/denish/Desktop/Workspace/Internal/dk/attexlaravel/vendor/laravel/framework/src/Illuminate/Foundation/Http/Middleware/TrimStrings.php(40): Illuminate\\Foundation\\Http\\Middleware\\TransformsRequest->handle()
#56 /home/denish/Desktop/Workspace/Internal/dk/attexlaravel/vendor/laravel/framework/src/Illuminate/Pipeline/Pipeline.php(180): Illuminate\\Foundation\\Http\\Middleware\\TrimStrings->handle()
#57 /home/denish/Desktop/Workspace/Internal/dk/attexlaravel/vendor/laravel/framework/src/Illuminate/Foundation/Http/Middleware/ValidatePostSize.php(27): Illuminate\\Pipeline\\Pipeline->Illuminate\\Pipeline\\{closure}()
#58 /home/denish/Desktop/Workspace/Internal/dk/attexlaravel/vendor/laravel/framework/src/Illuminate/Pipeline/Pipeline.php(180): Illuminate\\Foundation\\Http\\Middleware\\ValidatePostSize->handle()
#59 /home/denish/Desktop/Workspace/Internal/dk/attexlaravel/vendor/laravel/framework/src/Illuminate/Foundation/Http/Middleware/PreventRequestsDuringMaintenance.php(86): Illuminate\\Pipeline\\Pipeline->Illuminate\\Pipeline\\{closure}()
#60 /home/denish/Desktop/Workspace/Internal/dk/attexlaravel/vendor/laravel/framework/src/Illuminate/Pipeline/Pipeline.php(180): Illuminate\\Foundation\\Http\\Middleware\\PreventRequestsDuringMaintenance->handle()
#61 /home/denish/Desktop/Workspace/Internal/dk/attexlaravel/vendor/laravel/framework/src/Illuminate/Http/Middleware/HandleCors.php(49): Illuminate\\Pipeline\\Pipeline->Illuminate\\Pipeline\\{closure}()
#62 /home/denish/Desktop/Workspace/Internal/dk/attexlaravel/vendor/laravel/framework/src/Illuminate/Pipeline/Pipeline.php(180): Illuminate\\Http\\Middleware\\HandleCors->handle()
#63 /home/denish/Desktop/Workspace/Internal/dk/attexlaravel/vendor/laravel/framework/src/Illuminate/Http/Middleware/TrustProxies.php(39): Illuminate\\Pipeline\\Pipeline->Illuminate\\Pipeline\\{closure}()
#64 /home/denish/Desktop/Workspace/Internal/dk/attexlaravel/vendor/laravel/framework/src/Illuminate/Pipeline/Pipeline.php(180): Illuminate\\Http\\Middleware\\TrustProxies->handle()
#65 /home/denish/Desktop/Workspace/Internal/dk/attexlaravel/vendor/laravel/framework/src/Illuminate/Pipeline/Pipeline.php(116): Illuminate\\Pipeline\\Pipeline->Illuminate\\Pipeline\\{closure}()
#66 /home/denish/Desktop/Workspace/Internal/dk/attexlaravel/vendor/laravel/framework/src/Illuminate/Foundation/Http/Kernel.php(175): Illuminate\\Pipeline\\Pipeline->then()
#67 /home/denish/Desktop/Workspace/Internal/dk/attexlaravel/vendor/laravel/framework/src/Illuminate/Foundation/Http/Kernel.php(144): Illuminate\\Foundation\\Http\\Kernel->sendRequestThroughRouter()
#68 /home/denish/Desktop/Workspace/Internal/dk/attexlaravel/public/index.php(52): Illuminate\\Foundation\\Http\\Kernel->handle()
#69 /home/denish/Desktop/Workspace/Internal/dk/attexlaravel/vendor/laravel/framework/src/Illuminate/Foundation/resources/server.php(16): require_once('...')
#70 {main}

[previous exception] [object] (ErrorException(code: 0): Attempt to read property \"name\" on null at /home/denish/Desktop/Workspace/Internal/dk/attexlaravel/storage/framework/views/e4f5fcd3df4539e6d368ed1a574be1dc.php:350)
[stacktrace]
#0 /home/denish/Desktop/Workspace/Internal/dk/attexlaravel/vendor/laravel/framework/src/Illuminate/Foundation/Bootstrap/HandleExceptions.php(254): Illuminate\\Foundation\\Bootstrap\\HandleExceptions->handleError()
#1 /home/denish/Desktop/Workspace/Internal/dk/attexlaravel/storage/framework/views/e4f5fcd3df4539e6d368ed1a574be1dc.php(350): Illuminate\\Foundation\\Bootstrap\\HandleExceptions->Illuminate\\Foundation\\Bootstrap\\{closure}()
#2 /home/denish/Desktop/Workspace/Internal/dk/attexlaravel/vendor/laravel/framework/src/Illuminate/Filesystem/Filesystem.php(124): require('...')
#3 /home/denish/Desktop/Workspace/Internal/dk/attexlaravel/vendor/laravel/framework/src/Illuminate/Filesystem/Filesystem.php(125): Illuminate\\Filesystem\\Filesystem::Illuminate\\Filesystem\\{closure}()
#4 /home/denish/Desktop/Workspace/Internal/dk/attexlaravel/vendor/laravel/framework/src/Illuminate/View/Engines/PhpEngine.php(58): Illuminate\\Filesystem\\Filesystem->getRequire()
#5 /home/denish/Desktop/Workspace/Internal/dk/attexlaravel/vendor/laravel/framework/src/Illuminate/View/Engines/CompilerEngine.php(70): Illuminate\\View\\Engines\\PhpEngine->evaluatePath()
#6 /home/denish/Desktop/Workspace/Internal/dk/attexlaravel/vendor/laravel/framework/src/Illuminate/View/View.php(195): Illuminate\\View\\Engines\\CompilerEngine->get()
#7 /home/denish/Desktop/Workspace/Internal/dk/attexlaravel/vendor/laravel/framework/src/Illuminate/View/View.php(178): Illuminate\\View\\View->getContents()
#8 /home/denish/Desktop/Workspace/Internal/dk/attexlaravel/vendor/laravel/framework/src/Illuminate/View/View.php(147): Illuminate\\View\\View->renderContents()
#9 /home/denish/Desktop/Workspace/Internal/dk/attexlaravel/storage/framework/views/5d73eb1011b2c11393bdd9d4ba19e140.php(15): Illuminate\\View\\View->render()
#10 /home/denish/Desktop/Workspace/Internal/dk/attexlaravel/vendor/laravel/framework/src/Illuminate/Filesystem/Filesystem.php(124): require('...')
#11 /home/denish/Desktop/Workspace/Internal/dk/attexlaravel/vendor/laravel/framework/src/Illuminate/Filesystem/Filesystem.php(125): Illuminate\\Filesystem\\Filesystem::Illuminate\\Filesystem\\{closure}()
#12 /home/denish/Desktop/Workspace/Internal/dk/attexlaravel/vendor/laravel/framework/src/Illuminate/View/Engines/PhpEngine.php(58): Illuminate\\Filesystem\\Filesystem->getRequire()
#13 /home/denish/Desktop/Workspace/Internal/dk/attexlaravel/vendor/laravel/framework/src/Illuminate/View/Engines/CompilerEngine.php(70): Illuminate\\View\\Engines\\PhpEngine->evaluatePath()
#14 /home/denish/Desktop/Workspace/Internal/dk/attexlaravel/vendor/laravel/framework/src/Illuminate/View/View.php(195): Illuminate\\View\\Engines\\CompilerEngine->get()
#15 /home/denish/Desktop/Workspace/Internal/dk/attexlaravel/vendor/laravel/framework/src/Illuminate/View/View.php(178): Illuminate\\View\\View->getContents()
#16 /home/denish/Desktop/Workspace/Internal/dk/attexlaravel/vendor/laravel/framework/src/Illuminate/View/View.php(147): Illuminate\\View\\View->renderContents()
#17 /home/denish/Desktop/Workspace/Internal/dk/attexlaravel/storage/framework/views/99227b069eb3e0e687e161553c4d511f.php(360): Illuminate\\View\\View->render()
#18 /home/denish/Desktop/Workspace/Internal/dk/attexlaravel/vendor/laravel/framework/src/Illuminate/Filesystem/Filesystem.php(124): require('...')
#19 /home/denish/Desktop/Workspace/Internal/dk/attexlaravel/vendor/laravel/framework/src/Illuminate/Filesystem/Filesystem.php(125): Illuminate\\Filesystem\\Filesystem::Illuminate\\Filesystem\\{closure}()
#20 /home/denish/Desktop/Workspace/Internal/dk/attexlaravel/vendor/laravel/framework/src/Illuminate/View/Engines/PhpEngine.php(58): Illuminate\\Filesystem\\Filesystem->getRequire()
#21 /home/denish/Desktop/Workspace/Internal/dk/attexlaravel/vendor/laravel/framework/src/Illuminate/View/Engines/CompilerEngine.php(70): Illuminate\\View\\Engines\\PhpEngine->evaluatePath()
#22 /home/denish/Desktop/Workspace/Internal/dk/attexlaravel/vendor/laravel/framework/src/Illuminate/View/View.php(195): Illuminate\\View\\Engines\\CompilerEngine->get()
#23 /home/denish/Desktop/Workspace/Internal/dk/attexlaravel/vendor/laravel/framework/src/Illuminate/View/View.php(178): Illuminate\\View\\View->getContents()
#24 /home/denish/Desktop/Workspace/Internal/dk/attexlaravel/vendor/laravel/framework/src/Illuminate/View/View.php(147): Illuminate\\View\\View->renderContents()
#25 /home/denish/Desktop/Workspace/Internal/dk/attexlaravel/vendor/laravel/framework/src/Illuminate/Http/Response.php(69): Illuminate\\View\\View->render()
#26 /home/denish/Desktop/Workspace/Internal/dk/attexlaravel/vendor/laravel/framework/src/Illuminate/Http/Response.php(35): Illuminate\\Http\\Response->setContent()
#27 /home/denish/Desktop/Workspace/Internal/dk/attexlaravel/vendor/laravel/framework/src/Illuminate/Routing/Router.php(905): Illuminate\\Http\\Response->__construct()
#28 /home/denish/Desktop/Workspace/Internal/dk/attexlaravel/vendor/laravel/framework/src/Illuminate/Routing/Router.php(874): Illuminate\\Routing\\Router::toResponse()
#29 /home/denish/Desktop/Workspace/Internal/dk/attexlaravel/vendor/laravel/framework/src/Illuminate/Routing/Router.php(797): Illuminate\\Routing\\Router->prepareResponse()
#30 /home/denish/Desktop/Workspace/Internal/dk/attexlaravel/vendor/laravel/framework/src/Illuminate/Pipeline/Pipeline.php(141): Illuminate\\Routing\\Router->Illuminate\\Routing\\{closure}()
#31 /home/denish/Desktop/Workspace/Internal/dk/attexlaravel/vendor/laravel/framework/src/Illuminate/Routing/Middleware/SubstituteBindings.php(50): Illuminate\\Pipeline\\Pipeline->Illuminate\\Pipeline\\{closure}()
#32 /home/denish/Desktop/Workspace/Internal/dk/attexlaravel/vendor/laravel/framework/src/Illuminate/Pipeline/Pipeline.php(180): Illuminate\\Routing\\Middleware\\SubstituteBindings->handle()
#33 /home/denish/Desktop/Workspace/Internal/dk/attexlaravel/vendor/laravel/framework/src/Illuminate/Foundation/Http/Middleware/VerifyCsrfToken.php(78): Illuminate\\Pipeline\\Pipeline->Illuminate\\Pipeline\\{closure}()
#34 /home/denish/Desktop/Workspace/Internal/dk/attexlaravel/vendor/laravel/framework/src/Illuminate/Pipeline/Pipeline.php(180): Illuminate\\Foundation\\Http\\Middleware\\VerifyCsrfToken->handle()
#35 /home/denish/Desktop/Workspace/Internal/dk/attexlaravel/vendor/laravel/framework/src/Illuminate/View/Middleware/ShareErrorsFromSession.php(49): Illuminate\\Pipeline\\Pipeline->Illuminate\\Pipeline\\{closure}()
#36 /home/denish/Desktop/Workspace/Internal/dk/attexlaravel/vendor/laravel/framework/src/Illuminate/Pipeline/Pipeline.php(180): Illuminate\\View\\Middleware\\ShareErrorsFromSession->handle()
#37 /home/denish/Desktop/Workspace/Internal/dk/attexlaravel/vendor/laravel/framework/src/Illuminate/Session/Middleware/StartSession.php(121): Illuminate\\Pipeline\\Pipeline->Illuminate\\Pipeline\\{closure}()
#38 /home/denish/Desktop/Workspace/Internal/dk/attexlaravel/vendor/laravel/framework/src/Illuminate/Session/Middleware/StartSession.php(64): Illuminate\\Session\\Middleware\\StartSession->handleStatefulRequest()
#39 /home/denish/Desktop/Workspace/Internal/dk/attexlaravel/vendor/laravel/framework/src/Illuminate/Pipeline/Pipeline.php(180): Illuminate\\Session\\Middleware\\StartSession->handle()
#40 /home/denish/Desktop/Workspace/Internal/dk/attexlaravel/vendor/laravel/framework/src/Illuminate/Cookie/Middleware/AddQueuedCookiesToResponse.php(37): Illuminate\\Pipeline\\Pipeline->Illuminate\\Pipeline\\{closure}()
#41 /home/denish/Desktop/Workspace/Internal/dk/attexlaravel/vendor/laravel/framework/src/Illuminate/Pipeline/Pipeline.php(180): Illuminate\\Cookie\\Middleware\\AddQueuedCookiesToResponse->handle()
#42 /home/denish/Desktop/Workspace/Internal/dk/attexlaravel/vendor/laravel/framework/src/Illuminate/Cookie/Middleware/EncryptCookies.php(67): Illuminate\\Pipeline\\Pipeline->Illuminate\\Pipeline\\{closure}()
#43 /home/denish/Desktop/Workspace/Internal/dk/attexlaravel/vendor/laravel/framework/src/Illuminate/Pipeline/Pipeline.php(180): Illuminate\\Cookie\\Middleware\\EncryptCookies->handle()
#44 /home/denish/Desktop/Workspace/Internal/dk/attexlaravel/vendor/laravel/framework/src/Illuminate/Pipeline/Pipeline.php(116): Illuminate\\Pipeline\\Pipeline->Illuminate\\Pipeline\\{closure}()
#45 /home/denish/Desktop/Workspace/Internal/dk/attexlaravel/vendor/laravel/framework/src/Illuminate/Routing/Router.php(798): Illuminate\\Pipeline\\Pipeline->then()
#46 /home/denish/Desktop/Workspace/Internal/dk/attexlaravel/vendor/laravel/framework/src/Illuminate/Routing/Router.php(775): Illuminate\\Routing\\Router->runRouteWithinStack()
#47 /home/denish/Desktop/Workspace/Internal/dk/attexlaravel/vendor/laravel/framework/src/Illuminate/Routing/Router.php(739): Illuminate\\Routing\\Router->runRoute()
#48 /home/denish/Desktop/Workspace/Internal/dk/attexlaravel/vendor/laravel/framework/src/Illuminate/Routing/Router.php(728): Illuminate\\Routing\\Router->dispatchToRoute()
#49 /home/denish/Desktop/Workspace/Internal/dk/attexlaravel/vendor/laravel/framework/src/Illuminate/Foundation/Http/Kernel.php(200): Illuminate\\Routing\\Router->dispatch()
#50 /home/denish/Desktop/Workspace/Internal/dk/attexlaravel/vendor/laravel/framework/src/Illuminate/Pipeline/Pipeline.php(141): Illuminate\\Foundation\\Http\\Kernel->Illuminate\\Foundation\\Http\\{closure}()
#51 /home/denish/Desktop/Workspace/Internal/dk/attexlaravel/vendor/laravel/framework/src/Illuminate/Foundation/Http/Middleware/TransformsRequest.php(21): Illuminate\\Pipeline\\Pipeline->Illuminate\\Pipeline\\{closure}()
#52 /home/denish/Desktop/Workspace/Internal/dk/attexlaravel/vendor/laravel/framework/src/Illuminate/Foundation/Http/Middleware/ConvertEmptyStringsToNull.php(31): Illuminate\\Foundation\\Http\\Middleware\\TransformsRequest->handle()
#53 /home/denish/Desktop/Workspace/Internal/dk/attexlaravel/vendor/laravel/framework/src/Illuminate/Pipeline/Pipeline.php(180): Illuminate\\Foundation\\Http\\Middleware\\ConvertEmptyStringsToNull->handle()
#54 /home/denish/Desktop/Workspace/Internal/dk/attexlaravel/vendor/laravel/framework/src/Illuminate/Foundation/Http/Middleware/TransformsRequest.php(21): Illuminate\\Pipeline\\Pipeline->Illuminate\\Pipeline\\{closure}()
#55 /home/denish/Desktop/Workspace/Internal/dk/attexlaravel/vendor/laravel/framework/src/Illuminate/Foundation/Http/Middleware/TrimStrings.php(40): Illuminate\\Foundation\\Http\\Middleware\\TransformsRequest->handle()
#56 /home/denish/Desktop/Workspace/Internal/dk/attexlaravel/vendor/laravel/framework/src/Illuminate/Pipeline/Pipeline.php(180): Illuminate\\Foundation\\Http\\Middleware\\TrimStrings->handle()
#57 /home/denish/Desktop/Workspace/Internal/dk/attexlaravel/vendor/laravel/framework/src/Illuminate/Foundation/Http/Middleware/ValidatePostSize.php(27): Illuminate\\Pipeline\\Pipeline->Illuminate\\Pipeline\\{closure}()
#58 /home/denish/Desktop/Workspace/Internal/dk/attexlaravel/vendor/laravel/framework/src/Illuminate/Pipeline/Pipeline.php(180): Illuminate\\Foundation\\Http\\Middleware\\ValidatePostSize->handle()
#59 /home/denish/Desktop/Workspace/Internal/dk/attexlaravel/vendor/laravel/framework/src/Illuminate/Foundation/Http/Middleware/PreventRequestsDuringMaintenance.php(86): Illuminate\\Pipeline\\Pipeline->Illuminate\\Pipeline\\{closure}()
#60 /home/denish/Desktop/Workspace/Internal/dk/attexlaravel/vendor/laravel/framework/src/Illuminate/Pipeline/Pipeline.php(180): Illuminate\\Foundation\\Http\\Middleware\\PreventRequestsDuringMaintenance->handle()
#61 /home/denish/Desktop/Workspace/Internal/dk/attexlaravel/vendor/laravel/framework/src/Illuminate/Http/Middleware/HandleCors.php(49): Illuminate\\Pipeline\\Pipeline->Illuminate\\Pipeline\\{closure}()
#62 /home/denish/Desktop/Workspace/Internal/dk/attexlaravel/vendor/laravel/framework/src/Illuminate/Pipeline/Pipeline.php(180): Illuminate\\Http\\Middleware\\HandleCors->handle()
#63 /home/denish/Desktop/Workspace/Internal/dk/attexlaravel/vendor/laravel/framework/src/Illuminate/Http/Middleware/TrustProxies.php(39): Illuminate\\Pipeline\\Pipeline->Illuminate\\Pipeline\\{closure}()
#64 /home/denish/Desktop/Workspace/Internal/dk/attexlaravel/vendor/laravel/framework/src/Illuminate/Pipeline/Pipeline.php(180): Illuminate\\Http\\Middleware\\TrustProxies->handle()
#65 /home/denish/Desktop/Workspace/Internal/dk/attexlaravel/vendor/laravel/framework/src/Illuminate/Pipeline/Pipeline.php(116): Illuminate\\Pipeline\\Pipeline->Illuminate\\Pipeline\\{closure}()
#66 /home/denish/Desktop/Workspace/Internal/dk/attexlaravel/vendor/laravel/framework/src/Illuminate/Foundation/Http/Kernel.php(175): Illuminate\\Pipeline\\Pipeline->then()
#67 /home/denish/Desktop/Workspace/Internal/dk/attexlaravel/vendor/laravel/framework/src/Illuminate/Foundation/Http/Kernel.php(144): Illuminate\\Foundation\\Http\\Kernel->sendRequestThroughRouter()
#68 /home/denish/Desktop/Workspace/Internal/dk/attexlaravel/public/index.php(52): Illuminate\\Foundation\\Http\\Kernel->handle()
#69 /home/denish/Desktop/Workspace/Internal/dk/attexlaravel/vendor/laravel/framework/src/Illuminate/Foundation/resources/server.php(16): require_once('...')
#70 {main}
"} 
[2023-06-03 11:41:48] local.ERROR: Attempt to read property "name" on null {"view":{"view":"/home/denish/Desktop/Workspace/Internal/dk/attexlaravel/resources/views/layouts/shared/topbar.blade.php","data":[]},"exception":"[object] (Spatie\\LaravelIgnition\\Exceptions\\ViewException(code: 0): Attempt to read property \"name\" on null at /home/denish/Desktop/Workspace/Internal/dk/attexlaravel/resources/views/layouts/shared/topbar.blade.php:350)
[stacktrace]
#0 /home/denish/Desktop/Workspace/Internal/dk/attexlaravel/vendor/laravel/framework/src/Illuminate/Foundation/Bootstrap/HandleExceptions.php(254): Illuminate\\Foundation\\Bootstrap\\HandleExceptions->handleError()
#1 /home/denish/Desktop/Workspace/Internal/dk/attexlaravel/resources/views/layouts/shared/topbar.blade.php(350): Illuminate\\Foundation\\Bootstrap\\HandleExceptions->Illuminate\\Foundation\\Bootstrap\\{closure}()
#2 /home/denish/Desktop/Workspace/Internal/dk/attexlaravel/vendor/laravel/framework/src/Illuminate/Filesystem/Filesystem.php(124): require('...')
#3 /home/denish/Desktop/Workspace/Internal/dk/attexlaravel/vendor/laravel/framework/src/Illuminate/Filesystem/Filesystem.php(125): Illuminate\\Filesystem\\Filesystem::Illuminate\\Filesystem\\{closure}()
#4 /home/denish/Desktop/Workspace/Internal/dk/attexlaravel/vendor/laravel/framework/src/Illuminate/View/Engines/PhpEngine.php(58): Illuminate\\Filesystem\\Filesystem->getRequire()
#5 /home/denish/Desktop/Workspace/Internal/dk/attexlaravel/vendor/laravel/framework/src/Illuminate/View/Engines/CompilerEngine.php(70): Illuminate\\View\\Engines\\PhpEngine->evaluatePath()
#6 /home/denish/Desktop/Workspace/Internal/dk/attexlaravel/vendor/laravel/framework/src/Illuminate/View/View.php(195): Illuminate\\View\\Engines\\CompilerEngine->get()
#7 /home/denish/Desktop/Workspace/Internal/dk/attexlaravel/vendor/laravel/framework/src/Illuminate/View/View.php(178): Illuminate\\View\\View->getContents()
#8 /home/denish/Desktop/Workspace/Internal/dk/attexlaravel/vendor/laravel/framework/src/Illuminate/View/View.php(147): Illuminate\\View\\View->renderContents()
#9 /home/denish/Desktop/Workspace/Internal/dk/attexlaravel/resources/views/layouts/vertical.blade.php(15): Illuminate\\View\\View->render()
#10 /home/denish/Desktop/Workspace/Internal/dk/attexlaravel/vendor/laravel/framework/src/Illuminate/Filesystem/Filesystem.php(124): require('...')
#11 /home/denish/Desktop/Workspace/Internal/dk/attexlaravel/vendor/laravel/framework/src/Illuminate/Filesystem/Filesystem.php(125): Illuminate\\Filesystem\\Filesystem::Illuminate\\Filesystem\\{closure}()
#12 /home/denish/Desktop/Workspace/Internal/dk/attexlaravel/vendor/laravel/framework/src/Illuminate/View/Engines/PhpEngine.php(58): Illuminate\\Filesystem\\Filesystem->getRequire()
#13 /home/denish/Desktop/Workspace/Internal/dk/attexlaravel/vendor/laravel/framework/src/Illuminate/View/Engines/CompilerEngine.php(70): Illuminate\\View\\Engines\\PhpEngine->evaluatePath()
#14 /home/denish/Desktop/Workspace/Internal/dk/attexlaravel/vendor/laravel/framework/src/Illuminate/View/View.php(195): Illuminate\\View\\Engines\\CompilerEngine->get()
#15 /home/denish/Desktop/Workspace/Internal/dk/attexlaravel/vendor/laravel/framework/src/Illuminate/View/View.php(178): Illuminate\\View\\View->getContents()
#16 /home/denish/Desktop/Workspace/Internal/dk/attexlaravel/vendor/laravel/framework/src/Illuminate/View/View.php(147): Illuminate\\View\\View->renderContents()
#17 /home/denish/Desktop/Workspace/Internal/dk/attexlaravel/resources/views/index.blade.php(360): Illuminate\\View\\View->render()
#18 /home/denish/Desktop/Workspace/Internal/dk/attexlaravel/vendor/laravel/framework/src/Illuminate/Filesystem/Filesystem.php(124): require('...')
#19 /home/denish/Desktop/Workspace/Internal/dk/attexlaravel/vendor/laravel/framework/src/Illuminate/Filesystem/Filesystem.php(125): Illuminate\\Filesystem\\Filesystem::Illuminate\\Filesystem\\{closure}()
#20 /home/denish/Desktop/Workspace/Internal/dk/attexlaravel/vendor/laravel/framework/src/Illuminate/View/Engines/PhpEngine.php(58): Illuminate\\Filesystem\\Filesystem->getRequire()
#21 /home/denish/Desktop/Workspace/Internal/dk/attexlaravel/vendor/laravel/framework/src/Illuminate/View/Engines/CompilerEngine.php(70): Illuminate\\View\\Engines\\PhpEngine->evaluatePath()
#22 /home/denish/Desktop/Workspace/Internal/dk/attexlaravel/vendor/laravel/framework/src/Illuminate/View/View.php(195): Illuminate\\View\\Engines\\CompilerEngine->get()
#23 /home/denish/Desktop/Workspace/Internal/dk/attexlaravel/vendor/laravel/framework/src/Illuminate/View/View.php(178): Illuminate\\View\\View->getContents()
#24 /home/denish/Desktop/Workspace/Internal/dk/attexlaravel/vendor/laravel/framework/src/Illuminate/View/View.php(147): Illuminate\\View\\View->renderContents()
#25 /home/denish/Desktop/Workspace/Internal/dk/attexlaravel/vendor/laravel/framework/src/Illuminate/Http/Response.php(69): Illuminate\\View\\View->render()
#26 /home/denish/Desktop/Workspace/Internal/dk/attexlaravel/vendor/laravel/framework/src/Illuminate/Http/Response.php(35): Illuminate\\Http\\Response->setContent()
#27 /home/denish/Desktop/Workspace/Internal/dk/attexlaravel/vendor/laravel/framework/src/Illuminate/Routing/Router.php(905): Illuminate\\Http\\Response->__construct()
#28 /home/denish/Desktop/Workspace/Internal/dk/attexlaravel/vendor/laravel/framework/src/Illuminate/Routing/Router.php(874): Illuminate\\Routing\\Router::toResponse()
#29 /home/denish/Desktop/Workspace/Internal/dk/attexlaravel/vendor/laravel/framework/src/Illuminate/Routing/Router.php(797): Illuminate\\Routing\\Router->prepareResponse()
#30 /home/denish/Desktop/Workspace/Internal/dk/attexlaravel/vendor/laravel/framework/src/Illuminate/Pipeline/Pipeline.php(141): Illuminate\\Routing\\Router->Illuminate\\Routing\\{closure}()
#31 /home/denish/Desktop/Workspace/Internal/dk/attexlaravel/vendor/laravel/framework/src/Illuminate/Routing/Middleware/SubstituteBindings.php(50): Illuminate\\Pipeline\\Pipeline->Illuminate\\Pipeline\\{closure}()
#32 /home/denish/Desktop/Workspace/Internal/dk/attexlaravel/vendor/laravel/framework/src/Illuminate/Pipeline/Pipeline.php(180): Illuminate\\Routing\\Middleware\\SubstituteBindings->handle()
#33 /home/denish/Desktop/Workspace/Internal/dk/attexlaravel/vendor/laravel/framework/src/Illuminate/Foundation/Http/Middleware/VerifyCsrfToken.php(78): Illuminate\\Pipeline\\Pipeline->Illuminate\\Pipeline\\{closure}()
#34 /home/denish/Desktop/Workspace/Internal/dk/attexlaravel/vendor/laravel/framework/src/Illuminate/Pipeline/Pipeline.php(180): Illuminate\\Foundation\\Http\\Middleware\\VerifyCsrfToken->handle()
#35 /home/denish/Desktop/Workspace/Internal/dk/attexlaravel/vendor/laravel/framework/src/Illuminate/View/Middleware/ShareErrorsFromSession.php(49): Illuminate\\Pipeline\\Pipeline->Illuminate\\Pipeline\\{closure}()
#36 /home/denish/Desktop/Workspace/Internal/dk/attexlaravel/vendor/laravel/framework/src/Illuminate/Pipeline/Pipeline.php(180): Illuminate\\View\\Middleware\\ShareErrorsFromSession->handle()
#37 /home/denish/Desktop/Workspace/Internal/dk/attexlaravel/vendor/laravel/framework/src/Illuminate/Session/Middleware/StartSession.php(121): Illuminate\\Pipeline\\Pipeline->Illuminate\\Pipeline\\{closure}()
#38 /home/denish/Desktop/Workspace/Internal/dk/attexlaravel/vendor/laravel/framework/src/Illuminate/Session/Middleware/StartSession.php(64): Illuminate\\Session\\Middleware\\StartSession->handleStatefulRequest()
#39 /home/denish/Desktop/Workspace/Internal/dk/attexlaravel/vendor/laravel/framework/src/Illuminate/Pipeline/Pipeline.php(180): Illuminate\\Session\\Middleware\\StartSession->handle()
#40 /home/denish/Desktop/Workspace/Internal/dk/attexlaravel/vendor/laravel/framework/src/Illuminate/Cookie/Middleware/AddQueuedCookiesToResponse.php(37): Illuminate\\Pipeline\\Pipeline->Illuminate\\Pipeline\\{closure}()
#41 /home/denish/Desktop/Workspace/Internal/dk/attexlaravel/vendor/laravel/framework/src/Illuminate/Pipeline/Pipeline.php(180): Illuminate\\Cookie\\Middleware\\AddQueuedCookiesToResponse->handle()
#42 /home/denish/Desktop/Workspace/Internal/dk/attexlaravel/vendor/laravel/framework/src/Illuminate/Cookie/Middleware/EncryptCookies.php(67): Illuminate\\Pipeline\\Pipeline->Illuminate\\Pipeline\\{closure}()
#43 /home/denish/Desktop/Workspace/Internal/dk/attexlaravel/vendor/laravel/framework/src/Illuminate/Pipeline/Pipeline.php(180): Illuminate\\Cookie\\Middleware\\EncryptCookies->handle()
#44 /home/denish/Desktop/Workspace/Internal/dk/attexlaravel/vendor/laravel/framework/src/Illuminate/Pipeline/Pipeline.php(116): Illuminate\\Pipeline\\Pipeline->Illuminate\\Pipeline\\{closure}()
#45 /home/denish/Desktop/Workspace/Internal/dk/attexlaravel/vendor/laravel/framework/src/Illuminate/Routing/Router.php(798): Illuminate\\Pipeline\\Pipeline->then()
#46 /home/denish/Desktop/Workspace/Internal/dk/attexlaravel/vendor/laravel/framework/src/Illuminate/Routing/Router.php(775): Illuminate\\Routing\\Router->runRouteWithinStack()
#47 /home/denish/Desktop/Workspace/Internal/dk/attexlaravel/vendor/laravel/framework/src/Illuminate/Routing/Router.php(739): Illuminate\\Routing\\Router->runRoute()
#48 /home/denish/Desktop/Workspace/Internal/dk/attexlaravel/vendor/laravel/framework/src/Illuminate/Routing/Router.php(728): Illuminate\\Routing\\Router->dispatchToRoute()
#49 /home/denish/Desktop/Workspace/Internal/dk/attexlaravel/vendor/laravel/framework/src/Illuminate/Foundation/Http/Kernel.php(200): Illuminate\\Routing\\Router->dispatch()
#50 /home/denish/Desktop/Workspace/Internal/dk/attexlaravel/vendor/laravel/framework/src/Illuminate/Pipeline/Pipeline.php(141): Illuminate\\Foundation\\Http\\Kernel->Illuminate\\Foundation\\Http\\{closure}()
#51 /home/denish/Desktop/Workspace/Internal/dk/attexlaravel/vendor/laravel/framework/src/Illuminate/Foundation/Http/Middleware/TransformsRequest.php(21): Illuminate\\Pipeline\\Pipeline->Illuminate\\Pipeline\\{closure}()
#52 /home/denish/Desktop/Workspace/Internal/dk/attexlaravel/vendor/laravel/framework/src/Illuminate/Foundation/Http/Middleware/ConvertEmptyStringsToNull.php(31): Illuminate\\Foundation\\Http\\Middleware\\TransformsRequest->handle()
#53 /home/denish/Desktop/Workspace/Internal/dk/attexlaravel/vendor/laravel/framework/src/Illuminate/Pipeline/Pipeline.php(180): Illuminate\\Foundation\\Http\\Middleware\\ConvertEmptyStringsToNull->handle()
#54 /home/denish/Desktop/Workspace/Internal/dk/attexlaravel/vendor/laravel/framework/src/Illuminate/Foundation/Http/Middleware/TransformsRequest.php(21): Illuminate\\Pipeline\\Pipeline->Illuminate\\Pipeline\\{closure}()
#55 /home/denish/Desktop/Workspace/Internal/dk/attexlaravel/vendor/laravel/framework/src/Illuminate/Foundation/Http/Middleware/TrimStrings.php(40): Illuminate\\Foundation\\Http\\Middleware\\TransformsRequest->handle()
#56 /home/denish/Desktop/Workspace/Internal/dk/attexlaravel/vendor/laravel/framework/src/Illuminate/Pipeline/Pipeline.php(180): Illuminate\\Foundation\\Http\\Middleware\\TrimStrings->handle()
#57 /home/denish/Desktop/Workspace/Internal/dk/attexlaravel/vendor/laravel/framework/src/Illuminate/Foundation/Http/Middleware/ValidatePostSize.php(27): Illuminate\\Pipeline\\Pipeline->Illuminate\\Pipeline\\{closure}()
#58 /home/denish/Desktop/Workspace/Internal/dk/attexlaravel/vendor/laravel/framework/src/Illuminate/Pipeline/Pipeline.php(180): Illuminate\\Foundation\\Http\\Middleware\\ValidatePostSize->handle()
#59 /home/denish/Desktop/Workspace/Internal/dk/attexlaravel/vendor/laravel/framework/src/Illuminate/Foundation/Http/Middleware/PreventRequestsDuringMaintenance.php(86): Illuminate\\Pipeline\\Pipeline->Illuminate\\Pipeline\\{closure}()
#60 /home/denish/Desktop/Workspace/Internal/dk/attexlaravel/vendor/laravel/framework/src/Illuminate/Pipeline/Pipeline.php(180): Illuminate\\Foundation\\Http\\Middleware\\PreventRequestsDuringMaintenance->handle()
#61 /home/denish/Desktop/Workspace/Internal/dk/attexlaravel/vendor/laravel/framework/src/Illuminate/Http/Middleware/HandleCors.php(49): Illuminate\\Pipeline\\Pipeline->Illuminate\\Pipeline\\{closure}()
#62 /home/denish/Desktop/Workspace/Internal/dk/attexlaravel/vendor/laravel/framework/src/Illuminate/Pipeline/Pipeline.php(180): Illuminate\\Http\\Middleware\\HandleCors->handle()
#63 /home/denish/Desktop/Workspace/Internal/dk/attexlaravel/vendor/laravel/framework/src/Illuminate/Http/Middleware/TrustProxies.php(39): Illuminate\\Pipeline\\Pipeline->Illuminate\\Pipeline\\{closure}()
#64 /home/denish/Desktop/Workspace/Internal/dk/attexlaravel/vendor/laravel/framework/src/Illuminate/Pipeline/Pipeline.php(180): Illuminate\\Http\\Middleware\\TrustProxies->handle()
#65 /home/denish/Desktop/Workspace/Internal/dk/attexlaravel/vendor/laravel/framework/src/Illuminate/Pipeline/Pipeline.php(116): Illuminate\\Pipeline\\Pipeline->Illuminate\\Pipeline\\{closure}()
#66 /home/denish/Desktop/Workspace/Internal/dk/attexlaravel/vendor/laravel/framework/src/Illuminate/Foundation/Http/Kernel.php(175): Illuminate\\Pipeline\\Pipeline->then()
#67 /home/denish/Desktop/Workspace/Internal/dk/attexlaravel/vendor/laravel/framework/src/Illuminate/Foundation/Http/Kernel.php(144): Illuminate\\Foundation\\Http\\Kernel->sendRequestThroughRouter()
#68 /home/denish/Desktop/Workspace/Internal/dk/attexlaravel/public/index.php(52): Illuminate\\Foundation\\Http\\Kernel->handle()
#69 /home/denish/Desktop/Workspace/Internal/dk/attexlaravel/vendor/laravel/framework/src/Illuminate/Foundation/resources/server.php(16): require_once('...')
#70 {main}

[previous exception] [object] (ErrorException(code: 0): Attempt to read property \"name\" on null at /home/denish/Desktop/Workspace/Internal/dk/attexlaravel/storage/framework/views/e4f5fcd3df4539e6d368ed1a574be1dc.php:350)
[stacktrace]
#0 /home/denish/Desktop/Workspace/Internal/dk/attexlaravel/vendor/laravel/framework/src/Illuminate/Foundation/Bootstrap/HandleExceptions.php(254): Illuminate\\Foundation\\Bootstrap\\HandleExceptions->handleError()
#1 /home/denish/Desktop/Workspace/Internal/dk/attexlaravel/storage/framework/views/e4f5fcd3df4539e6d368ed1a574be1dc.php(350): Illuminate\\Foundation\\Bootstrap\\HandleExceptions->Illuminate\\Foundation\\Bootstrap\\{closure}()
#2 /home/denish/Desktop/Workspace/Internal/dk/attexlaravel/vendor/laravel/framework/src/Illuminate/Filesystem/Filesystem.php(124): require('...')
#3 /home/denish/Desktop/Workspace/Internal/dk/attexlaravel/vendor/laravel/framework/src/Illuminate/Filesystem/Filesystem.php(125): Illuminate\\Filesystem\\Filesystem::Illuminate\\Filesystem\\{closure}()
#4 /home/denish/Desktop/Workspace/Internal/dk/attexlaravel/vendor/laravel/framework/src/Illuminate/View/Engines/PhpEngine.php(58): Illuminate\\Filesystem\\Filesystem->getRequire()
#5 /home/denish/Desktop/Workspace/Internal/dk/attexlaravel/vendor/laravel/framework/src/Illuminate/View/Engines/CompilerEngine.php(70): Illuminate\\View\\Engines\\PhpEngine->evaluatePath()
#6 /home/denish/Desktop/Workspace/Internal/dk/attexlaravel/vendor/laravel/framework/src/Illuminate/View/View.php(195): Illuminate\\View\\Engines\\CompilerEngine->get()
#7 /home/denish/Desktop/Workspace/Internal/dk/attexlaravel/vendor/laravel/framework/src/Illuminate/View/View.php(178): Illuminate\\View\\View->getContents()
#8 /home/denish/Desktop/Workspace/Internal/dk/attexlaravel/vendor/laravel/framework/src/Illuminate/View/View.php(147): Illuminate\\View\\View->renderContents()
#9 /home/denish/Desktop/Workspace/Internal/dk/attexlaravel/storage/framework/views/5d73eb1011b2c11393bdd9d4ba19e140.php(15): Illuminate\\View\\View->render()
#10 /home/denish/Desktop/Workspace/Internal/dk/attexlaravel/vendor/laravel/framework/src/Illuminate/Filesystem/Filesystem.php(124): require('...')
#11 /home/denish/Desktop/Workspace/Internal/dk/attexlaravel/vendor/laravel/framework/src/Illuminate/Filesystem/Filesystem.php(125): Illuminate\\Filesystem\\Filesystem::Illuminate\\Filesystem\\{closure}()
#12 /home/denish/Desktop/Workspace/Internal/dk/attexlaravel/vendor/laravel/framework/src/Illuminate/View/Engines/PhpEngine.php(58): Illuminate\\Filesystem\\Filesystem->getRequire()
#13 /home/denish/Desktop/Workspace/Internal/dk/attexlaravel/vendor/laravel/framework/src/Illuminate/View/Engines/CompilerEngine.php(70): Illuminate\\View\\Engines\\PhpEngine->evaluatePath()
#14 /home/denish/Desktop/Workspace/Internal/dk/attexlaravel/vendor/laravel/framework/src/Illuminate/View/View.php(195): Illuminate\\View\\Engines\\CompilerEngine->get()
#15 /home/denish/Desktop/Workspace/Internal/dk/attexlaravel/vendor/laravel/framework/src/Illuminate/View/View.php(178): Illuminate\\View\\View->getContents()
#16 /home/denish/Desktop/Workspace/Internal/dk/attexlaravel/vendor/laravel/framework/src/Illuminate/View/View.php(147): Illuminate\\View\\View->renderContents()
#17 /home/denish/Desktop/Workspace/Internal/dk/attexlaravel/storage/framework/views/99227b069eb3e0e687e161553c4d511f.php(360): Illuminate\\View\\View->render()
#18 /home/denish/Desktop/Workspace/Internal/dk/attexlaravel/vendor/laravel/framework/src/Illuminate/Filesystem/Filesystem.php(124): require('...')
#19 /home/denish/Desktop/Workspace/Internal/dk/attexlaravel/vendor/laravel/framework/src/Illuminate/Filesystem/Filesystem.php(125): Illuminate\\Filesystem\\Filesystem::Illuminate\\Filesystem\\{closure}()
#20 /home/denish/Desktop/Workspace/Internal/dk/attexlaravel/vendor/laravel/framework/src/Illuminate/View/Engines/PhpEngine.php(58): Illuminate\\Filesystem\\Filesystem->getRequire()
#21 /home/denish/Desktop/Workspace/Internal/dk/attexlaravel/vendor/laravel/framework/src/Illuminate/View/Engines/CompilerEngine.php(70): Illuminate\\View\\Engines\\PhpEngine->evaluatePath()
#22 /home/denish/Desktop/Workspace/Internal/dk/attexlaravel/vendor/laravel/framework/src/Illuminate/View/View.php(195): Illuminate\\View\\Engines\\CompilerEngine->get()
#23 /home/denish/Desktop/Workspace/Internal/dk/attexlaravel/vendor/laravel/framework/src/Illuminate/View/View.php(178): Illuminate\\View\\View->getContents()
#24 /home/denish/Desktop/Workspace/Internal/dk/attexlaravel/vendor/laravel/framework/src/Illuminate/View/View.php(147): Illuminate\\View\\View->renderContents()
#25 /home/denish/Desktop/Workspace/Internal/dk/attexlaravel/vendor/laravel/framework/src/Illuminate/Http/Response.php(69): Illuminate\\View\\View->render()
#26 /home/denish/Desktop/Workspace/Internal/dk/attexlaravel/vendor/laravel/framework/src/Illuminate/Http/Response.php(35): Illuminate\\Http\\Response->setContent()
#27 /home/denish/Desktop/Workspace/Internal/dk/attexlaravel/vendor/laravel/framework/src/Illuminate/Routing/Router.php(905): Illuminate\\Http\\Response->__construct()
#28 /home/denish/Desktop/Workspace/Internal/dk/attexlaravel/vendor/laravel/framework/src/Illuminate/Routing/Router.php(874): Illuminate\\Routing\\Router::toResponse()
#29 /home/denish/Desktop/Workspace/Internal/dk/attexlaravel/vendor/laravel/framework/src/Illuminate/Routing/Router.php(797): Illuminate\\Routing\\Router->prepareResponse()
#30 /home/denish/Desktop/Workspace/Internal/dk/attexlaravel/vendor/laravel/framework/src/Illuminate/Pipeline/Pipeline.php(141): Illuminate\\Routing\\Router->Illuminate\\Routing\\{closure}()
#31 /home/denish/Desktop/Workspace/Internal/dk/attexlaravel/vendor/laravel/framework/src/Illuminate/Routing/Middleware/SubstituteBindings.php(50): Illuminate\\Pipeline\\Pipeline->Illuminate\\Pipeline\\{closure}()
#32 /home/denish/Desktop/Workspace/Internal/dk/attexlaravel/vendor/laravel/framework/src/Illuminate/Pipeline/Pipeline.php(180): Illuminate\\Routing\\Middleware\\SubstituteBindings->handle()
#33 /home/denish/Desktop/Workspace/Internal/dk/attexlaravel/vendor/laravel/framework/src/Illuminate/Foundation/Http/Middleware/VerifyCsrfToken.php(78): Illuminate\\Pipeline\\Pipeline->Illuminate\\Pipeline\\{closure}()
#34 /home/denish/Desktop/Workspace/Internal/dk/attexlaravel/vendor/laravel/framework/src/Illuminate/Pipeline/Pipeline.php(180): Illuminate\\Foundation\\Http\\Middleware\\VerifyCsrfToken->handle()
#35 /home/denish/Desktop/Workspace/Internal/dk/attexlaravel/vendor/laravel/framework/src/Illuminate/View/Middleware/ShareErrorsFromSession.php(49): Illuminate\\Pipeline\\Pipeline->Illuminate\\Pipeline\\{closure}()
#36 /home/denish/Desktop/Workspace/Internal/dk/attexlaravel/vendor/laravel/framework/src/Illuminate/Pipeline/Pipeline.php(180): Illuminate\\View\\Middleware\\ShareErrorsFromSession->handle()
#37 /home/denish/Desktop/Workspace/Internal/dk/attexlaravel/vendor/laravel/framework/src/Illuminate/Session/Middleware/StartSession.php(121): Illuminate\\Pipeline\\Pipeline->Illuminate\\Pipeline\\{closure}()
#38 /home/denish/Desktop/Workspace/Internal/dk/attexlaravel/vendor/laravel/framework/src/Illuminate/Session/Middleware/StartSession.php(64): Illuminate\\Session\\Middleware\\StartSession->handleStatefulRequest()
#39 /home/denish/Desktop/Workspace/Internal/dk/attexlaravel/vendor/laravel/framework/src/Illuminate/Pipeline/Pipeline.php(180): Illuminate\\Session\\Middleware\\StartSession->handle()
#40 /home/denish/Desktop/Workspace/Internal/dk/attexlaravel/vendor/laravel/framework/src/Illuminate/Cookie/Middleware/AddQueuedCookiesToResponse.php(37): Illuminate\\Pipeline\\Pipeline->Illuminate\\Pipeline\\{closure}()
#41 /home/denish/Desktop/Workspace/Internal/dk/attexlaravel/vendor/laravel/framework/src/Illuminate/Pipeline/Pipeline.php(180): Illuminate\\Cookie\\Middleware\\AddQueuedCookiesToResponse->handle()
#42 /home/denish/Desktop/Workspace/Internal/dk/attexlaravel/vendor/laravel/framework/src/Illuminate/Cookie/Middleware/EncryptCookies.php(67): Illuminate\\Pipeline\\Pipeline->Illuminate\\Pipeline\\{closure}()
#43 /home/denish/Desktop/Workspace/Internal/dk/attexlaravel/vendor/laravel/framework/src/Illuminate/Pipeline/Pipeline.php(180): Illuminate\\Cookie\\Middleware\\EncryptCookies->handle()
#44 /home/denish/Desktop/Workspace/Internal/dk/attexlaravel/vendor/laravel/framework/src/Illuminate/Pipeline/Pipeline.php(116): Illuminate\\Pipeline\\Pipeline->Illuminate\\Pipeline\\{closure}()
#45 /home/denish/Desktop/Workspace/Internal/dk/attexlaravel/vendor/laravel/framework/src/Illuminate/Routing/Router.php(798): Illuminate\\Pipeline\\Pipeline->then()
#46 /home/denish/Desktop/Workspace/Internal/dk/attexlaravel/vendor/laravel/framework/src/Illuminate/Routing/Router.php(775): Illuminate\\Routing\\Router->runRouteWithinStack()
#47 /home/denish/Desktop/Workspace/Internal/dk/attexlaravel/vendor/laravel/framework/src/Illuminate/Routing/Router.php(739): Illuminate\\Routing\\Router->runRoute()
#48 /home/denish/Desktop/Workspace/Internal/dk/attexlaravel/vendor/laravel/framework/src/Illuminate/Routing/Router.php(728): Illuminate\\Routing\\Router->dispatchToRoute()
#49 /home/denish/Desktop/Workspace/Internal/dk/attexlaravel/vendor/laravel/framework/src/Illuminate/Foundation/Http/Kernel.php(200): Illuminate\\Routing\\Router->dispatch()
#50 /home/denish/Desktop/Workspace/Internal/dk/attexlaravel/vendor/laravel/framework/src/Illuminate/Pipeline/Pipeline.php(141): Illuminate\\Foundation\\Http\\Kernel->Illuminate\\Foundation\\Http\\{closure}()
#51 /home/denish/Desktop/Workspace/Internal/dk/attexlaravel/vendor/laravel/framework/src/Illuminate/Foundation/Http/Middleware/TransformsRequest.php(21): Illuminate\\Pipeline\\Pipeline->Illuminate\\Pipeline\\{closure}()
#52 /home/denish/Desktop/Workspace/Internal/dk/attexlaravel/vendor/laravel/framework/src/Illuminate/Foundation/Http/Middleware/ConvertEmptyStringsToNull.php(31): Illuminate\\Foundation\\Http\\Middleware\\TransformsRequest->handle()
#53 /home/denish/Desktop/Workspace/Internal/dk/attexlaravel/vendor/laravel/framework/src/Illuminate/Pipeline/Pipeline.php(180): Illuminate\\Foundation\\Http\\Middleware\\ConvertEmptyStringsToNull->handle()
#54 /home/denish/Desktop/Workspace/Internal/dk/attexlaravel/vendor/laravel/framework/src/Illuminate/Foundation/Http/Middleware/TransformsRequest.php(21): Illuminate\\Pipeline\\Pipeline->Illuminate\\Pipeline\\{closure}()
#55 /home/denish/Desktop/Workspace/Internal/dk/attexlaravel/vendor/laravel/framework/src/Illuminate/Foundation/Http/Middleware/TrimStrings.php(40): Illuminate\\Foundation\\Http\\Middleware\\TransformsRequest->handle()
#56 /home/denish/Desktop/Workspace/Internal/dk/attexlaravel/vendor/laravel/framework/src/Illuminate/Pipeline/Pipeline.php(180): Illuminate\\Foundation\\Http\\Middleware\\TrimStrings->handle()
#57 /home/denish/Desktop/Workspace/Internal/dk/attexlaravel/vendor/laravel/framework/src/Illuminate/Foundation/Http/Middleware/ValidatePostSize.php(27): Illuminate\\Pipeline\\Pipeline->Illuminate\\Pipeline\\{closure}()
#58 /home/denish/Desktop/Workspace/Internal/dk/attexlaravel/vendor/laravel/framework/src/Illuminate/Pipeline/Pipeline.php(180): Illuminate\\Foundation\\Http\\Middleware\\ValidatePostSize->handle()
#59 /home/denish/Desktop/Workspace/Internal/dk/attexlaravel/vendor/laravel/framework/src/Illuminate/Foundation/Http/Middleware/PreventRequestsDuringMaintenance.php(86): Illuminate\\Pipeline\\Pipeline->Illuminate\\Pipeline\\{closure}()
#60 /home/denish/Desktop/Workspace/Internal/dk/attexlaravel/vendor/laravel/framework/src/Illuminate/Pipeline/Pipeline.php(180): Illuminate\\Foundation\\Http\\Middleware\\PreventRequestsDuringMaintenance->handle()
#61 /home/denish/Desktop/Workspace/Internal/dk/attexlaravel/vendor/laravel/framework/src/Illuminate/Http/Middleware/HandleCors.php(49): Illuminate\\Pipeline\\Pipeline->Illuminate\\Pipeline\\{closure}()
#62 /home/denish/Desktop/Workspace/Internal/dk/attexlaravel/vendor/laravel/framework/src/Illuminate/Pipeline/Pipeline.php(180): Illuminate\\Http\\Middleware\\HandleCors->handle()
#63 /home/denish/Desktop/Workspace/Internal/dk/attexlaravel/vendor/laravel/framework/src/Illuminate/Http/Middleware/TrustProxies.php(39): Illuminate\\Pipeline\\Pipeline->Illuminate\\Pipeline\\{closure}()
#64 /home/denish/Desktop/Workspace/Internal/dk/attexlaravel/vendor/laravel/framework/src/Illuminate/Pipeline/Pipeline.php(180): Illuminate\\Http\\Middleware\\TrustProxies->handle()
#65 /home/denish/Desktop/Workspace/Internal/dk/attexlaravel/vendor/laravel/framework/src/Illuminate/Pipeline/Pipeline.php(116): Illuminate\\Pipeline\\Pipeline->Illuminate\\Pipeline\\{closure}()
#66 /home/denish/Desktop/Workspace/Internal/dk/attexlaravel/vendor/laravel/framework/src/Illuminate/Foundation/Http/Kernel.php(175): Illuminate\\Pipeline\\Pipeline->then()
#67 /home/denish/Desktop/Workspace/Internal/dk/attexlaravel/vendor/laravel/framework/src/Illuminate/Foundation/Http/Kernel.php(144): Illuminate\\Foundation\\Http\\Kernel->sendRequestThroughRouter()
#68 /home/denish/Desktop/Workspace/Internal/dk/attexlaravel/public/index.php(52): Illuminate\\Foundation\\Http\\Kernel->handle()
#69 /home/denish/Desktop/Workspace/Internal/dk/attexlaravel/vendor/laravel/framework/src/Illuminate/Foundation/resources/server.php(16): require_once('...')
#70 {main}
"} 
[2023-06-03 11:42:01] local.ERROR: Attempt to read property "name" on null {"view":{"view":"/home/denish/Desktop/Workspace/Internal/dk/attexlaravel/resources/views/layouts/shared/topbar.blade.php","data":[]},"exception":"[object] (Spatie\\LaravelIgnition\\Exceptions\\ViewException(code: 0): Attempt to read property \"name\" on null at /home/denish/Desktop/Workspace/Internal/dk/attexlaravel/resources/views/layouts/shared/topbar.blade.php:350)
[stacktrace]
#0 /home/denish/Desktop/Workspace/Internal/dk/attexlaravel/vendor/laravel/framework/src/Illuminate/Foundation/Bootstrap/HandleExceptions.php(254): Illuminate\\Foundation\\Bootstrap\\HandleExceptions->handleError()
#1 /home/denish/Desktop/Workspace/Internal/dk/attexlaravel/resources/views/layouts/shared/topbar.blade.php(350): Illuminate\\Foundation\\Bootstrap\\HandleExceptions->Illuminate\\Foundation\\Bootstrap\\{closure}()
#2 /home/denish/Desktop/Workspace/Internal/dk/attexlaravel/vendor/laravel/framework/src/Illuminate/Filesystem/Filesystem.php(124): require('...')
#3 /home/denish/Desktop/Workspace/Internal/dk/attexlaravel/vendor/laravel/framework/src/Illuminate/Filesystem/Filesystem.php(125): Illuminate\\Filesystem\\Filesystem::Illuminate\\Filesystem\\{closure}()
#4 /home/denish/Desktop/Workspace/Internal/dk/attexlaravel/vendor/laravel/framework/src/Illuminate/View/Engines/PhpEngine.php(58): Illuminate\\Filesystem\\Filesystem->getRequire()
#5 /home/denish/Desktop/Workspace/Internal/dk/attexlaravel/vendor/laravel/framework/src/Illuminate/View/Engines/CompilerEngine.php(70): Illuminate\\View\\Engines\\PhpEngine->evaluatePath()
#6 /home/denish/Desktop/Workspace/Internal/dk/attexlaravel/vendor/laravel/framework/src/Illuminate/View/View.php(195): Illuminate\\View\\Engines\\CompilerEngine->get()
#7 /home/denish/Desktop/Workspace/Internal/dk/attexlaravel/vendor/laravel/framework/src/Illuminate/View/View.php(178): Illuminate\\View\\View->getContents()
#8 /home/denish/Desktop/Workspace/Internal/dk/attexlaravel/vendor/laravel/framework/src/Illuminate/View/View.php(147): Illuminate\\View\\View->renderContents()
#9 /home/denish/Desktop/Workspace/Internal/dk/attexlaravel/resources/views/layouts/vertical.blade.php(15): Illuminate\\View\\View->render()
#10 /home/denish/Desktop/Workspace/Internal/dk/attexlaravel/vendor/laravel/framework/src/Illuminate/Filesystem/Filesystem.php(124): require('...')
#11 /home/denish/Desktop/Workspace/Internal/dk/attexlaravel/vendor/laravel/framework/src/Illuminate/Filesystem/Filesystem.php(125): Illuminate\\Filesystem\\Filesystem::Illuminate\\Filesystem\\{closure}()
#12 /home/denish/Desktop/Workspace/Internal/dk/attexlaravel/vendor/laravel/framework/src/Illuminate/View/Engines/PhpEngine.php(58): Illuminate\\Filesystem\\Filesystem->getRequire()
#13 /home/denish/Desktop/Workspace/Internal/dk/attexlaravel/vendor/laravel/framework/src/Illuminate/View/Engines/CompilerEngine.php(70): Illuminate\\View\\Engines\\PhpEngine->evaluatePath()
#14 /home/denish/Desktop/Workspace/Internal/dk/attexlaravel/vendor/laravel/framework/src/Illuminate/View/View.php(195): Illuminate\\View\\Engines\\CompilerEngine->get()
#15 /home/denish/Desktop/Workspace/Internal/dk/attexlaravel/vendor/laravel/framework/src/Illuminate/View/View.php(178): Illuminate\\View\\View->getContents()
#16 /home/denish/Desktop/Workspace/Internal/dk/attexlaravel/vendor/laravel/framework/src/Illuminate/View/View.php(147): Illuminate\\View\\View->renderContents()
#17 /home/denish/Desktop/Workspace/Internal/dk/attexlaravel/resources/views/index.blade.php(360): Illuminate\\View\\View->render()
#18 /home/denish/Desktop/Workspace/Internal/dk/attexlaravel/vendor/laravel/framework/src/Illuminate/Filesystem/Filesystem.php(124): require('...')
#19 /home/denish/Desktop/Workspace/Internal/dk/attexlaravel/vendor/laravel/framework/src/Illuminate/Filesystem/Filesystem.php(125): Illuminate\\Filesystem\\Filesystem::Illuminate\\Filesystem\\{closure}()
#20 /home/denish/Desktop/Workspace/Internal/dk/attexlaravel/vendor/laravel/framework/src/Illuminate/View/Engines/PhpEngine.php(58): Illuminate\\Filesystem\\Filesystem->getRequire()
#21 /home/denish/Desktop/Workspace/Internal/dk/attexlaravel/vendor/laravel/framework/src/Illuminate/View/Engines/CompilerEngine.php(70): Illuminate\\View\\Engines\\PhpEngine->evaluatePath()
#22 /home/denish/Desktop/Workspace/Internal/dk/attexlaravel/vendor/laravel/framework/src/Illuminate/View/View.php(195): Illuminate\\View\\Engines\\CompilerEngine->get()
#23 /home/denish/Desktop/Workspace/Internal/dk/attexlaravel/vendor/laravel/framework/src/Illuminate/View/View.php(178): Illuminate\\View\\View->getContents()
#24 /home/denish/Desktop/Workspace/Internal/dk/attexlaravel/vendor/laravel/framework/src/Illuminate/View/View.php(147): Illuminate\\View\\View->renderContents()
#25 /home/denish/Desktop/Workspace/Internal/dk/attexlaravel/vendor/laravel/framework/src/Illuminate/Http/Response.php(69): Illuminate\\View\\View->render()
#26 /home/denish/Desktop/Workspace/Internal/dk/attexlaravel/vendor/laravel/framework/src/Illuminate/Http/Response.php(35): Illuminate\\Http\\Response->setContent()
#27 /home/denish/Desktop/Workspace/Internal/dk/attexlaravel/vendor/laravel/framework/src/Illuminate/Routing/Router.php(905): Illuminate\\Http\\Response->__construct()
#28 /home/denish/Desktop/Workspace/Internal/dk/attexlaravel/vendor/laravel/framework/src/Illuminate/Routing/Router.php(874): Illuminate\\Routing\\Router::toResponse()
#29 /home/denish/Desktop/Workspace/Internal/dk/attexlaravel/vendor/laravel/framework/src/Illuminate/Routing/Router.php(797): Illuminate\\Routing\\Router->prepareResponse()
#30 /home/denish/Desktop/Workspace/Internal/dk/attexlaravel/vendor/laravel/framework/src/Illuminate/Pipeline/Pipeline.php(141): Illuminate\\Routing\\Router->Illuminate\\Routing\\{closure}()
#31 /home/denish/Desktop/Workspace/Internal/dk/attexlaravel/vendor/laravel/framework/src/Illuminate/Routing/Middleware/SubstituteBindings.php(50): Illuminate\\Pipeline\\Pipeline->Illuminate\\Pipeline\\{closure}()
#32 /home/denish/Desktop/Workspace/Internal/dk/attexlaravel/vendor/laravel/framework/src/Illuminate/Pipeline/Pipeline.php(180): Illuminate\\Routing\\Middleware\\SubstituteBindings->handle()
#33 /home/denish/Desktop/Workspace/Internal/dk/attexlaravel/vendor/laravel/framework/src/Illuminate/Foundation/Http/Middleware/VerifyCsrfToken.php(78): Illuminate\\Pipeline\\Pipeline->Illuminate\\Pipeline\\{closure}()
#34 /home/denish/Desktop/Workspace/Internal/dk/attexlaravel/vendor/laravel/framework/src/Illuminate/Pipeline/Pipeline.php(180): Illuminate\\Foundation\\Http\\Middleware\\VerifyCsrfToken->handle()
#35 /home/denish/Desktop/Workspace/Internal/dk/attexlaravel/vendor/laravel/framework/src/Illuminate/View/Middleware/ShareErrorsFromSession.php(49): Illuminate\\Pipeline\\Pipeline->Illuminate\\Pipeline\\{closure}()
#36 /home/denish/Desktop/Workspace/Internal/dk/attexlaravel/vendor/laravel/framework/src/Illuminate/Pipeline/Pipeline.php(180): Illuminate\\View\\Middleware\\ShareErrorsFromSession->handle()
#37 /home/denish/Desktop/Workspace/Internal/dk/attexlaravel/vendor/laravel/framework/src/Illuminate/Session/Middleware/StartSession.php(121): Illuminate\\Pipeline\\Pipeline->Illuminate\\Pipeline\\{closure}()
#38 /home/denish/Desktop/Workspace/Internal/dk/attexlaravel/vendor/laravel/framework/src/Illuminate/Session/Middleware/StartSession.php(64): Illuminate\\Session\\Middleware\\StartSession->handleStatefulRequest()
#39 /home/denish/Desktop/Workspace/Internal/dk/attexlaravel/vendor/laravel/framework/src/Illuminate/Pipeline/Pipeline.php(180): Illuminate\\Session\\Middleware\\StartSession->handle()
#40 /home/denish/Desktop/Workspace/Internal/dk/attexlaravel/vendor/laravel/framework/src/Illuminate/Cookie/Middleware/AddQueuedCookiesToResponse.php(37): Illuminate\\Pipeline\\Pipeline->Illuminate\\Pipeline\\{closure}()
#41 /home/denish/Desktop/Workspace/Internal/dk/attexlaravel/vendor/laravel/framework/src/Illuminate/Pipeline/Pipeline.php(180): Illuminate\\Cookie\\Middleware\\AddQueuedCookiesToResponse->handle()
#42 /home/denish/Desktop/Workspace/Internal/dk/attexlaravel/vendor/laravel/framework/src/Illuminate/Cookie/Middleware/EncryptCookies.php(67): Illuminate\\Pipeline\\Pipeline->Illuminate\\Pipeline\\{closure}()
#43 /home/denish/Desktop/Workspace/Internal/dk/attexlaravel/vendor/laravel/framework/src/Illuminate/Pipeline/Pipeline.php(180): Illuminate\\Cookie\\Middleware\\EncryptCookies->handle()
#44 /home/denish/Desktop/Workspace/Internal/dk/attexlaravel/vendor/laravel/framework/src/Illuminate/Pipeline/Pipeline.php(116): Illuminate\\Pipeline\\Pipeline->Illuminate\\Pipeline\\{closure}()
#45 /home/denish/Desktop/Workspace/Internal/dk/attexlaravel/vendor/laravel/framework/src/Illuminate/Routing/Router.php(798): Illuminate\\Pipeline\\Pipeline->then()
#46 /home/denish/Desktop/Workspace/Internal/dk/attexlaravel/vendor/laravel/framework/src/Illuminate/Routing/Router.php(775): Illuminate\\Routing\\Router->runRouteWithinStack()
#47 /home/denish/Desktop/Workspace/Internal/dk/attexlaravel/vendor/laravel/framework/src/Illuminate/Routing/Router.php(739): Illuminate\\Routing\\Router->runRoute()
#48 /home/denish/Desktop/Workspace/Internal/dk/attexlaravel/vendor/laravel/framework/src/Illuminate/Routing/Router.php(728): Illuminate\\Routing\\Router->dispatchToRoute()
#49 /home/denish/Desktop/Workspace/Internal/dk/attexlaravel/vendor/laravel/framework/src/Illuminate/Foundation/Http/Kernel.php(200): Illuminate\\Routing\\Router->dispatch()
#50 /home/denish/Desktop/Workspace/Internal/dk/attexlaravel/vendor/laravel/framework/src/Illuminate/Pipeline/Pipeline.php(141): Illuminate\\Foundation\\Http\\Kernel->Illuminate\\Foundation\\Http\\{closure}()
#51 /home/denish/Desktop/Workspace/Internal/dk/attexlaravel/vendor/laravel/framework/src/Illuminate/Foundation/Http/Middleware/TransformsRequest.php(21): Illuminate\\Pipeline\\Pipeline->Illuminate\\Pipeline\\{closure}()
#52 /home/denish/Desktop/Workspace/Internal/dk/attexlaravel/vendor/laravel/framework/src/Illuminate/Foundation/Http/Middleware/ConvertEmptyStringsToNull.php(31): Illuminate\\Foundation\\Http\\Middleware\\TransformsRequest->handle()
#53 /home/denish/Desktop/Workspace/Internal/dk/attexlaravel/vendor/laravel/framework/src/Illuminate/Pipeline/Pipeline.php(180): Illuminate\\Foundation\\Http\\Middleware\\ConvertEmptyStringsToNull->handle()
#54 /home/denish/Desktop/Workspace/Internal/dk/attexlaravel/vendor/laravel/framework/src/Illuminate/Foundation/Http/Middleware/TransformsRequest.php(21): Illuminate\\Pipeline\\Pipeline->Illuminate\\Pipeline\\{closure}()
#55 /home/denish/Desktop/Workspace/Internal/dk/attexlaravel/vendor/laravel/framework/src/Illuminate/Foundation/Http/Middleware/TrimStrings.php(40): Illuminate\\Foundation\\Http\\Middleware\\TransformsRequest->handle()
#56 /home/denish/Desktop/Workspace/Internal/dk/attexlaravel/vendor/laravel/framework/src/Illuminate/Pipeline/Pipeline.php(180): Illuminate\\Foundation\\Http\\Middleware\\TrimStrings->handle()
#57 /home/denish/Desktop/Workspace/Internal/dk/attexlaravel/vendor/laravel/framework/src/Illuminate/Foundation/Http/Middleware/ValidatePostSize.php(27): Illuminate\\Pipeline\\Pipeline->Illuminate\\Pipeline\\{closure}()
#58 /home/denish/Desktop/Workspace/Internal/dk/attexlaravel/vendor/laravel/framework/src/Illuminate/Pipeline/Pipeline.php(180): Illuminate\\Foundation\\Http\\Middleware\\ValidatePostSize->handle()
#59 /home/denish/Desktop/Workspace/Internal/dk/attexlaravel/vendor/laravel/framework/src/Illuminate/Foundation/Http/Middleware/PreventRequestsDuringMaintenance.php(86): Illuminate\\Pipeline\\Pipeline->Illuminate\\Pipeline\\{closure}()
#60 /home/denish/Desktop/Workspace/Internal/dk/attexlaravel/vendor/laravel/framework/src/Illuminate/Pipeline/Pipeline.php(180): Illuminate\\Foundation\\Http\\Middleware\\PreventRequestsDuringMaintenance->handle()
#61 /home/denish/Desktop/Workspace/Internal/dk/attexlaravel/vendor/laravel/framework/src/Illuminate/Http/Middleware/HandleCors.php(49): Illuminate\\Pipeline\\Pipeline->Illuminate\\Pipeline\\{closure}()
#62 /home/denish/Desktop/Workspace/Internal/dk/attexlaravel/vendor/laravel/framework/src/Illuminate/Pipeline/Pipeline.php(180): Illuminate\\Http\\Middleware\\HandleCors->handle()
#63 /home/denish/Desktop/Workspace/Internal/dk/attexlaravel/vendor/laravel/framework/src/Illuminate/Http/Middleware/TrustProxies.php(39): Illuminate\\Pipeline\\Pipeline->Illuminate\\Pipeline\\{closure}()
#64 /home/denish/Desktop/Workspace/Internal/dk/attexlaravel/vendor/laravel/framework/src/Illuminate/Pipeline/Pipeline.php(180): Illuminate\\Http\\Middleware\\TrustProxies->handle()
#65 /home/denish/Desktop/Workspace/Internal/dk/attexlaravel/vendor/laravel/framework/src/Illuminate/Pipeline/Pipeline.php(116): Illuminate\\Pipeline\\Pipeline->Illuminate\\Pipeline\\{closure}()
#66 /home/denish/Desktop/Workspace/Internal/dk/attexlaravel/vendor/laravel/framework/src/Illuminate/Foundation/Http/Kernel.php(175): Illuminate\\Pipeline\\Pipeline->then()
#67 /home/denish/Desktop/Workspace/Internal/dk/attexlaravel/vendor/laravel/framework/src/Illuminate/Foundation/Http/Kernel.php(144): Illuminate\\Foundation\\Http\\Kernel->sendRequestThroughRouter()
#68 /home/denish/Desktop/Workspace/Internal/dk/attexlaravel/public/index.php(52): Illuminate\\Foundation\\Http\\Kernel->handle()
#69 /home/denish/Desktop/Workspace/Internal/dk/attexlaravel/vendor/laravel/framework/src/Illuminate/Foundation/resources/server.php(16): require_once('...')
#70 {main}

[previous exception] [object] (ErrorException(code: 0): Attempt to read property \"name\" on null at /home/denish/Desktop/Workspace/Internal/dk/attexlaravel/storage/framework/views/e4f5fcd3df4539e6d368ed1a574be1dc.php:350)
[stacktrace]
#0 /home/denish/Desktop/Workspace/Internal/dk/attexlaravel/vendor/laravel/framework/src/Illuminate/Foundation/Bootstrap/HandleExceptions.php(254): Illuminate\\Foundation\\Bootstrap\\HandleExceptions->handleError()
#1 /home/denish/Desktop/Workspace/Internal/dk/attexlaravel/storage/framework/views/e4f5fcd3df4539e6d368ed1a574be1dc.php(350): Illuminate\\Foundation\\Bootstrap\\HandleExceptions->Illuminate\\Foundation\\Bootstrap\\{closure}()
#2 /home/denish/Desktop/Workspace/Internal/dk/attexlaravel/vendor/laravel/framework/src/Illuminate/Filesystem/Filesystem.php(124): require('...')
#3 /home/denish/Desktop/Workspace/Internal/dk/attexlaravel/vendor/laravel/framework/src/Illuminate/Filesystem/Filesystem.php(125): Illuminate\\Filesystem\\Filesystem::Illuminate\\Filesystem\\{closure}()
#4 /home/denish/Desktop/Workspace/Internal/dk/attexlaravel/vendor/laravel/framework/src/Illuminate/View/Engines/PhpEngine.php(58): Illuminate\\Filesystem\\Filesystem->getRequire()
#5 /home/denish/Desktop/Workspace/Internal/dk/attexlaravel/vendor/laravel/framework/src/Illuminate/View/Engines/CompilerEngine.php(70): Illuminate\\View\\Engines\\PhpEngine->evaluatePath()
#6 /home/denish/Desktop/Workspace/Internal/dk/attexlaravel/vendor/laravel/framework/src/Illuminate/View/View.php(195): Illuminate\\View\\Engines\\CompilerEngine->get()
#7 /home/denish/Desktop/Workspace/Internal/dk/attexlaravel/vendor/laravel/framework/src/Illuminate/View/View.php(178): Illuminate\\View\\View->getContents()
#8 /home/denish/Desktop/Workspace/Internal/dk/attexlaravel/vendor/laravel/framework/src/Illuminate/View/View.php(147): Illuminate\\View\\View->renderContents()
#9 /home/denish/Desktop/Workspace/Internal/dk/attexlaravel/storage/framework/views/5d73eb1011b2c11393bdd9d4ba19e140.php(15): Illuminate\\View\\View->render()
#10 /home/denish/Desktop/Workspace/Internal/dk/attexlaravel/vendor/laravel/framework/src/Illuminate/Filesystem/Filesystem.php(124): require('...')
#11 /home/denish/Desktop/Workspace/Internal/dk/attexlaravel/vendor/laravel/framework/src/Illuminate/Filesystem/Filesystem.php(125): Illuminate\\Filesystem\\Filesystem::Illuminate\\Filesystem\\{closure}()
#12 /home/denish/Desktop/Workspace/Internal/dk/attexlaravel/vendor/laravel/framework/src/Illuminate/View/Engines/PhpEngine.php(58): Illuminate\\Filesystem\\Filesystem->getRequire()
#13 /home/denish/Desktop/Workspace/Internal/dk/attexlaravel/vendor/laravel/framework/src/Illuminate/View/Engines/CompilerEngine.php(70): Illuminate\\View\\Engines\\PhpEngine->evaluatePath()
#14 /home/denish/Desktop/Workspace/Internal/dk/attexlaravel/vendor/laravel/framework/src/Illuminate/View/View.php(195): Illuminate\\View\\Engines\\CompilerEngine->get()
#15 /home/denish/Desktop/Workspace/Internal/dk/attexlaravel/vendor/laravel/framework/src/Illuminate/View/View.php(178): Illuminate\\View\\View->getContents()
#16 /home/denish/Desktop/Workspace/Internal/dk/attexlaravel/vendor/laravel/framework/src/Illuminate/View/View.php(147): Illuminate\\View\\View->renderContents()
#17 /home/denish/Desktop/Workspace/Internal/dk/attexlaravel/storage/framework/views/99227b069eb3e0e687e161553c4d511f.php(360): Illuminate\\View\\View->render()
#18 /home/denish/Desktop/Workspace/Internal/dk/attexlaravel/vendor/laravel/framework/src/Illuminate/Filesystem/Filesystem.php(124): require('...')
#19 /home/denish/Desktop/Workspace/Internal/dk/attexlaravel/vendor/laravel/framework/src/Illuminate/Filesystem/Filesystem.php(125): Illuminate\\Filesystem\\Filesystem::Illuminate\\Filesystem\\{closure}()
#20 /home/denish/Desktop/Workspace/Internal/dk/attexlaravel/vendor/laravel/framework/src/Illuminate/View/Engines/PhpEngine.php(58): Illuminate\\Filesystem\\Filesystem->getRequire()
#21 /home/denish/Desktop/Workspace/Internal/dk/attexlaravel/vendor/laravel/framework/src/Illuminate/View/Engines/CompilerEngine.php(70): Illuminate\\View\\Engines\\PhpEngine->evaluatePath()
#22 /home/denish/Desktop/Workspace/Internal/dk/attexlaravel/vendor/laravel/framework/src/Illuminate/View/View.php(195): Illuminate\\View\\Engines\\CompilerEngine->get()
#23 /home/denish/Desktop/Workspace/Internal/dk/attexlaravel/vendor/laravel/framework/src/Illuminate/View/View.php(178): Illuminate\\View\\View->getContents()
#24 /home/denish/Desktop/Workspace/Internal/dk/attexlaravel/vendor/laravel/framework/src/Illuminate/View/View.php(147): Illuminate\\View\\View->renderContents()
#25 /home/denish/Desktop/Workspace/Internal/dk/attexlaravel/vendor/laravel/framework/src/Illuminate/Http/Response.php(69): Illuminate\\View\\View->render()
#26 /home/denish/Desktop/Workspace/Internal/dk/attexlaravel/vendor/laravel/framework/src/Illuminate/Http/Response.php(35): Illuminate\\Http\\Response->setContent()
#27 /home/denish/Desktop/Workspace/Internal/dk/attexlaravel/vendor/laravel/framework/src/Illuminate/Routing/Router.php(905): Illuminate\\Http\\Response->__construct()
#28 /home/denish/Desktop/Workspace/Internal/dk/attexlaravel/vendor/laravel/framework/src/Illuminate/Routing/Router.php(874): Illuminate\\Routing\\Router::toResponse()
#29 /home/denish/Desktop/Workspace/Internal/dk/attexlaravel/vendor/laravel/framework/src/Illuminate/Routing/Router.php(797): Illuminate\\Routing\\Router->prepareResponse()
#30 /home/denish/Desktop/Workspace/Internal/dk/attexlaravel/vendor/laravel/framework/src/Illuminate/Pipeline/Pipeline.php(141): Illuminate\\Routing\\Router->Illuminate\\Routing\\{closure}()
#31 /home/denish/Desktop/Workspace/Internal/dk/attexlaravel/vendor/laravel/framework/src/Illuminate/Routing/Middleware/SubstituteBindings.php(50): Illuminate\\Pipeline\\Pipeline->Illuminate\\Pipeline\\{closure}()
#32 /home/denish/Desktop/Workspace/Internal/dk/attexlaravel/vendor/laravel/framework/src/Illuminate/Pipeline/Pipeline.php(180): Illuminate\\Routing\\Middleware\\SubstituteBindings->handle()
#33 /home/denish/Desktop/Workspace/Internal/dk/attexlaravel/vendor/laravel/framework/src/Illuminate/Foundation/Http/Middleware/VerifyCsrfToken.php(78): Illuminate\\Pipeline\\Pipeline->Illuminate\\Pipeline\\{closure}()
#34 /home/denish/Desktop/Workspace/Internal/dk/attexlaravel/vendor/laravel/framework/src/Illuminate/Pipeline/Pipeline.php(180): Illuminate\\Foundation\\Http\\Middleware\\VerifyCsrfToken->handle()
#35 /home/denish/Desktop/Workspace/Internal/dk/attexlaravel/vendor/laravel/framework/src/Illuminate/View/Middleware/ShareErrorsFromSession.php(49): Illuminate\\Pipeline\\Pipeline->Illuminate\\Pipeline\\{closure}()
#36 /home/denish/Desktop/Workspace/Internal/dk/attexlaravel/vendor/laravel/framework/src/Illuminate/Pipeline/Pipeline.php(180): Illuminate\\View\\Middleware\\ShareErrorsFromSession->handle()
#37 /home/denish/Desktop/Workspace/Internal/dk/attexlaravel/vendor/laravel/framework/src/Illuminate/Session/Middleware/StartSession.php(121): Illuminate\\Pipeline\\Pipeline->Illuminate\\Pipeline\\{closure}()
#38 /home/denish/Desktop/Workspace/Internal/dk/attexlaravel/vendor/laravel/framework/src/Illuminate/Session/Middleware/StartSession.php(64): Illuminate\\Session\\Middleware\\StartSession->handleStatefulRequest()
#39 /home/denish/Desktop/Workspace/Internal/dk/attexlaravel/vendor/laravel/framework/src/Illuminate/Pipeline/Pipeline.php(180): Illuminate\\Session\\Middleware\\StartSession->handle()
#40 /home/denish/Desktop/Workspace/Internal/dk/attexlaravel/vendor/laravel/framework/src/Illuminate/Cookie/Middleware/AddQueuedCookiesToResponse.php(37): Illuminate\\Pipeline\\Pipeline->Illuminate\\Pipeline\\{closure}()
#41 /home/denish/Desktop/Workspace/Internal/dk/attexlaravel/vendor/laravel/framework/src/Illuminate/Pipeline/Pipeline.php(180): Illuminate\\Cookie\\Middleware\\AddQueuedCookiesToResponse->handle()
#42 /home/denish/Desktop/Workspace/Internal/dk/attexlaravel/vendor/laravel/framework/src/Illuminate/Cookie/Middleware/EncryptCookies.php(67): Illuminate\\Pipeline\\Pipeline->Illuminate\\Pipeline\\{closure}()
#43 /home/denish/Desktop/Workspace/Internal/dk/attexlaravel/vendor/laravel/framework/src/Illuminate/Pipeline/Pipeline.php(180): Illuminate\\Cookie\\Middleware\\EncryptCookies->handle()
#44 /home/denish/Desktop/Workspace/Internal/dk/attexlaravel/vendor/laravel/framework/src/Illuminate/Pipeline/Pipeline.php(116): Illuminate\\Pipeline\\Pipeline->Illuminate\\Pipeline\\{closure}()
#45 /home/denish/Desktop/Workspace/Internal/dk/attexlaravel/vendor/laravel/framework/src/Illuminate/Routing/Router.php(798): Illuminate\\Pipeline\\Pipeline->then()
#46 /home/denish/Desktop/Workspace/Internal/dk/attexlaravel/vendor/laravel/framework/src/Illuminate/Routing/Router.php(775): Illuminate\\Routing\\Router->runRouteWithinStack()
#47 /home/denish/Desktop/Workspace/Internal/dk/attexlaravel/vendor/laravel/framework/src/Illuminate/Routing/Router.php(739): Illuminate\\Routing\\Router->runRoute()
#48 /home/denish/Desktop/Workspace/Internal/dk/attexlaravel/vendor/laravel/framework/src/Illuminate/Routing/Router.php(728): Illuminate\\Routing\\Router->dispatchToRoute()
#49 /home/denish/Desktop/Workspace/Internal/dk/attexlaravel/vendor/laravel/framework/src/Illuminate/Foundation/Http/Kernel.php(200): Illuminate\\Routing\\Router->dispatch()
#50 /home/denish/Desktop/Workspace/Internal/dk/attexlaravel/vendor/laravel/framework/src/Illuminate/Pipeline/Pipeline.php(141): Illuminate\\Foundation\\Http\\Kernel->Illuminate\\Foundation\\Http\\{closure}()
#51 /home/denish/Desktop/Workspace/Internal/dk/attexlaravel/vendor/laravel/framework/src/Illuminate/Foundation/Http/Middleware/TransformsRequest.php(21): Illuminate\\Pipeline\\Pipeline->Illuminate\\Pipeline\\{closure}()
#52 /home/denish/Desktop/Workspace/Internal/dk/attexlaravel/vendor/laravel/framework/src/Illuminate/Foundation/Http/Middleware/ConvertEmptyStringsToNull.php(31): Illuminate\\Foundation\\Http\\Middleware\\TransformsRequest->handle()
#53 /home/denish/Desktop/Workspace/Internal/dk/attexlaravel/vendor/laravel/framework/src/Illuminate/Pipeline/Pipeline.php(180): Illuminate\\Foundation\\Http\\Middleware\\ConvertEmptyStringsToNull->handle()
#54 /home/denish/Desktop/Workspace/Internal/dk/attexlaravel/vendor/laravel/framework/src/Illuminate/Foundation/Http/Middleware/TransformsRequest.php(21): Illuminate\\Pipeline\\Pipeline->Illuminate\\Pipeline\\{closure}()
#55 /home/denish/Desktop/Workspace/Internal/dk/attexlaravel/vendor/laravel/framework/src/Illuminate/Foundation/Http/Middleware/TrimStrings.php(40): Illuminate\\Foundation\\Http\\Middleware\\TransformsRequest->handle()
#56 /home/denish/Desktop/Workspace/Internal/dk/attexlaravel/vendor/laravel/framework/src/Illuminate/Pipeline/Pipeline.php(180): Illuminate\\Foundation\\Http\\Middleware\\TrimStrings->handle()
#57 /home/denish/Desktop/Workspace/Internal/dk/attexlaravel/vendor/laravel/framework/src/Illuminate/Foundation/Http/Middleware/ValidatePostSize.php(27): Illuminate\\Pipeline\\Pipeline->Illuminate\\Pipeline\\{closure}()
#58 /home/denish/Desktop/Workspace/Internal/dk/attexlaravel/vendor/laravel/framework/src/Illuminate/Pipeline/Pipeline.php(180): Illuminate\\Foundation\\Http\\Middleware\\ValidatePostSize->handle()
#59 /home/denish/Desktop/Workspace/Internal/dk/attexlaravel/vendor/laravel/framework/src/Illuminate/Foundation/Http/Middleware/PreventRequestsDuringMaintenance.php(86): Illuminate\\Pipeline\\Pipeline->Illuminate\\Pipeline\\{closure}()
#60 /home/denish/Desktop/Workspace/Internal/dk/attexlaravel/vendor/laravel/framework/src/Illuminate/Pipeline/Pipeline.php(180): Illuminate\\Foundation\\Http\\Middleware\\PreventRequestsDuringMaintenance->handle()
#61 /home/denish/Desktop/Workspace/Internal/dk/attexlaravel/vendor/laravel/framework/src/Illuminate/Http/Middleware/HandleCors.php(49): Illuminate\\Pipeline\\Pipeline->Illuminate\\Pipeline\\{closure}()
#62 /home/denish/Desktop/Workspace/Internal/dk/attexlaravel/vendor/laravel/framework/src/Illuminate/Pipeline/Pipeline.php(180): Illuminate\\Http\\Middleware\\HandleCors->handle()
#63 /home/denish/Desktop/Workspace/Internal/dk/attexlaravel/vendor/laravel/framework/src/Illuminate/Http/Middleware/TrustProxies.php(39): Illuminate\\Pipeline\\Pipeline->Illuminate\\Pipeline\\{closure}()
#64 /home/denish/Desktop/Workspace/Internal/dk/attexlaravel/vendor/laravel/framework/src/Illuminate/Pipeline/Pipeline.php(180): Illuminate\\Http\\Middleware\\TrustProxies->handle()
#65 /home/denish/Desktop/Workspace/Internal/dk/attexlaravel/vendor/laravel/framework/src/Illuminate/Pipeline/Pipeline.php(116): Illuminate\\Pipeline\\Pipeline->Illuminate\\Pipeline\\{closure}()
#66 /home/denish/Desktop/Workspace/Internal/dk/attexlaravel/vendor/laravel/framework/src/Illuminate/Foundation/Http/Kernel.php(175): Illuminate\\Pipeline\\Pipeline->then()
#67 /home/denish/Desktop/Workspace/Internal/dk/attexlaravel/vendor/laravel/framework/src/Illuminate/Foundation/Http/Kernel.php(144): Illuminate\\Foundation\\Http\\Kernel->sendRequestThroughRouter()
#68 /home/denish/Desktop/Workspace/Internal/dk/attexlaravel/public/index.php(52): Illuminate\\Foundation\\Http\\Kernel->handle()
#69 /home/denish/Desktop/Workspace/Internal/dk/attexlaravel/vendor/laravel/framework/src/Illuminate/Foundation/resources/server.php(16): require_once('...')
#70 {main}
"} 
[2023-06-03 11:42:02] local.ERROR: Attempt to read property "name" on null {"view":{"view":"/home/denish/Desktop/Workspace/Internal/dk/attexlaravel/resources/views/layouts/shared/topbar.blade.php","data":[]},"exception":"[object] (Spatie\\LaravelIgnition\\Exceptions\\ViewException(code: 0): Attempt to read property \"name\" on null at /home/denish/Desktop/Workspace/Internal/dk/attexlaravel/resources/views/layouts/shared/topbar.blade.php:350)
[stacktrace]
#0 /home/denish/Desktop/Workspace/Internal/dk/attexlaravel/vendor/laravel/framework/src/Illuminate/Foundation/Bootstrap/HandleExceptions.php(254): Illuminate\\Foundation\\Bootstrap\\HandleExceptions->handleError()
#1 /home/denish/Desktop/Workspace/Internal/dk/attexlaravel/resources/views/layouts/shared/topbar.blade.php(350): Illuminate\\Foundation\\Bootstrap\\HandleExceptions->Illuminate\\Foundation\\Bootstrap\\{closure}()
#2 /home/denish/Desktop/Workspace/Internal/dk/attexlaravel/vendor/laravel/framework/src/Illuminate/Filesystem/Filesystem.php(124): require('...')
#3 /home/denish/Desktop/Workspace/Internal/dk/attexlaravel/vendor/laravel/framework/src/Illuminate/Filesystem/Filesystem.php(125): Illuminate\\Filesystem\\Filesystem::Illuminate\\Filesystem\\{closure}()
#4 /home/denish/Desktop/Workspace/Internal/dk/attexlaravel/vendor/laravel/framework/src/Illuminate/View/Engines/PhpEngine.php(58): Illuminate\\Filesystem\\Filesystem->getRequire()
#5 /home/denish/Desktop/Workspace/Internal/dk/attexlaravel/vendor/laravel/framework/src/Illuminate/View/Engines/CompilerEngine.php(70): Illuminate\\View\\Engines\\PhpEngine->evaluatePath()
#6 /home/denish/Desktop/Workspace/Internal/dk/attexlaravel/vendor/laravel/framework/src/Illuminate/View/View.php(195): Illuminate\\View\\Engines\\CompilerEngine->get()
#7 /home/denish/Desktop/Workspace/Internal/dk/attexlaravel/vendor/laravel/framework/src/Illuminate/View/View.php(178): Illuminate\\View\\View->getContents()
#8 /home/denish/Desktop/Workspace/Internal/dk/attexlaravel/vendor/laravel/framework/src/Illuminate/View/View.php(147): Illuminate\\View\\View->renderContents()
#9 /home/denish/Desktop/Workspace/Internal/dk/attexlaravel/resources/views/layouts/vertical.blade.php(15): Illuminate\\View\\View->render()
#10 /home/denish/Desktop/Workspace/Internal/dk/attexlaravel/vendor/laravel/framework/src/Illuminate/Filesystem/Filesystem.php(124): require('...')
#11 /home/denish/Desktop/Workspace/Internal/dk/attexlaravel/vendor/laravel/framework/src/Illuminate/Filesystem/Filesystem.php(125): Illuminate\\Filesystem\\Filesystem::Illuminate\\Filesystem\\{closure}()
#12 /home/denish/Desktop/Workspace/Internal/dk/attexlaravel/vendor/laravel/framework/src/Illuminate/View/Engines/PhpEngine.php(58): Illuminate\\Filesystem\\Filesystem->getRequire()
#13 /home/denish/Desktop/Workspace/Internal/dk/attexlaravel/vendor/laravel/framework/src/Illuminate/View/Engines/CompilerEngine.php(70): Illuminate\\View\\Engines\\PhpEngine->evaluatePath()
#14 /home/denish/Desktop/Workspace/Internal/dk/attexlaravel/vendor/laravel/framework/src/Illuminate/View/View.php(195): Illuminate\\View\\Engines\\CompilerEngine->get()
#15 /home/denish/Desktop/Workspace/Internal/dk/attexlaravel/vendor/laravel/framework/src/Illuminate/View/View.php(178): Illuminate\\View\\View->getContents()
#16 /home/denish/Desktop/Workspace/Internal/dk/attexlaravel/vendor/laravel/framework/src/Illuminate/View/View.php(147): Illuminate\\View\\View->renderContents()
#17 /home/denish/Desktop/Workspace/Internal/dk/attexlaravel/resources/views/index.blade.php(360): Illuminate\\View\\View->render()
#18 /home/denish/Desktop/Workspace/Internal/dk/attexlaravel/vendor/laravel/framework/src/Illuminate/Filesystem/Filesystem.php(124): require('...')
#19 /home/denish/Desktop/Workspace/Internal/dk/attexlaravel/vendor/laravel/framework/src/Illuminate/Filesystem/Filesystem.php(125): Illuminate\\Filesystem\\Filesystem::Illuminate\\Filesystem\\{closure}()
#20 /home/denish/Desktop/Workspace/Internal/dk/attexlaravel/vendor/laravel/framework/src/Illuminate/View/Engines/PhpEngine.php(58): Illuminate\\Filesystem\\Filesystem->getRequire()
#21 /home/denish/Desktop/Workspace/Internal/dk/attexlaravel/vendor/laravel/framework/src/Illuminate/View/Engines/CompilerEngine.php(70): Illuminate\\View\\Engines\\PhpEngine->evaluatePath()
#22 /home/denish/Desktop/Workspace/Internal/dk/attexlaravel/vendor/laravel/framework/src/Illuminate/View/View.php(195): Illuminate\\View\\Engines\\CompilerEngine->get()
#23 /home/denish/Desktop/Workspace/Internal/dk/attexlaravel/vendor/laravel/framework/src/Illuminate/View/View.php(178): Illuminate\\View\\View->getContents()
#24 /home/denish/Desktop/Workspace/Internal/dk/attexlaravel/vendor/laravel/framework/src/Illuminate/View/View.php(147): Illuminate\\View\\View->renderContents()
#25 /home/denish/Desktop/Workspace/Internal/dk/attexlaravel/vendor/laravel/framework/src/Illuminate/Http/Response.php(69): Illuminate\\View\\View->render()
#26 /home/denish/Desktop/Workspace/Internal/dk/attexlaravel/vendor/laravel/framework/src/Illuminate/Http/Response.php(35): Illuminate\\Http\\Response->setContent()
#27 /home/denish/Desktop/Workspace/Internal/dk/attexlaravel/vendor/laravel/framework/src/Illuminate/Routing/Router.php(905): Illuminate\\Http\\Response->__construct()
#28 /home/denish/Desktop/Workspace/Internal/dk/attexlaravel/vendor/laravel/framework/src/Illuminate/Routing/Router.php(874): Illuminate\\Routing\\Router::toResponse()
#29 /home/denish/Desktop/Workspace/Internal/dk/attexlaravel/vendor/laravel/framework/src/Illuminate/Routing/Router.php(797): Illuminate\\Routing\\Router->prepareResponse()
#30 /home/denish/Desktop/Workspace/Internal/dk/attexlaravel/vendor/laravel/framework/src/Illuminate/Pipeline/Pipeline.php(141): Illuminate\\Routing\\Router->Illuminate\\Routing\\{closure}()
#31 /home/denish/Desktop/Workspace/Internal/dk/attexlaravel/vendor/laravel/framework/src/Illuminate/Routing/Middleware/SubstituteBindings.php(50): Illuminate\\Pipeline\\Pipeline->Illuminate\\Pipeline\\{closure}()
#32 /home/denish/Desktop/Workspace/Internal/dk/attexlaravel/vendor/laravel/framework/src/Illuminate/Pipeline/Pipeline.php(180): Illuminate\\Routing\\Middleware\\SubstituteBindings->handle()
#33 /home/denish/Desktop/Workspace/Internal/dk/attexlaravel/vendor/laravel/framework/src/Illuminate/Foundation/Http/Middleware/VerifyCsrfToken.php(78): Illuminate\\Pipeline\\Pipeline->Illuminate\\Pipeline\\{closure}()
#34 /home/denish/Desktop/Workspace/Internal/dk/attexlaravel/vendor/laravel/framework/src/Illuminate/Pipeline/Pipeline.php(180): Illuminate\\Foundation\\Http\\Middleware\\VerifyCsrfToken->handle()
#35 /home/denish/Desktop/Workspace/Internal/dk/attexlaravel/vendor/laravel/framework/src/Illuminate/View/Middleware/ShareErrorsFromSession.php(49): Illuminate\\Pipeline\\Pipeline->Illuminate\\Pipeline\\{closure}()
#36 /home/denish/Desktop/Workspace/Internal/dk/attexlaravel/vendor/laravel/framework/src/Illuminate/Pipeline/Pipeline.php(180): Illuminate\\View\\Middleware\\ShareErrorsFromSession->handle()
#37 /home/denish/Desktop/Workspace/Internal/dk/attexlaravel/vendor/laravel/framework/src/Illuminate/Session/Middleware/StartSession.php(121): Illuminate\\Pipeline\\Pipeline->Illuminate\\Pipeline\\{closure}()
#38 /home/denish/Desktop/Workspace/Internal/dk/attexlaravel/vendor/laravel/framework/src/Illuminate/Session/Middleware/StartSession.php(64): Illuminate\\Session\\Middleware\\StartSession->handleStatefulRequest()
#39 /home/denish/Desktop/Workspace/Internal/dk/attexlaravel/vendor/laravel/framework/src/Illuminate/Pipeline/Pipeline.php(180): Illuminate\\Session\\Middleware\\StartSession->handle()
#40 /home/denish/Desktop/Workspace/Internal/dk/attexlaravel/vendor/laravel/framework/src/Illuminate/Cookie/Middleware/AddQueuedCookiesToResponse.php(37): Illuminate\\Pipeline\\Pipeline->Illuminate\\Pipeline\\{closure}()
#41 /home/denish/Desktop/Workspace/Internal/dk/attexlaravel/vendor/laravel/framework/src/Illuminate/Pipeline/Pipeline.php(180): Illuminate\\Cookie\\Middleware\\AddQueuedCookiesToResponse->handle()
#42 /home/denish/Desktop/Workspace/Internal/dk/attexlaravel/vendor/laravel/framework/src/Illuminate/Cookie/Middleware/EncryptCookies.php(67): Illuminate\\Pipeline\\Pipeline->Illuminate\\Pipeline\\{closure}()
#43 /home/denish/Desktop/Workspace/Internal/dk/attexlaravel/vendor/laravel/framework/src/Illuminate/Pipeline/Pipeline.php(180): Illuminate\\Cookie\\Middleware\\EncryptCookies->handle()
#44 /home/denish/Desktop/Workspace/Internal/dk/attexlaravel/vendor/laravel/framework/src/Illuminate/Pipeline/Pipeline.php(116): Illuminate\\Pipeline\\Pipeline->Illuminate\\Pipeline\\{closure}()
#45 /home/denish/Desktop/Workspace/Internal/dk/attexlaravel/vendor/laravel/framework/src/Illuminate/Routing/Router.php(798): Illuminate\\Pipeline\\Pipeline->then()
#46 /home/denish/Desktop/Workspace/Internal/dk/attexlaravel/vendor/laravel/framework/src/Illuminate/Routing/Router.php(775): Illuminate\\Routing\\Router->runRouteWithinStack()
#47 /home/denish/Desktop/Workspace/Internal/dk/attexlaravel/vendor/laravel/framework/src/Illuminate/Routing/Router.php(739): Illuminate\\Routing\\Router->runRoute()
#48 /home/denish/Desktop/Workspace/Internal/dk/attexlaravel/vendor/laravel/framework/src/Illuminate/Routing/Router.php(728): Illuminate\\Routing\\Router->dispatchToRoute()
#49 /home/denish/Desktop/Workspace/Internal/dk/attexlaravel/vendor/laravel/framework/src/Illuminate/Foundation/Http/Kernel.php(200): Illuminate\\Routing\\Router->dispatch()
#50 /home/denish/Desktop/Workspace/Internal/dk/attexlaravel/vendor/laravel/framework/src/Illuminate/Pipeline/Pipeline.php(141): Illuminate\\Foundation\\Http\\Kernel->Illuminate\\Foundation\\Http\\{closure}()
#51 /home/denish/Desktop/Workspace/Internal/dk/attexlaravel/vendor/laravel/framework/src/Illuminate/Foundation/Http/Middleware/TransformsRequest.php(21): Illuminate\\Pipeline\\Pipeline->Illuminate\\Pipeline\\{closure}()
#52 /home/denish/Desktop/Workspace/Internal/dk/attexlaravel/vendor/laravel/framework/src/Illuminate/Foundation/Http/Middleware/ConvertEmptyStringsToNull.php(31): Illuminate\\Foundation\\Http\\Middleware\\TransformsRequest->handle()
#53 /home/denish/Desktop/Workspace/Internal/dk/attexlaravel/vendor/laravel/framework/src/Illuminate/Pipeline/Pipeline.php(180): Illuminate\\Foundation\\Http\\Middleware\\ConvertEmptyStringsToNull->handle()
#54 /home/denish/Desktop/Workspace/Internal/dk/attexlaravel/vendor/laravel/framework/src/Illuminate/Foundation/Http/Middleware/TransformsRequest.php(21): Illuminate\\Pipeline\\Pipeline->Illuminate\\Pipeline\\{closure}()
#55 /home/denish/Desktop/Workspace/Internal/dk/attexlaravel/vendor/laravel/framework/src/Illuminate/Foundation/Http/Middleware/TrimStrings.php(40): Illuminate\\Foundation\\Http\\Middleware\\TransformsRequest->handle()
#56 /home/denish/Desktop/Workspace/Internal/dk/attexlaravel/vendor/laravel/framework/src/Illuminate/Pipeline/Pipeline.php(180): Illuminate\\Foundation\\Http\\Middleware\\TrimStrings->handle()
#57 /home/denish/Desktop/Workspace/Internal/dk/attexlaravel/vendor/laravel/framework/src/Illuminate/Foundation/Http/Middleware/ValidatePostSize.php(27): Illuminate\\Pipeline\\Pipeline->Illuminate\\Pipeline\\{closure}()
#58 /home/denish/Desktop/Workspace/Internal/dk/attexlaravel/vendor/laravel/framework/src/Illuminate/Pipeline/Pipeline.php(180): Illuminate\\Foundation\\Http\\Middleware\\ValidatePostSize->handle()
#59 /home/denish/Desktop/Workspace/Internal/dk/attexlaravel/vendor/laravel/framework/src/Illuminate/Foundation/Http/Middleware/PreventRequestsDuringMaintenance.php(86): Illuminate\\Pipeline\\Pipeline->Illuminate\\Pipeline\\{closure}()
#60 /home/denish/Desktop/Workspace/Internal/dk/attexlaravel/vendor/laravel/framework/src/Illuminate/Pipeline/Pipeline.php(180): Illuminate\\Foundation\\Http\\Middleware\\PreventRequestsDuringMaintenance->handle()
#61 /home/denish/Desktop/Workspace/Internal/dk/attexlaravel/vendor/laravel/framework/src/Illuminate/Http/Middleware/HandleCors.php(49): Illuminate\\Pipeline\\Pipeline->Illuminate\\Pipeline\\{closure}()
#62 /home/denish/Desktop/Workspace/Internal/dk/attexlaravel/vendor/laravel/framework/src/Illuminate/Pipeline/Pipeline.php(180): Illuminate\\Http\\Middleware\\HandleCors->handle()
#63 /home/denish/Desktop/Workspace/Internal/dk/attexlaravel/vendor/laravel/framework/src/Illuminate/Http/Middleware/TrustProxies.php(39): Illuminate\\Pipeline\\Pipeline->Illuminate\\Pipeline\\{closure}()
#64 /home/denish/Desktop/Workspace/Internal/dk/attexlaravel/vendor/laravel/framework/src/Illuminate/Pipeline/Pipeline.php(180): Illuminate\\Http\\Middleware\\TrustProxies->handle()
#65 /home/denish/Desktop/Workspace/Internal/dk/attexlaravel/vendor/laravel/framework/src/Illuminate/Pipeline/Pipeline.php(116): Illuminate\\Pipeline\\Pipeline->Illuminate\\Pipeline\\{closure}()
#66 /home/denish/Desktop/Workspace/Internal/dk/attexlaravel/vendor/laravel/framework/src/Illuminate/Foundation/Http/Kernel.php(175): Illuminate\\Pipeline\\Pipeline->then()
#67 /home/denish/Desktop/Workspace/Internal/dk/attexlaravel/vendor/laravel/framework/src/Illuminate/Foundation/Http/Kernel.php(144): Illuminate\\Foundation\\Http\\Kernel->sendRequestThroughRouter()
#68 /home/denish/Desktop/Workspace/Internal/dk/attexlaravel/public/index.php(52): Illuminate\\Foundation\\Http\\Kernel->handle()
#69 /home/denish/Desktop/Workspace/Internal/dk/attexlaravel/vendor/laravel/framework/src/Illuminate/Foundation/resources/server.php(16): require_once('...')
#70 {main}

[previous exception] [object] (ErrorException(code: 0): Attempt to read property \"name\" on null at /home/denish/Desktop/Workspace/Internal/dk/attexlaravel/storage/framework/views/e4f5fcd3df4539e6d368ed1a574be1dc.php:350)
[stacktrace]
#0 /home/denish/Desktop/Workspace/Internal/dk/attexlaravel/vendor/laravel/framework/src/Illuminate/Foundation/Bootstrap/HandleExceptions.php(254): Illuminate\\Foundation\\Bootstrap\\HandleExceptions->handleError()
#1 /home/denish/Desktop/Workspace/Internal/dk/attexlaravel/storage/framework/views/e4f5fcd3df4539e6d368ed1a574be1dc.php(350): Illuminate\\Foundation\\Bootstrap\\HandleExceptions->Illuminate\\Foundation\\Bootstrap\\{closure}()
#2 /home/denish/Desktop/Workspace/Internal/dk/attexlaravel/vendor/laravel/framework/src/Illuminate/Filesystem/Filesystem.php(124): require('...')
#3 /home/denish/Desktop/Workspace/Internal/dk/attexlaravel/vendor/laravel/framework/src/Illuminate/Filesystem/Filesystem.php(125): Illuminate\\Filesystem\\Filesystem::Illuminate\\Filesystem\\{closure}()
#4 /home/denish/Desktop/Workspace/Internal/dk/attexlaravel/vendor/laravel/framework/src/Illuminate/View/Engines/PhpEngine.php(58): Illuminate\\Filesystem\\Filesystem->getRequire()
#5 /home/denish/Desktop/Workspace/Internal/dk/attexlaravel/vendor/laravel/framework/src/Illuminate/View/Engines/CompilerEngine.php(70): Illuminate\\View\\Engines\\PhpEngine->evaluatePath()
#6 /home/denish/Desktop/Workspace/Internal/dk/attexlaravel/vendor/laravel/framework/src/Illuminate/View/View.php(195): Illuminate\\View\\Engines\\CompilerEngine->get()
#7 /home/denish/Desktop/Workspace/Internal/dk/attexlaravel/vendor/laravel/framework/src/Illuminate/View/View.php(178): Illuminate\\View\\View->getContents()
#8 /home/denish/Desktop/Workspace/Internal/dk/attexlaravel/vendor/laravel/framework/src/Illuminate/View/View.php(147): Illuminate\\View\\View->renderContents()
#9 /home/denish/Desktop/Workspace/Internal/dk/attexlaravel/storage/framework/views/5d73eb1011b2c11393bdd9d4ba19e140.php(15): Illuminate\\View\\View->render()
#10 /home/denish/Desktop/Workspace/Internal/dk/attexlaravel/vendor/laravel/framework/src/Illuminate/Filesystem/Filesystem.php(124): require('...')
#11 /home/denish/Desktop/Workspace/Internal/dk/attexlaravel/vendor/laravel/framework/src/Illuminate/Filesystem/Filesystem.php(125): Illuminate\\Filesystem\\Filesystem::Illuminate\\Filesystem\\{closure}()
#12 /home/denish/Desktop/Workspace/Internal/dk/attexlaravel/vendor/laravel/framework/src/Illuminate/View/Engines/PhpEngine.php(58): Illuminate\\Filesystem\\Filesystem->getRequire()
#13 /home/denish/Desktop/Workspace/Internal/dk/attexlaravel/vendor/laravel/framework/src/Illuminate/View/Engines/CompilerEngine.php(70): Illuminate\\View\\Engines\\PhpEngine->evaluatePath()
#14 /home/denish/Desktop/Workspace/Internal/dk/attexlaravel/vendor/laravel/framework/src/Illuminate/View/View.php(195): Illuminate\\View\\Engines\\CompilerEngine->get()
#15 /home/denish/Desktop/Workspace/Internal/dk/attexlaravel/vendor/laravel/framework/src/Illuminate/View/View.php(178): Illuminate\\View\\View->getContents()
#16 /home/denish/Desktop/Workspace/Internal/dk/attexlaravel/vendor/laravel/framework/src/Illuminate/View/View.php(147): Illuminate\\View\\View->renderContents()
#17 /home/denish/Desktop/Workspace/Internal/dk/attexlaravel/storage/framework/views/99227b069eb3e0e687e161553c4d511f.php(360): Illuminate\\View\\View->render()
#18 /home/denish/Desktop/Workspace/Internal/dk/attexlaravel/vendor/laravel/framework/src/Illuminate/Filesystem/Filesystem.php(124): require('...')
#19 /home/denish/Desktop/Workspace/Internal/dk/attexlaravel/vendor/laravel/framework/src/Illuminate/Filesystem/Filesystem.php(125): Illuminate\\Filesystem\\Filesystem::Illuminate\\Filesystem\\{closure}()
#20 /home/denish/Desktop/Workspace/Internal/dk/attexlaravel/vendor/laravel/framework/src/Illuminate/View/Engines/PhpEngine.php(58): Illuminate\\Filesystem\\Filesystem->getRequire()
#21 /home/denish/Desktop/Workspace/Internal/dk/attexlaravel/vendor/laravel/framework/src/Illuminate/View/Engines/CompilerEngine.php(70): Illuminate\\View\\Engines\\PhpEngine->evaluatePath()
#22 /home/denish/Desktop/Workspace/Internal/dk/attexlaravel/vendor/laravel/framework/src/Illuminate/View/View.php(195): Illuminate\\View\\Engines\\CompilerEngine->get()
#23 /home/denish/Desktop/Workspace/Internal/dk/attexlaravel/vendor/laravel/framework/src/Illuminate/View/View.php(178): Illuminate\\View\\View->getContents()
#24 /home/denish/Desktop/Workspace/Internal/dk/attexlaravel/vendor/laravel/framework/src/Illuminate/View/View.php(147): Illuminate\\View\\View->renderContents()
#25 /home/denish/Desktop/Workspace/Internal/dk/attexlaravel/vendor/laravel/framework/src/Illuminate/Http/Response.php(69): Illuminate\\View\\View->render()
#26 /home/denish/Desktop/Workspace/Internal/dk/attexlaravel/vendor/laravel/framework/src/Illuminate/Http/Response.php(35): Illuminate\\Http\\Response->setContent()
#27 /home/denish/Desktop/Workspace/Internal/dk/attexlaravel/vendor/laravel/framework/src/Illuminate/Routing/Router.php(905): Illuminate\\Http\\Response->__construct()
#28 /home/denish/Desktop/Workspace/Internal/dk/attexlaravel/vendor/laravel/framework/src/Illuminate/Routing/Router.php(874): Illuminate\\Routing\\Router::toResponse()
#29 /home/denish/Desktop/Workspace/Internal/dk/attexlaravel/vendor/laravel/framework/src/Illuminate/Routing/Router.php(797): Illuminate\\Routing\\Router->prepareResponse()
#30 /home/denish/Desktop/Workspace/Internal/dk/attexlaravel/vendor/laravel/framework/src/Illuminate/Pipeline/Pipeline.php(141): Illuminate\\Routing\\Router->Illuminate\\Routing\\{closure}()
#31 /home/denish/Desktop/Workspace/Internal/dk/attexlaravel/vendor/laravel/framework/src/Illuminate/Routing/Middleware/SubstituteBindings.php(50): Illuminate\\Pipeline\\Pipeline->Illuminate\\Pipeline\\{closure}()
#32 /home/denish/Desktop/Workspace/Internal/dk/attexlaravel/vendor/laravel/framework/src/Illuminate/Pipeline/Pipeline.php(180): Illuminate\\Routing\\Middleware\\SubstituteBindings->handle()
#33 /home/denish/Desktop/Workspace/Internal/dk/attexlaravel/vendor/laravel/framework/src/Illuminate/Foundation/Http/Middleware/VerifyCsrfToken.php(78): Illuminate\\Pipeline\\Pipeline->Illuminate\\Pipeline\\{closure}()
#34 /home/denish/Desktop/Workspace/Internal/dk/attexlaravel/vendor/laravel/framework/src/Illuminate/Pipeline/Pipeline.php(180): Illuminate\\Foundation\\Http\\Middleware\\VerifyCsrfToken->handle()
#35 /home/denish/Desktop/Workspace/Internal/dk/attexlaravel/vendor/laravel/framework/src/Illuminate/View/Middleware/ShareErrorsFromSession.php(49): Illuminate\\Pipeline\\Pipeline->Illuminate\\Pipeline\\{closure}()
#36 /home/denish/Desktop/Workspace/Internal/dk/attexlaravel/vendor/laravel/framework/src/Illuminate/Pipeline/Pipeline.php(180): Illuminate\\View\\Middleware\\ShareErrorsFromSession->handle()
#37 /home/denish/Desktop/Workspace/Internal/dk/attexlaravel/vendor/laravel/framework/src/Illuminate/Session/Middleware/StartSession.php(121): Illuminate\\Pipeline\\Pipeline->Illuminate\\Pipeline\\{closure}()
#38 /home/denish/Desktop/Workspace/Internal/dk/attexlaravel/vendor/laravel/framework/src/Illuminate/Session/Middleware/StartSession.php(64): Illuminate\\Session\\Middleware\\StartSession->handleStatefulRequest()
#39 /home/denish/Desktop/Workspace/Internal/dk/attexlaravel/vendor/laravel/framework/src/Illuminate/Pipeline/Pipeline.php(180): Illuminate\\Session\\Middleware\\StartSession->handle()
#40 /home/denish/Desktop/Workspace/Internal/dk/attexlaravel/vendor/laravel/framework/src/Illuminate/Cookie/Middleware/AddQueuedCookiesToResponse.php(37): Illuminate\\Pipeline\\Pipeline->Illuminate\\Pipeline\\{closure}()
#41 /home/denish/Desktop/Workspace/Internal/dk/attexlaravel/vendor/laravel/framework/src/Illuminate/Pipeline/Pipeline.php(180): Illuminate\\Cookie\\Middleware\\AddQueuedCookiesToResponse->handle()
#42 /home/denish/Desktop/Workspace/Internal/dk/attexlaravel/vendor/laravel/framework/src/Illuminate/Cookie/Middleware/EncryptCookies.php(67): Illuminate\\Pipeline\\Pipeline->Illuminate\\Pipeline\\{closure}()
#43 /home/denish/Desktop/Workspace/Internal/dk/attexlaravel/vendor/laravel/framework/src/Illuminate/Pipeline/Pipeline.php(180): Illuminate\\Cookie\\Middleware\\EncryptCookies->handle()
#44 /home/denish/Desktop/Workspace/Internal/dk/attexlaravel/vendor/laravel/framework/src/Illuminate/Pipeline/Pipeline.php(116): Illuminate\\Pipeline\\Pipeline->Illuminate\\Pipeline\\{closure}()
#45 /home/denish/Desktop/Workspace/Internal/dk/attexlaravel/vendor/laravel/framework/src/Illuminate/Routing/Router.php(798): Illuminate\\Pipeline\\Pipeline->then()
#46 /home/denish/Desktop/Workspace/Internal/dk/attexlaravel/vendor/laravel/framework/src/Illuminate/Routing/Router.php(775): Illuminate\\Routing\\Router->runRouteWithinStack()
#47 /home/denish/Desktop/Workspace/Internal/dk/attexlaravel/vendor/laravel/framework/src/Illuminate/Routing/Router.php(739): Illuminate\\Routing\\Router->runRoute()
#48 /home/denish/Desktop/Workspace/Internal/dk/attexlaravel/vendor/laravel/framework/src/Illuminate/Routing/Router.php(728): Illuminate\\Routing\\Router->dispatchToRoute()
#49 /home/denish/Desktop/Workspace/Internal/dk/attexlaravel/vendor/laravel/framework/src/Illuminate/Foundation/Http/Kernel.php(200): Illuminate\\Routing\\Router->dispatch()
#50 /home/denish/Desktop/Workspace/Internal/dk/attexlaravel/vendor/laravel/framework/src/Illuminate/Pipeline/Pipeline.php(141): Illuminate\\Foundation\\Http\\Kernel->Illuminate\\Foundation\\Http\\{closure}()
#51 /home/denish/Desktop/Workspace/Internal/dk/attexlaravel/vendor/laravel/framework/src/Illuminate/Foundation/Http/Middleware/TransformsRequest.php(21): Illuminate\\Pipeline\\Pipeline->Illuminate\\Pipeline\\{closure}()
#52 /home/denish/Desktop/Workspace/Internal/dk/attexlaravel/vendor/laravel/framework/src/Illuminate/Foundation/Http/Middleware/ConvertEmptyStringsToNull.php(31): Illuminate\\Foundation\\Http\\Middleware\\TransformsRequest->handle()
#53 /home/denish/Desktop/Workspace/Internal/dk/attexlaravel/vendor/laravel/framework/src/Illuminate/Pipeline/Pipeline.php(180): Illuminate\\Foundation\\Http\\Middleware\\ConvertEmptyStringsToNull->handle()
#54 /home/denish/Desktop/Workspace/Internal/dk/attexlaravel/vendor/laravel/framework/src/Illuminate/Foundation/Http/Middleware/TransformsRequest.php(21): Illuminate\\Pipeline\\Pipeline->Illuminate\\Pipeline\\{closure}()
#55 /home/denish/Desktop/Workspace/Internal/dk/attexlaravel/vendor/laravel/framework/src/Illuminate/Foundation/Http/Middleware/TrimStrings.php(40): Illuminate\\Foundation\\Http\\Middleware\\TransformsRequest->handle()
#56 /home/denish/Desktop/Workspace/Internal/dk/attexlaravel/vendor/laravel/framework/src/Illuminate/Pipeline/Pipeline.php(180): Illuminate\\Foundation\\Http\\Middleware\\TrimStrings->handle()
#57 /home/denish/Desktop/Workspace/Internal/dk/attexlaravel/vendor/laravel/framework/src/Illuminate/Foundation/Http/Middleware/ValidatePostSize.php(27): Illuminate\\Pipeline\\Pipeline->Illuminate\\Pipeline\\{closure}()
#58 /home/denish/Desktop/Workspace/Internal/dk/attexlaravel/vendor/laravel/framework/src/Illuminate/Pipeline/Pipeline.php(180): Illuminate\\Foundation\\Http\\Middleware\\ValidatePostSize->handle()
#59 /home/denish/Desktop/Workspace/Internal/dk/attexlaravel/vendor/laravel/framework/src/Illuminate/Foundation/Http/Middleware/PreventRequestsDuringMaintenance.php(86): Illuminate\\Pipeline\\Pipeline->Illuminate\\Pipeline\\{closure}()
#60 /home/denish/Desktop/Workspace/Internal/dk/attexlaravel/vendor/laravel/framework/src/Illuminate/Pipeline/Pipeline.php(180): Illuminate\\Foundation\\Http\\Middleware\\PreventRequestsDuringMaintenance->handle()
#61 /home/denish/Desktop/Workspace/Internal/dk/attexlaravel/vendor/laravel/framework/src/Illuminate/Http/Middleware/HandleCors.php(49): Illuminate\\Pipeline\\Pipeline->Illuminate\\Pipeline\\{closure}()
#62 /home/denish/Desktop/Workspace/Internal/dk/attexlaravel/vendor/laravel/framework/src/Illuminate/Pipeline/Pipeline.php(180): Illuminate\\Http\\Middleware\\HandleCors->handle()
#63 /home/denish/Desktop/Workspace/Internal/dk/attexlaravel/vendor/laravel/framework/src/Illuminate/Http/Middleware/TrustProxies.php(39): Illuminate\\Pipeline\\Pipeline->Illuminate\\Pipeline\\{closure}()
#64 /home/denish/Desktop/Workspace/Internal/dk/attexlaravel/vendor/laravel/framework/src/Illuminate/Pipeline/Pipeline.php(180): Illuminate\\Http\\Middleware\\TrustProxies->handle()
#65 /home/denish/Desktop/Workspace/Internal/dk/attexlaravel/vendor/laravel/framework/src/Illuminate/Pipeline/Pipeline.php(116): Illuminate\\Pipeline\\Pipeline->Illuminate\\Pipeline\\{closure}()
#66 /home/denish/Desktop/Workspace/Internal/dk/attexlaravel/vendor/laravel/framework/src/Illuminate/Foundation/Http/Kernel.php(175): Illuminate\\Pipeline\\Pipeline->then()
#67 /home/denish/Desktop/Workspace/Internal/dk/attexlaravel/vendor/laravel/framework/src/Illuminate/Foundation/Http/Kernel.php(144): Illuminate\\Foundation\\Http\\Kernel->sendRequestThroughRouter()
#68 /home/denish/Desktop/Workspace/Internal/dk/attexlaravel/public/index.php(52): Illuminate\\Foundation\\Http\\Kernel->handle()
#69 /home/denish/Desktop/Workspace/Internal/dk/attexlaravel/vendor/laravel/framework/src/Illuminate/Foundation/resources/server.php(16): require_once('...')
#70 {main}
"} 
[2023-06-03 11:42:02] local.ERROR: Attempt to read property "name" on null {"view":{"view":"/home/denish/Desktop/Workspace/Internal/dk/attexlaravel/resources/views/layouts/shared/topbar.blade.php","data":[]},"exception":"[object] (Spatie\\LaravelIgnition\\Exceptions\\ViewException(code: 0): Attempt to read property \"name\" on null at /home/denish/Desktop/Workspace/Internal/dk/attexlaravel/resources/views/layouts/shared/topbar.blade.php:350)
[stacktrace]
#0 /home/denish/Desktop/Workspace/Internal/dk/attexlaravel/vendor/laravel/framework/src/Illuminate/Foundation/Bootstrap/HandleExceptions.php(254): Illuminate\\Foundation\\Bootstrap\\HandleExceptions->handleError()
#1 /home/denish/Desktop/Workspace/Internal/dk/attexlaravel/resources/views/layouts/shared/topbar.blade.php(350): Illuminate\\Foundation\\Bootstrap\\HandleExceptions->Illuminate\\Foundation\\Bootstrap\\{closure}()
#2 /home/denish/Desktop/Workspace/Internal/dk/attexlaravel/vendor/laravel/framework/src/Illuminate/Filesystem/Filesystem.php(124): require('...')
#3 /home/denish/Desktop/Workspace/Internal/dk/attexlaravel/vendor/laravel/framework/src/Illuminate/Filesystem/Filesystem.php(125): Illuminate\\Filesystem\\Filesystem::Illuminate\\Filesystem\\{closure}()
#4 /home/denish/Desktop/Workspace/Internal/dk/attexlaravel/vendor/laravel/framework/src/Illuminate/View/Engines/PhpEngine.php(58): Illuminate\\Filesystem\\Filesystem->getRequire()
#5 /home/denish/Desktop/Workspace/Internal/dk/attexlaravel/vendor/laravel/framework/src/Illuminate/View/Engines/CompilerEngine.php(70): Illuminate\\View\\Engines\\PhpEngine->evaluatePath()
#6 /home/denish/Desktop/Workspace/Internal/dk/attexlaravel/vendor/laravel/framework/src/Illuminate/View/View.php(195): Illuminate\\View\\Engines\\CompilerEngine->get()
#7 /home/denish/Desktop/Workspace/Internal/dk/attexlaravel/vendor/laravel/framework/src/Illuminate/View/View.php(178): Illuminate\\View\\View->getContents()
#8 /home/denish/Desktop/Workspace/Internal/dk/attexlaravel/vendor/laravel/framework/src/Illuminate/View/View.php(147): Illuminate\\View\\View->renderContents()
#9 /home/denish/Desktop/Workspace/Internal/dk/attexlaravel/resources/views/layouts/vertical.blade.php(15): Illuminate\\View\\View->render()
#10 /home/denish/Desktop/Workspace/Internal/dk/attexlaravel/vendor/laravel/framework/src/Illuminate/Filesystem/Filesystem.php(124): require('...')
#11 /home/denish/Desktop/Workspace/Internal/dk/attexlaravel/vendor/laravel/framework/src/Illuminate/Filesystem/Filesystem.php(125): Illuminate\\Filesystem\\Filesystem::Illuminate\\Filesystem\\{closure}()
#12 /home/denish/Desktop/Workspace/Internal/dk/attexlaravel/vendor/laravel/framework/src/Illuminate/View/Engines/PhpEngine.php(58): Illuminate\\Filesystem\\Filesystem->getRequire()
#13 /home/denish/Desktop/Workspace/Internal/dk/attexlaravel/vendor/laravel/framework/src/Illuminate/View/Engines/CompilerEngine.php(70): Illuminate\\View\\Engines\\PhpEngine->evaluatePath()
#14 /home/denish/Desktop/Workspace/Internal/dk/attexlaravel/vendor/laravel/framework/src/Illuminate/View/View.php(195): Illuminate\\View\\Engines\\CompilerEngine->get()
#15 /home/denish/Desktop/Workspace/Internal/dk/attexlaravel/vendor/laravel/framework/src/Illuminate/View/View.php(178): Illuminate\\View\\View->getContents()
#16 /home/denish/Desktop/Workspace/Internal/dk/attexlaravel/vendor/laravel/framework/src/Illuminate/View/View.php(147): Illuminate\\View\\View->renderContents()
#17 /home/denish/Desktop/Workspace/Internal/dk/attexlaravel/resources/views/index.blade.php(360): Illuminate\\View\\View->render()
#18 /home/denish/Desktop/Workspace/Internal/dk/attexlaravel/vendor/laravel/framework/src/Illuminate/Filesystem/Filesystem.php(124): require('...')
#19 /home/denish/Desktop/Workspace/Internal/dk/attexlaravel/vendor/laravel/framework/src/Illuminate/Filesystem/Filesystem.php(125): Illuminate\\Filesystem\\Filesystem::Illuminate\\Filesystem\\{closure}()
#20 /home/denish/Desktop/Workspace/Internal/dk/attexlaravel/vendor/laravel/framework/src/Illuminate/View/Engines/PhpEngine.php(58): Illuminate\\Filesystem\\Filesystem->getRequire()
#21 /home/denish/Desktop/Workspace/Internal/dk/attexlaravel/vendor/laravel/framework/src/Illuminate/View/Engines/CompilerEngine.php(70): Illuminate\\View\\Engines\\PhpEngine->evaluatePath()
#22 /home/denish/Desktop/Workspace/Internal/dk/attexlaravel/vendor/laravel/framework/src/Illuminate/View/View.php(195): Illuminate\\View\\Engines\\CompilerEngine->get()
#23 /home/denish/Desktop/Workspace/Internal/dk/attexlaravel/vendor/laravel/framework/src/Illuminate/View/View.php(178): Illuminate\\View\\View->getContents()
#24 /home/denish/Desktop/Workspace/Internal/dk/attexlaravel/vendor/laravel/framework/src/Illuminate/View/View.php(147): Illuminate\\View\\View->renderContents()
#25 /home/denish/Desktop/Workspace/Internal/dk/attexlaravel/vendor/laravel/framework/src/Illuminate/Http/Response.php(69): Illuminate\\View\\View->render()
#26 /home/denish/Desktop/Workspace/Internal/dk/attexlaravel/vendor/laravel/framework/src/Illuminate/Http/Response.php(35): Illuminate\\Http\\Response->setContent()
#27 /home/denish/Desktop/Workspace/Internal/dk/attexlaravel/vendor/laravel/framework/src/Illuminate/Routing/Router.php(905): Illuminate\\Http\\Response->__construct()
#28 /home/denish/Desktop/Workspace/Internal/dk/attexlaravel/vendor/laravel/framework/src/Illuminate/Routing/Router.php(874): Illuminate\\Routing\\Router::toResponse()
#29 /home/denish/Desktop/Workspace/Internal/dk/attexlaravel/vendor/laravel/framework/src/Illuminate/Routing/Router.php(797): Illuminate\\Routing\\Router->prepareResponse()
#30 /home/denish/Desktop/Workspace/Internal/dk/attexlaravel/vendor/laravel/framework/src/Illuminate/Pipeline/Pipeline.php(141): Illuminate\\Routing\\Router->Illuminate\\Routing\\{closure}()
#31 /home/denish/Desktop/Workspace/Internal/dk/attexlaravel/vendor/laravel/framework/src/Illuminate/Routing/Middleware/SubstituteBindings.php(50): Illuminate\\Pipeline\\Pipeline->Illuminate\\Pipeline\\{closure}()
#32 /home/denish/Desktop/Workspace/Internal/dk/attexlaravel/vendor/laravel/framework/src/Illuminate/Pipeline/Pipeline.php(180): Illuminate\\Routing\\Middleware\\SubstituteBindings->handle()
#33 /home/denish/Desktop/Workspace/Internal/dk/attexlaravel/vendor/laravel/framework/src/Illuminate/Foundation/Http/Middleware/VerifyCsrfToken.php(78): Illuminate\\Pipeline\\Pipeline->Illuminate\\Pipeline\\{closure}()
#34 /home/denish/Desktop/Workspace/Internal/dk/attexlaravel/vendor/laravel/framework/src/Illuminate/Pipeline/Pipeline.php(180): Illuminate\\Foundation\\Http\\Middleware\\VerifyCsrfToken->handle()
#35 /home/denish/Desktop/Workspace/Internal/dk/attexlaravel/vendor/laravel/framework/src/Illuminate/View/Middleware/ShareErrorsFromSession.php(49): Illuminate\\Pipeline\\Pipeline->Illuminate\\Pipeline\\{closure}()
#36 /home/denish/Desktop/Workspace/Internal/dk/attexlaravel/vendor/laravel/framework/src/Illuminate/Pipeline/Pipeline.php(180): Illuminate\\View\\Middleware\\ShareErrorsFromSession->handle()
#37 /home/denish/Desktop/Workspace/Internal/dk/attexlaravel/vendor/laravel/framework/src/Illuminate/Session/Middleware/StartSession.php(121): Illuminate\\Pipeline\\Pipeline->Illuminate\\Pipeline\\{closure}()
#38 /home/denish/Desktop/Workspace/Internal/dk/attexlaravel/vendor/laravel/framework/src/Illuminate/Session/Middleware/StartSession.php(64): Illuminate\\Session\\Middleware\\StartSession->handleStatefulRequest()
#39 /home/denish/Desktop/Workspace/Internal/dk/attexlaravel/vendor/laravel/framework/src/Illuminate/Pipeline/Pipeline.php(180): Illuminate\\Session\\Middleware\\StartSession->handle()
#40 /home/denish/Desktop/Workspace/Internal/dk/attexlaravel/vendor/laravel/framework/src/Illuminate/Cookie/Middleware/AddQueuedCookiesToResponse.php(37): Illuminate\\Pipeline\\Pipeline->Illuminate\\Pipeline\\{closure}()
#41 /home/denish/Desktop/Workspace/Internal/dk/attexlaravel/vendor/laravel/framework/src/Illuminate/Pipeline/Pipeline.php(180): Illuminate\\Cookie\\Middleware\\AddQueuedCookiesToResponse->handle()
#42 /home/denish/Desktop/Workspace/Internal/dk/attexlaravel/vendor/laravel/framework/src/Illuminate/Cookie/Middleware/EncryptCookies.php(67): Illuminate\\Pipeline\\Pipeline->Illuminate\\Pipeline\\{closure}()
#43 /home/denish/Desktop/Workspace/Internal/dk/attexlaravel/vendor/laravel/framework/src/Illuminate/Pipeline/Pipeline.php(180): Illuminate\\Cookie\\Middleware\\EncryptCookies->handle()
#44 /home/denish/Desktop/Workspace/Internal/dk/attexlaravel/vendor/laravel/framework/src/Illuminate/Pipeline/Pipeline.php(116): Illuminate\\Pipeline\\Pipeline->Illuminate\\Pipeline\\{closure}()
#45 /home/denish/Desktop/Workspace/Internal/dk/attexlaravel/vendor/laravel/framework/src/Illuminate/Routing/Router.php(798): Illuminate\\Pipeline\\Pipeline->then()
#46 /home/denish/Desktop/Workspace/Internal/dk/attexlaravel/vendor/laravel/framework/src/Illuminate/Routing/Router.php(775): Illuminate\\Routing\\Router->runRouteWithinStack()
#47 /home/denish/Desktop/Workspace/Internal/dk/attexlaravel/vendor/laravel/framework/src/Illuminate/Routing/Router.php(739): Illuminate\\Routing\\Router->runRoute()
#48 /home/denish/Desktop/Workspace/Internal/dk/attexlaravel/vendor/laravel/framework/src/Illuminate/Routing/Router.php(728): Illuminate\\Routing\\Router->dispatchToRoute()
#49 /home/denish/Desktop/Workspace/Internal/dk/attexlaravel/vendor/laravel/framework/src/Illuminate/Foundation/Http/Kernel.php(200): Illuminate\\Routing\\Router->dispatch()
#50 /home/denish/Desktop/Workspace/Internal/dk/attexlaravel/vendor/laravel/framework/src/Illuminate/Pipeline/Pipeline.php(141): Illuminate\\Foundation\\Http\\Kernel->Illuminate\\Foundation\\Http\\{closure}()
#51 /home/denish/Desktop/Workspace/Internal/dk/attexlaravel/vendor/laravel/framework/src/Illuminate/Foundation/Http/Middleware/TransformsRequest.php(21): Illuminate\\Pipeline\\Pipeline->Illuminate\\Pipeline\\{closure}()
#52 /home/denish/Desktop/Workspace/Internal/dk/attexlaravel/vendor/laravel/framework/src/Illuminate/Foundation/Http/Middleware/ConvertEmptyStringsToNull.php(31): Illuminate\\Foundation\\Http\\Middleware\\TransformsRequest->handle()
#53 /home/denish/Desktop/Workspace/Internal/dk/attexlaravel/vendor/laravel/framework/src/Illuminate/Pipeline/Pipeline.php(180): Illuminate\\Foundation\\Http\\Middleware\\ConvertEmptyStringsToNull->handle()
#54 /home/denish/Desktop/Workspace/Internal/dk/attexlaravel/vendor/laravel/framework/src/Illuminate/Foundation/Http/Middleware/TransformsRequest.php(21): Illuminate\\Pipeline\\Pipeline->Illuminate\\Pipeline\\{closure}()
#55 /home/denish/Desktop/Workspace/Internal/dk/attexlaravel/vendor/laravel/framework/src/Illuminate/Foundation/Http/Middleware/TrimStrings.php(40): Illuminate\\Foundation\\Http\\Middleware\\TransformsRequest->handle()
#56 /home/denish/Desktop/Workspace/Internal/dk/attexlaravel/vendor/laravel/framework/src/Illuminate/Pipeline/Pipeline.php(180): Illuminate\\Foundation\\Http\\Middleware\\TrimStrings->handle()
#57 /home/denish/Desktop/Workspace/Internal/dk/attexlaravel/vendor/laravel/framework/src/Illuminate/Foundation/Http/Middleware/ValidatePostSize.php(27): Illuminate\\Pipeline\\Pipeline->Illuminate\\Pipeline\\{closure}()
#58 /home/denish/Desktop/Workspace/Internal/dk/attexlaravel/vendor/laravel/framework/src/Illuminate/Pipeline/Pipeline.php(180): Illuminate\\Foundation\\Http\\Middleware\\ValidatePostSize->handle()
#59 /home/denish/Desktop/Workspace/Internal/dk/attexlaravel/vendor/laravel/framework/src/Illuminate/Foundation/Http/Middleware/PreventRequestsDuringMaintenance.php(86): Illuminate\\Pipeline\\Pipeline->Illuminate\\Pipeline\\{closure}()
#60 /home/denish/Desktop/Workspace/Internal/dk/attexlaravel/vendor/laravel/framework/src/Illuminate/Pipeline/Pipeline.php(180): Illuminate\\Foundation\\Http\\Middleware\\PreventRequestsDuringMaintenance->handle()
#61 /home/denish/Desktop/Workspace/Internal/dk/attexlaravel/vendor/laravel/framework/src/Illuminate/Http/Middleware/HandleCors.php(49): Illuminate\\Pipeline\\Pipeline->Illuminate\\Pipeline\\{closure}()
#62 /home/denish/Desktop/Workspace/Internal/dk/attexlaravel/vendor/laravel/framework/src/Illuminate/Pipeline/Pipeline.php(180): Illuminate\\Http\\Middleware\\HandleCors->handle()
#63 /home/denish/Desktop/Workspace/Internal/dk/attexlaravel/vendor/laravel/framework/src/Illuminate/Http/Middleware/TrustProxies.php(39): Illuminate\\Pipeline\\Pipeline->Illuminate\\Pipeline\\{closure}()
#64 /home/denish/Desktop/Workspace/Internal/dk/attexlaravel/vendor/laravel/framework/src/Illuminate/Pipeline/Pipeline.php(180): Illuminate\\Http\\Middleware\\TrustProxies->handle()
#65 /home/denish/Desktop/Workspace/Internal/dk/attexlaravel/vendor/laravel/framework/src/Illuminate/Pipeline/Pipeline.php(116): Illuminate\\Pipeline\\Pipeline->Illuminate\\Pipeline\\{closure}()
#66 /home/denish/Desktop/Workspace/Internal/dk/attexlaravel/vendor/laravel/framework/src/Illuminate/Foundation/Http/Kernel.php(175): Illuminate\\Pipeline\\Pipeline->then()
#67 /home/denish/Desktop/Workspace/Internal/dk/attexlaravel/vendor/laravel/framework/src/Illuminate/Foundation/Http/Kernel.php(144): Illuminate\\Foundation\\Http\\Kernel->sendRequestThroughRouter()
#68 /home/denish/Desktop/Workspace/Internal/dk/attexlaravel/public/index.php(52): Illuminate\\Foundation\\Http\\Kernel->handle()
#69 /home/denish/Desktop/Workspace/Internal/dk/attexlaravel/vendor/laravel/framework/src/Illuminate/Foundation/resources/server.php(16): require_once('...')
#70 {main}

[previous exception] [object] (ErrorException(code: 0): Attempt to read property \"name\" on null at /home/denish/Desktop/Workspace/Internal/dk/attexlaravel/storage/framework/views/e4f5fcd3df4539e6d368ed1a574be1dc.php:350)
[stacktrace]
#0 /home/denish/Desktop/Workspace/Internal/dk/attexlaravel/vendor/laravel/framework/src/Illuminate/Foundation/Bootstrap/HandleExceptions.php(254): Illuminate\\Foundation\\Bootstrap\\HandleExceptions->handleError()
#1 /home/denish/Desktop/Workspace/Internal/dk/attexlaravel/storage/framework/views/e4f5fcd3df4539e6d368ed1a574be1dc.php(350): Illuminate\\Foundation\\Bootstrap\\HandleExceptions->Illuminate\\Foundation\\Bootstrap\\{closure}()
#2 /home/denish/Desktop/Workspace/Internal/dk/attexlaravel/vendor/laravel/framework/src/Illuminate/Filesystem/Filesystem.php(124): require('...')
#3 /home/denish/Desktop/Workspace/Internal/dk/attexlaravel/vendor/laravel/framework/src/Illuminate/Filesystem/Filesystem.php(125): Illuminate\\Filesystem\\Filesystem::Illuminate\\Filesystem\\{closure}()
#4 /home/denish/Desktop/Workspace/Internal/dk/attexlaravel/vendor/laravel/framework/src/Illuminate/View/Engines/PhpEngine.php(58): Illuminate\\Filesystem\\Filesystem->getRequire()
#5 /home/denish/Desktop/Workspace/Internal/dk/attexlaravel/vendor/laravel/framework/src/Illuminate/View/Engines/CompilerEngine.php(70): Illuminate\\View\\Engines\\PhpEngine->evaluatePath()
#6 /home/denish/Desktop/Workspace/Internal/dk/attexlaravel/vendor/laravel/framework/src/Illuminate/View/View.php(195): Illuminate\\View\\Engines\\CompilerEngine->get()
#7 /home/denish/Desktop/Workspace/Internal/dk/attexlaravel/vendor/laravel/framework/src/Illuminate/View/View.php(178): Illuminate\\View\\View->getContents()
#8 /home/denish/Desktop/Workspace/Internal/dk/attexlaravel/vendor/laravel/framework/src/Illuminate/View/View.php(147): Illuminate\\View\\View->renderContents()
#9 /home/denish/Desktop/Workspace/Internal/dk/attexlaravel/storage/framework/views/5d73eb1011b2c11393bdd9d4ba19e140.php(15): Illuminate\\View\\View->render()
#10 /home/denish/Desktop/Workspace/Internal/dk/attexlaravel/vendor/laravel/framework/src/Illuminate/Filesystem/Filesystem.php(124): require('...')
#11 /home/denish/Desktop/Workspace/Internal/dk/attexlaravel/vendor/laravel/framework/src/Illuminate/Filesystem/Filesystem.php(125): Illuminate\\Filesystem\\Filesystem::Illuminate\\Filesystem\\{closure}()
#12 /home/denish/Desktop/Workspace/Internal/dk/attexlaravel/vendor/laravel/framework/src/Illuminate/View/Engines/PhpEngine.php(58): Illuminate\\Filesystem\\Filesystem->getRequire()
#13 /home/denish/Desktop/Workspace/Internal/dk/attexlaravel/vendor/laravel/framework/src/Illuminate/View/Engines/CompilerEngine.php(70): Illuminate\\View\\Engines\\PhpEngine->evaluatePath()
#14 /home/denish/Desktop/Workspace/Internal/dk/attexlaravel/vendor/laravel/framework/src/Illuminate/View/View.php(195): Illuminate\\View\\Engines\\CompilerEngine->get()
#15 /home/denish/Desktop/Workspace/Internal/dk/attexlaravel/vendor/laravel/framework/src/Illuminate/View/View.php(178): Illuminate\\View\\View->getContents()
#16 /home/denish/Desktop/Workspace/Internal/dk/attexlaravel/vendor/laravel/framework/src/Illuminate/View/View.php(147): Illuminate\\View\\View->renderContents()
#17 /home/denish/Desktop/Workspace/Internal/dk/attexlaravel/storage/framework/views/99227b069eb3e0e687e161553c4d511f.php(360): Illuminate\\View\\View->render()
#18 /home/denish/Desktop/Workspace/Internal/dk/attexlaravel/vendor/laravel/framework/src/Illuminate/Filesystem/Filesystem.php(124): require('...')
#19 /home/denish/Desktop/Workspace/Internal/dk/attexlaravel/vendor/laravel/framework/src/Illuminate/Filesystem/Filesystem.php(125): Illuminate\\Filesystem\\Filesystem::Illuminate\\Filesystem\\{closure}()
#20 /home/denish/Desktop/Workspace/Internal/dk/attexlaravel/vendor/laravel/framework/src/Illuminate/View/Engines/PhpEngine.php(58): Illuminate\\Filesystem\\Filesystem->getRequire()
#21 /home/denish/Desktop/Workspace/Internal/dk/attexlaravel/vendor/laravel/framework/src/Illuminate/View/Engines/CompilerEngine.php(70): Illuminate\\View\\Engines\\PhpEngine->evaluatePath()
#22 /home/denish/Desktop/Workspace/Internal/dk/attexlaravel/vendor/laravel/framework/src/Illuminate/View/View.php(195): Illuminate\\View\\Engines\\CompilerEngine->get()
#23 /home/denish/Desktop/Workspace/Internal/dk/attexlaravel/vendor/laravel/framework/src/Illuminate/View/View.php(178): Illuminate\\View\\View->getContents()
#24 /home/denish/Desktop/Workspace/Internal/dk/attexlaravel/vendor/laravel/framework/src/Illuminate/View/View.php(147): Illuminate\\View\\View->renderContents()
#25 /home/denish/Desktop/Workspace/Internal/dk/attexlaravel/vendor/laravel/framework/src/Illuminate/Http/Response.php(69): Illuminate\\View\\View->render()
#26 /home/denish/Desktop/Workspace/Internal/dk/attexlaravel/vendor/laravel/framework/src/Illuminate/Http/Response.php(35): Illuminate\\Http\\Response->setContent()
#27 /home/denish/Desktop/Workspace/Internal/dk/attexlaravel/vendor/laravel/framework/src/Illuminate/Routing/Router.php(905): Illuminate\\Http\\Response->__construct()
#28 /home/denish/Desktop/Workspace/Internal/dk/attexlaravel/vendor/laravel/framework/src/Illuminate/Routing/Router.php(874): Illuminate\\Routing\\Router::toResponse()
#29 /home/denish/Desktop/Workspace/Internal/dk/attexlaravel/vendor/laravel/framework/src/Illuminate/Routing/Router.php(797): Illuminate\\Routing\\Router->prepareResponse()
#30 /home/denish/Desktop/Workspace/Internal/dk/attexlaravel/vendor/laravel/framework/src/Illuminate/Pipeline/Pipeline.php(141): Illuminate\\Routing\\Router->Illuminate\\Routing\\{closure}()
#31 /home/denish/Desktop/Workspace/Internal/dk/attexlaravel/vendor/laravel/framework/src/Illuminate/Routing/Middleware/SubstituteBindings.php(50): Illuminate\\Pipeline\\Pipeline->Illuminate\\Pipeline\\{closure}()
#32 /home/denish/Desktop/Workspace/Internal/dk/attexlaravel/vendor/laravel/framework/src/Illuminate/Pipeline/Pipeline.php(180): Illuminate\\Routing\\Middleware\\SubstituteBindings->handle()
#33 /home/denish/Desktop/Workspace/Internal/dk/attexlaravel/vendor/laravel/framework/src/Illuminate/Foundation/Http/Middleware/VerifyCsrfToken.php(78): Illuminate\\Pipeline\\Pipeline->Illuminate\\Pipeline\\{closure}()
#34 /home/denish/Desktop/Workspace/Internal/dk/attexlaravel/vendor/laravel/framework/src/Illuminate/Pipeline/Pipeline.php(180): Illuminate\\Foundation\\Http\\Middleware\\VerifyCsrfToken->handle()
#35 /home/denish/Desktop/Workspace/Internal/dk/attexlaravel/vendor/laravel/framework/src/Illuminate/View/Middleware/ShareErrorsFromSession.php(49): Illuminate\\Pipeline\\Pipeline->Illuminate\\Pipeline\\{closure}()
#36 /home/denish/Desktop/Workspace/Internal/dk/attexlaravel/vendor/laravel/framework/src/Illuminate/Pipeline/Pipeline.php(180): Illuminate\\View\\Middleware\\ShareErrorsFromSession->handle()
#37 /home/denish/Desktop/Workspace/Internal/dk/attexlaravel/vendor/laravel/framework/src/Illuminate/Session/Middleware/StartSession.php(121): Illuminate\\Pipeline\\Pipeline->Illuminate\\Pipeline\\{closure}()
#38 /home/denish/Desktop/Workspace/Internal/dk/attexlaravel/vendor/laravel/framework/src/Illuminate/Session/Middleware/StartSession.php(64): Illuminate\\Session\\Middleware\\StartSession->handleStatefulRequest()
#39 /home/denish/Desktop/Workspace/Internal/dk/attexlaravel/vendor/laravel/framework/src/Illuminate/Pipeline/Pipeline.php(180): Illuminate\\Session\\Middleware\\StartSession->handle()
#40 /home/denish/Desktop/Workspace/Internal/dk/attexlaravel/vendor/laravel/framework/src/Illuminate/Cookie/Middleware/AddQueuedCookiesToResponse.php(37): Illuminate\\Pipeline\\Pipeline->Illuminate\\Pipeline\\{closure}()
#41 /home/denish/Desktop/Workspace/Internal/dk/attexlaravel/vendor/laravel/framework/src/Illuminate/Pipeline/Pipeline.php(180): Illuminate\\Cookie\\Middleware\\AddQueuedCookiesToResponse->handle()
#42 /home/denish/Desktop/Workspace/Internal/dk/attexlaravel/vendor/laravel/framework/src/Illuminate/Cookie/Middleware/EncryptCookies.php(67): Illuminate\\Pipeline\\Pipeline->Illuminate\\Pipeline\\{closure}()
#43 /home/denish/Desktop/Workspace/Internal/dk/attexlaravel/vendor/laravel/framework/src/Illuminate/Pipeline/Pipeline.php(180): Illuminate\\Cookie\\Middleware\\EncryptCookies->handle()
#44 /home/denish/Desktop/Workspace/Internal/dk/attexlaravel/vendor/laravel/framework/src/Illuminate/Pipeline/Pipeline.php(116): Illuminate\\Pipeline\\Pipeline->Illuminate\\Pipeline\\{closure}()
#45 /home/denish/Desktop/Workspace/Internal/dk/attexlaravel/vendor/laravel/framework/src/Illuminate/Routing/Router.php(798): Illuminate\\Pipeline\\Pipeline->then()
#46 /home/denish/Desktop/Workspace/Internal/dk/attexlaravel/vendor/laravel/framework/src/Illuminate/Routing/Router.php(775): Illuminate\\Routing\\Router->runRouteWithinStack()
#47 /home/denish/Desktop/Workspace/Internal/dk/attexlaravel/vendor/laravel/framework/src/Illuminate/Routing/Router.php(739): Illuminate\\Routing\\Router->runRoute()
#48 /home/denish/Desktop/Workspace/Internal/dk/attexlaravel/vendor/laravel/framework/src/Illuminate/Routing/Router.php(728): Illuminate\\Routing\\Router->dispatchToRoute()
#49 /home/denish/Desktop/Workspace/Internal/dk/attexlaravel/vendor/laravel/framework/src/Illuminate/Foundation/Http/Kernel.php(200): Illuminate\\Routing\\Router->dispatch()
#50 /home/denish/Desktop/Workspace/Internal/dk/attexlaravel/vendor/laravel/framework/src/Illuminate/Pipeline/Pipeline.php(141): Illuminate\\Foundation\\Http\\Kernel->Illuminate\\Foundation\\Http\\{closure}()
#51 /home/denish/Desktop/Workspace/Internal/dk/attexlaravel/vendor/laravel/framework/src/Illuminate/Foundation/Http/Middleware/TransformsRequest.php(21): Illuminate\\Pipeline\\Pipeline->Illuminate\\Pipeline\\{closure}()
#52 /home/denish/Desktop/Workspace/Internal/dk/attexlaravel/vendor/laravel/framework/src/Illuminate/Foundation/Http/Middleware/ConvertEmptyStringsToNull.php(31): Illuminate\\Foundation\\Http\\Middleware\\TransformsRequest->handle()
#53 /home/denish/Desktop/Workspace/Internal/dk/attexlaravel/vendor/laravel/framework/src/Illuminate/Pipeline/Pipeline.php(180): Illuminate\\Foundation\\Http\\Middleware\\ConvertEmptyStringsToNull->handle()
#54 /home/denish/Desktop/Workspace/Internal/dk/attexlaravel/vendor/laravel/framework/src/Illuminate/Foundation/Http/Middleware/TransformsRequest.php(21): Illuminate\\Pipeline\\Pipeline->Illuminate\\Pipeline\\{closure}()
#55 /home/denish/Desktop/Workspace/Internal/dk/attexlaravel/vendor/laravel/framework/src/Illuminate/Foundation/Http/Middleware/TrimStrings.php(40): Illuminate\\Foundation\\Http\\Middleware\\TransformsRequest->handle()
#56 /home/denish/Desktop/Workspace/Internal/dk/attexlaravel/vendor/laravel/framework/src/Illuminate/Pipeline/Pipeline.php(180): Illuminate\\Foundation\\Http\\Middleware\\TrimStrings->handle()
#57 /home/denish/Desktop/Workspace/Internal/dk/attexlaravel/vendor/laravel/framework/src/Illuminate/Foundation/Http/Middleware/ValidatePostSize.php(27): Illuminate\\Pipeline\\Pipeline->Illuminate\\Pipeline\\{closure}()
#58 /home/denish/Desktop/Workspace/Internal/dk/attexlaravel/vendor/laravel/framework/src/Illuminate/Pipeline/Pipeline.php(180): Illuminate\\Foundation\\Http\\Middleware\\ValidatePostSize->handle()
#59 /home/denish/Desktop/Workspace/Internal/dk/attexlaravel/vendor/laravel/framework/src/Illuminate/Foundation/Http/Middleware/PreventRequestsDuringMaintenance.php(86): Illuminate\\Pipeline\\Pipeline->Illuminate\\Pipeline\\{closure}()
#60 /home/denish/Desktop/Workspace/Internal/dk/attexlaravel/vendor/laravel/framework/src/Illuminate/Pipeline/Pipeline.php(180): Illuminate\\Foundation\\Http\\Middleware\\PreventRequestsDuringMaintenance->handle()
#61 /home/denish/Desktop/Workspace/Internal/dk/attexlaravel/vendor/laravel/framework/src/Illuminate/Http/Middleware/HandleCors.php(49): Illuminate\\Pipeline\\Pipeline->Illuminate\\Pipeline\\{closure}()
#62 /home/denish/Desktop/Workspace/Internal/dk/attexlaravel/vendor/laravel/framework/src/Illuminate/Pipeline/Pipeline.php(180): Illuminate\\Http\\Middleware\\HandleCors->handle()
#63 /home/denish/Desktop/Workspace/Internal/dk/attexlaravel/vendor/laravel/framework/src/Illuminate/Http/Middleware/TrustProxies.php(39): Illuminate\\Pipeline\\Pipeline->Illuminate\\Pipeline\\{closure}()
#64 /home/denish/Desktop/Workspace/Internal/dk/attexlaravel/vendor/laravel/framework/src/Illuminate/Pipeline/Pipeline.php(180): Illuminate\\Http\\Middleware\\TrustProxies->handle()
#65 /home/denish/Desktop/Workspace/Internal/dk/attexlaravel/vendor/laravel/framework/src/Illuminate/Pipeline/Pipeline.php(116): Illuminate\\Pipeline\\Pipeline->Illuminate\\Pipeline\\{closure}()
#66 /home/denish/Desktop/Workspace/Internal/dk/attexlaravel/vendor/laravel/framework/src/Illuminate/Foundation/Http/Kernel.php(175): Illuminate\\Pipeline\\Pipeline->then()
#67 /home/denish/Desktop/Workspace/Internal/dk/attexlaravel/vendor/laravel/framework/src/Illuminate/Foundation/Http/Kernel.php(144): Illuminate\\Foundation\\Http\\Kernel->sendRequestThroughRouter()
#68 /home/denish/Desktop/Workspace/Internal/dk/attexlaravel/public/index.php(52): Illuminate\\Foundation\\Http\\Kernel->handle()
#69 /home/denish/Desktop/Workspace/Internal/dk/attexlaravel/vendor/laravel/framework/src/Illuminate/Foundation/resources/server.php(16): require_once('...')
#70 {main}
"} 
[2023-06-03 12:19:20] local.ERROR: Cannot end a section without first starting one. {"view":{"view":"/home/denish/Desktop/Workspace/Internal/dk/attexlaravel/resources/views/forms/advanced.blade.php","data":[]},"userId":1,"exception":"[object] (Spatie\\LaravelIgnition\\Exceptions\\ViewException(code: 0): Cannot end a section without first starting one. at /home/denish/Desktop/Workspace/Internal/dk/attexlaravel/vendor/laravel/framework/src/Illuminate/View/Concerns/ManagesLayouts.php:94)
[stacktrace]
#0 /home/denish/Desktop/Workspace/Internal/dk/attexlaravel/resources/views/forms/advanced.blade.php(772): Illuminate\\View\\Factory->stopSection()
#1 /home/denish/Desktop/Workspace/Internal/dk/attexlaravel/vendor/laravel/framework/src/Illuminate/Filesystem/Filesystem.php(124): require('...')
#2 /home/denish/Desktop/Workspace/Internal/dk/attexlaravel/vendor/laravel/framework/src/Illuminate/Filesystem/Filesystem.php(125): Illuminate\\Filesystem\\Filesystem::Illuminate\\Filesystem\\{closure}()
#3 /home/denish/Desktop/Workspace/Internal/dk/attexlaravel/vendor/laravel/framework/src/Illuminate/View/Engines/PhpEngine.php(58): Illuminate\\Filesystem\\Filesystem->getRequire()
#4 /home/denish/Desktop/Workspace/Internal/dk/attexlaravel/vendor/laravel/framework/src/Illuminate/View/Engines/CompilerEngine.php(70): Illuminate\\View\\Engines\\PhpEngine->evaluatePath()
#5 /home/denish/Desktop/Workspace/Internal/dk/attexlaravel/vendor/laravel/framework/src/Illuminate/View/View.php(195): Illuminate\\View\\Engines\\CompilerEngine->get()
#6 /home/denish/Desktop/Workspace/Internal/dk/attexlaravel/vendor/laravel/framework/src/Illuminate/View/View.php(178): Illuminate\\View\\View->getContents()
#7 /home/denish/Desktop/Workspace/Internal/dk/attexlaravel/vendor/laravel/framework/src/Illuminate/View/View.php(147): Illuminate\\View\\View->renderContents()
#8 /home/denish/Desktop/Workspace/Internal/dk/attexlaravel/vendor/laravel/framework/src/Illuminate/Http/Response.php(69): Illuminate\\View\\View->render()
#9 /home/denish/Desktop/Workspace/Internal/dk/attexlaravel/vendor/laravel/framework/src/Illuminate/Http/Response.php(35): Illuminate\\Http\\Response->setContent()
#10 /home/denish/Desktop/Workspace/Internal/dk/attexlaravel/vendor/laravel/framework/src/Illuminate/Routing/Router.php(905): Illuminate\\Http\\Response->__construct()
#11 /home/denish/Desktop/Workspace/Internal/dk/attexlaravel/vendor/laravel/framework/src/Illuminate/Routing/Router.php(874): Illuminate\\Routing\\Router::toResponse()
#12 /home/denish/Desktop/Workspace/Internal/dk/attexlaravel/vendor/laravel/framework/src/Illuminate/Routing/Router.php(797): Illuminate\\Routing\\Router->prepareResponse()
#13 /home/denish/Desktop/Workspace/Internal/dk/attexlaravel/vendor/laravel/framework/src/Illuminate/Pipeline/Pipeline.php(141): Illuminate\\Routing\\Router->Illuminate\\Routing\\{closure}()
#14 /home/denish/Desktop/Workspace/Internal/dk/attexlaravel/vendor/laravel/framework/src/Illuminate/Routing/Middleware/SubstituteBindings.php(50): Illuminate\\Pipeline\\Pipeline->Illuminate\\Pipeline\\{closure}()
#15 /home/denish/Desktop/Workspace/Internal/dk/attexlaravel/vendor/laravel/framework/src/Illuminate/Pipeline/Pipeline.php(180): Illuminate\\Routing\\Middleware\\SubstituteBindings->handle()
#16 /home/denish/Desktop/Workspace/Internal/dk/attexlaravel/vendor/laravel/framework/src/Illuminate/Auth/Middleware/Authenticate.php(57): Illuminate\\Pipeline\\Pipeline->Illuminate\\Pipeline\\{closure}()
#17 /home/denish/Desktop/Workspace/Internal/dk/attexlaravel/vendor/laravel/framework/src/Illuminate/Pipeline/Pipeline.php(180): Illuminate\\Auth\\Middleware\\Authenticate->handle()
#18 /home/denish/Desktop/Workspace/Internal/dk/attexlaravel/vendor/laravel/framework/src/Illuminate/Foundation/Http/Middleware/VerifyCsrfToken.php(78): Illuminate\\Pipeline\\Pipeline->Illuminate\\Pipeline\\{closure}()
#19 /home/denish/Desktop/Workspace/Internal/dk/attexlaravel/vendor/laravel/framework/src/Illuminate/Pipeline/Pipeline.php(180): Illuminate\\Foundation\\Http\\Middleware\\VerifyCsrfToken->handle()
#20 /home/denish/Desktop/Workspace/Internal/dk/attexlaravel/vendor/laravel/framework/src/Illuminate/View/Middleware/ShareErrorsFromSession.php(49): Illuminate\\Pipeline\\Pipeline->Illuminate\\Pipeline\\{closure}()
#21 /home/denish/Desktop/Workspace/Internal/dk/attexlaravel/vendor/laravel/framework/src/Illuminate/Pipeline/Pipeline.php(180): Illuminate\\View\\Middleware\\ShareErrorsFromSession->handle()
#22 /home/denish/Desktop/Workspace/Internal/dk/attexlaravel/vendor/laravel/framework/src/Illuminate/Session/Middleware/StartSession.php(121): Illuminate\\Pipeline\\Pipeline->Illuminate\\Pipeline\\{closure}()
#23 /home/denish/Desktop/Workspace/Internal/dk/attexlaravel/vendor/laravel/framework/src/Illuminate/Session/Middleware/StartSession.php(64): Illuminate\\Session\\Middleware\\StartSession->handleStatefulRequest()
#24 /home/denish/Desktop/Workspace/Internal/dk/attexlaravel/vendor/laravel/framework/src/Illuminate/Pipeline/Pipeline.php(180): Illuminate\\Session\\Middleware\\StartSession->handle()
#25 /home/denish/Desktop/Workspace/Internal/dk/attexlaravel/vendor/laravel/framework/src/Illuminate/Cookie/Middleware/AddQueuedCookiesToResponse.php(37): Illuminate\\Pipeline\\Pipeline->Illuminate\\Pipeline\\{closure}()
#26 /home/denish/Desktop/Workspace/Internal/dk/attexlaravel/vendor/laravel/framework/src/Illuminate/Pipeline/Pipeline.php(180): Illuminate\\Cookie\\Middleware\\AddQueuedCookiesToResponse->handle()
#27 /home/denish/Desktop/Workspace/Internal/dk/attexlaravel/vendor/laravel/framework/src/Illuminate/Cookie/Middleware/EncryptCookies.php(67): Illuminate\\Pipeline\\Pipeline->Illuminate\\Pipeline\\{closure}()
#28 /home/denish/Desktop/Workspace/Internal/dk/attexlaravel/vendor/laravel/framework/src/Illuminate/Pipeline/Pipeline.php(180): Illuminate\\Cookie\\Middleware\\EncryptCookies->handle()
#29 /home/denish/Desktop/Workspace/Internal/dk/attexlaravel/vendor/laravel/framework/src/Illuminate/Pipeline/Pipeline.php(116): Illuminate\\Pipeline\\Pipeline->Illuminate\\Pipeline\\{closure}()
#30 /home/denish/Desktop/Workspace/Internal/dk/attexlaravel/vendor/laravel/framework/src/Illuminate/Routing/Router.php(798): Illuminate\\Pipeline\\Pipeline->then()
#31 /home/denish/Desktop/Workspace/Internal/dk/attexlaravel/vendor/laravel/framework/src/Illuminate/Routing/Router.php(775): Illuminate\\Routing\\Router->runRouteWithinStack()
#32 /home/denish/Desktop/Workspace/Internal/dk/attexlaravel/vendor/laravel/framework/src/Illuminate/Routing/Router.php(739): Illuminate\\Routing\\Router->runRoute()
#33 /home/denish/Desktop/Workspace/Internal/dk/attexlaravel/vendor/laravel/framework/src/Illuminate/Routing/Router.php(728): Illuminate\\Routing\\Router->dispatchToRoute()
#34 /home/denish/Desktop/Workspace/Internal/dk/attexlaravel/vendor/laravel/framework/src/Illuminate/Foundation/Http/Kernel.php(200): Illuminate\\Routing\\Router->dispatch()
#35 /home/denish/Desktop/Workspace/Internal/dk/attexlaravel/vendor/laravel/framework/src/Illuminate/Pipeline/Pipeline.php(141): Illuminate\\Foundation\\Http\\Kernel->Illuminate\\Foundation\\Http\\{closure}()
#36 /home/denish/Desktop/Workspace/Internal/dk/attexlaravel/vendor/laravel/framework/src/Illuminate/Foundation/Http/Middleware/TransformsRequest.php(21): Illuminate\\Pipeline\\Pipeline->Illuminate\\Pipeline\\{closure}()
#37 /home/denish/Desktop/Workspace/Internal/dk/attexlaravel/vendor/laravel/framework/src/Illuminate/Foundation/Http/Middleware/ConvertEmptyStringsToNull.php(31): Illuminate\\Foundation\\Http\\Middleware\\TransformsRequest->handle()
#38 /home/denish/Desktop/Workspace/Internal/dk/attexlaravel/vendor/laravel/framework/src/Illuminate/Pipeline/Pipeline.php(180): Illuminate\\Foundation\\Http\\Middleware\\ConvertEmptyStringsToNull->handle()
#39 /home/denish/Desktop/Workspace/Internal/dk/attexlaravel/vendor/laravel/framework/src/Illuminate/Foundation/Http/Middleware/TransformsRequest.php(21): Illuminate\\Pipeline\\Pipeline->Illuminate\\Pipeline\\{closure}()
#40 /home/denish/Desktop/Workspace/Internal/dk/attexlaravel/vendor/laravel/framework/src/Illuminate/Foundation/Http/Middleware/TrimStrings.php(40): Illuminate\\Foundation\\Http\\Middleware\\TransformsRequest->handle()
#41 /home/denish/Desktop/Workspace/Internal/dk/attexlaravel/vendor/laravel/framework/src/Illuminate/Pipeline/Pipeline.php(180): Illuminate\\Foundation\\Http\\Middleware\\TrimStrings->handle()
#42 /home/denish/Desktop/Workspace/Internal/dk/attexlaravel/vendor/laravel/framework/src/Illuminate/Foundation/Http/Middleware/ValidatePostSize.php(27): Illuminate\\Pipeline\\Pipeline->Illuminate\\Pipeline\\{closure}()
#43 /home/denish/Desktop/Workspace/Internal/dk/attexlaravel/vendor/laravel/framework/src/Illuminate/Pipeline/Pipeline.php(180): Illuminate\\Foundation\\Http\\Middleware\\ValidatePostSize->handle()
#44 /home/denish/Desktop/Workspace/Internal/dk/attexlaravel/vendor/laravel/framework/src/Illuminate/Foundation/Http/Middleware/PreventRequestsDuringMaintenance.php(86): Illuminate\\Pipeline\\Pipeline->Illuminate\\Pipeline\\{closure}()
#45 /home/denish/Desktop/Workspace/Internal/dk/attexlaravel/vendor/laravel/framework/src/Illuminate/Pipeline/Pipeline.php(180): Illuminate\\Foundation\\Http\\Middleware\\PreventRequestsDuringMaintenance->handle()
#46 /home/denish/Desktop/Workspace/Internal/dk/attexlaravel/vendor/laravel/framework/src/Illuminate/Http/Middleware/HandleCors.php(49): Illuminate\\Pipeline\\Pipeline->Illuminate\\Pipeline\\{closure}()
#47 /home/denish/Desktop/Workspace/Internal/dk/attexlaravel/vendor/laravel/framework/src/Illuminate/Pipeline/Pipeline.php(180): Illuminate\\Http\\Middleware\\HandleCors->handle()
#48 /home/denish/Desktop/Workspace/Internal/dk/attexlaravel/vendor/laravel/framework/src/Illuminate/Http/Middleware/TrustProxies.php(39): Illuminate\\Pipeline\\Pipeline->Illuminate\\Pipeline\\{closure}()
#49 /home/denish/Desktop/Workspace/Internal/dk/attexlaravel/vendor/laravel/framework/src/Illuminate/Pipeline/Pipeline.php(180): Illuminate\\Http\\Middleware\\TrustProxies->handle()
#50 /home/denish/Desktop/Workspace/Internal/dk/attexlaravel/vendor/laravel/framework/src/Illuminate/Pipeline/Pipeline.php(116): Illuminate\\Pipeline\\Pipeline->Illuminate\\Pipeline\\{closure}()
#51 /home/denish/Desktop/Workspace/Internal/dk/attexlaravel/vendor/laravel/framework/src/Illuminate/Foundation/Http/Kernel.php(175): Illuminate\\Pipeline\\Pipeline->then()
#52 /home/denish/Desktop/Workspace/Internal/dk/attexlaravel/vendor/laravel/framework/src/Illuminate/Foundation/Http/Kernel.php(144): Illuminate\\Foundation\\Http\\Kernel->sendRequestThroughRouter()
#53 /home/denish/Desktop/Workspace/Internal/dk/attexlaravel/public/index.php(52): Illuminate\\Foundation\\Http\\Kernel->handle()
#54 /home/denish/Desktop/Workspace/Internal/dk/attexlaravel/vendor/laravel/framework/src/Illuminate/Foundation/resources/server.php(16): require_once('...')
#55 {main}

[previous exception] [object] (InvalidArgumentException(code: 0): Cannot end a section without first starting one. at /home/denish/Desktop/Workspace/Internal/dk/attexlaravel/vendor/laravel/framework/src/Illuminate/View/Concerns/ManagesLayouts.php:94)
[stacktrace]
#0 /home/denish/Desktop/Workspace/Internal/dk/attexlaravel/storage/framework/views/9478be94c56ce6e3335fdf019b613178.php(770): Illuminate\\View\\Factory->stopSection()
#1 /home/denish/Desktop/Workspace/Internal/dk/attexlaravel/vendor/laravel/framework/src/Illuminate/Filesystem/Filesystem.php(124): require('...')
#2 /home/denish/Desktop/Workspace/Internal/dk/attexlaravel/vendor/laravel/framework/src/Illuminate/Filesystem/Filesystem.php(125): Illuminate\\Filesystem\\Filesystem::Illuminate\\Filesystem\\{closure}()
#3 /home/denish/Desktop/Workspace/Internal/dk/attexlaravel/vendor/laravel/framework/src/Illuminate/View/Engines/PhpEngine.php(58): Illuminate\\Filesystem\\Filesystem->getRequire()
#4 /home/denish/Desktop/Workspace/Internal/dk/attexlaravel/vendor/laravel/framework/src/Illuminate/View/Engines/CompilerEngine.php(70): Illuminate\\View\\Engines\\PhpEngine->evaluatePath()
#5 /home/denish/Desktop/Workspace/Internal/dk/attexlaravel/vendor/laravel/framework/src/Illuminate/View/View.php(195): Illuminate\\View\\Engines\\CompilerEngine->get()
#6 /home/denish/Desktop/Workspace/Internal/dk/attexlaravel/vendor/laravel/framework/src/Illuminate/View/View.php(178): Illuminate\\View\\View->getContents()
#7 /home/denish/Desktop/Workspace/Internal/dk/attexlaravel/vendor/laravel/framework/src/Illuminate/View/View.php(147): Illuminate\\View\\View->renderContents()
#8 /home/denish/Desktop/Workspace/Internal/dk/attexlaravel/vendor/laravel/framework/src/Illuminate/Http/Response.php(69): Illuminate\\View\\View->render()
#9 /home/denish/Desktop/Workspace/Internal/dk/attexlaravel/vendor/laravel/framework/src/Illuminate/Http/Response.php(35): Illuminate\\Http\\Response->setContent()
#10 /home/denish/Desktop/Workspace/Internal/dk/attexlaravel/vendor/laravel/framework/src/Illuminate/Routing/Router.php(905): Illuminate\\Http\\Response->__construct()
#11 /home/denish/Desktop/Workspace/Internal/dk/attexlaravel/vendor/laravel/framework/src/Illuminate/Routing/Router.php(874): Illuminate\\Routing\\Router::toResponse()
#12 /home/denish/Desktop/Workspace/Internal/dk/attexlaravel/vendor/laravel/framework/src/Illuminate/Routing/Router.php(797): Illuminate\\Routing\\Router->prepareResponse()
#13 /home/denish/Desktop/Workspace/Internal/dk/attexlaravel/vendor/laravel/framework/src/Illuminate/Pipeline/Pipeline.php(141): Illuminate\\Routing\\Router->Illuminate\\Routing\\{closure}()
#14 /home/denish/Desktop/Workspace/Internal/dk/attexlaravel/vendor/laravel/framework/src/Illuminate/Routing/Middleware/SubstituteBindings.php(50): Illuminate\\Pipeline\\Pipeline->Illuminate\\Pipeline\\{closure}()
#15 /home/denish/Desktop/Workspace/Internal/dk/attexlaravel/vendor/laravel/framework/src/Illuminate/Pipeline/Pipeline.php(180): Illuminate\\Routing\\Middleware\\SubstituteBindings->handle()
#16 /home/denish/Desktop/Workspace/Internal/dk/attexlaravel/vendor/laravel/framework/src/Illuminate/Auth/Middleware/Authenticate.php(57): Illuminate\\Pipeline\\Pipeline->Illuminate\\Pipeline\\{closure}()
#17 /home/denish/Desktop/Workspace/Internal/dk/attexlaravel/vendor/laravel/framework/src/Illuminate/Pipeline/Pipeline.php(180): Illuminate\\Auth\\Middleware\\Authenticate->handle()
#18 /home/denish/Desktop/Workspace/Internal/dk/attexlaravel/vendor/laravel/framework/src/Illuminate/Foundation/Http/Middleware/VerifyCsrfToken.php(78): Illuminate\\Pipeline\\Pipeline->Illuminate\\Pipeline\\{closure}()
#19 /home/denish/Desktop/Workspace/Internal/dk/attexlaravel/vendor/laravel/framework/src/Illuminate/Pipeline/Pipeline.php(180): Illuminate\\Foundation\\Http\\Middleware\\VerifyCsrfToken->handle()
#20 /home/denish/Desktop/Workspace/Internal/dk/attexlaravel/vendor/laravel/framework/src/Illuminate/View/Middleware/ShareErrorsFromSession.php(49): Illuminate\\Pipeline\\Pipeline->Illuminate\\Pipeline\\{closure}()
#21 /home/denish/Desktop/Workspace/Internal/dk/attexlaravel/vendor/laravel/framework/src/Illuminate/Pipeline/Pipeline.php(180): Illuminate\\View\\Middleware\\ShareErrorsFromSession->handle()
#22 /home/denish/Desktop/Workspace/Internal/dk/attexlaravel/vendor/laravel/framework/src/Illuminate/Session/Middleware/StartSession.php(121): Illuminate\\Pipeline\\Pipeline->Illuminate\\Pipeline\\{closure}()
#23 /home/denish/Desktop/Workspace/Internal/dk/attexlaravel/vendor/laravel/framework/src/Illuminate/Session/Middleware/StartSession.php(64): Illuminate\\Session\\Middleware\\StartSession->handleStatefulRequest()
#24 /home/denish/Desktop/Workspace/Internal/dk/attexlaravel/vendor/laravel/framework/src/Illuminate/Pipeline/Pipeline.php(180): Illuminate\\Session\\Middleware\\StartSession->handle()
#25 /home/denish/Desktop/Workspace/Internal/dk/attexlaravel/vendor/laravel/framework/src/Illuminate/Cookie/Middleware/AddQueuedCookiesToResponse.php(37): Illuminate\\Pipeline\\Pipeline->Illuminate\\Pipeline\\{closure}()
#26 /home/denish/Desktop/Workspace/Internal/dk/attexlaravel/vendor/laravel/framework/src/Illuminate/Pipeline/Pipeline.php(180): Illuminate\\Cookie\\Middleware\\AddQueuedCookiesToResponse->handle()
#27 /home/denish/Desktop/Workspace/Internal/dk/attexlaravel/vendor/laravel/framework/src/Illuminate/Cookie/Middleware/EncryptCookies.php(67): Illuminate\\Pipeline\\Pipeline->Illuminate\\Pipeline\\{closure}()
#28 /home/denish/Desktop/Workspace/Internal/dk/attexlaravel/vendor/laravel/framework/src/Illuminate/Pipeline/Pipeline.php(180): Illuminate\\Cookie\\Middleware\\EncryptCookies->handle()
#29 /home/denish/Desktop/Workspace/Internal/dk/attexlaravel/vendor/laravel/framework/src/Illuminate/Pipeline/Pipeline.php(116): Illuminate\\Pipeline\\Pipeline->Illuminate\\Pipeline\\{closure}()
#30 /home/denish/Desktop/Workspace/Internal/dk/attexlaravel/vendor/laravel/framework/src/Illuminate/Routing/Router.php(798): Illuminate\\Pipeline\\Pipeline->then()
#31 /home/denish/Desktop/Workspace/Internal/dk/attexlaravel/vendor/laravel/framework/src/Illuminate/Routing/Router.php(775): Illuminate\\Routing\\Router->runRouteWithinStack()
#32 /home/denish/Desktop/Workspace/Internal/dk/attexlaravel/vendor/laravel/framework/src/Illuminate/Routing/Router.php(739): Illuminate\\Routing\\Router->runRoute()
#33 /home/denish/Desktop/Workspace/Internal/dk/attexlaravel/vendor/laravel/framework/src/Illuminate/Routing/Router.php(728): Illuminate\\Routing\\Router->dispatchToRoute()
#34 /home/denish/Desktop/Workspace/Internal/dk/attexlaravel/vendor/laravel/framework/src/Illuminate/Foundation/Http/Kernel.php(200): Illuminate\\Routing\\Router->dispatch()
#35 /home/denish/Desktop/Workspace/Internal/dk/attexlaravel/vendor/laravel/framework/src/Illuminate/Pipeline/Pipeline.php(141): Illuminate\\Foundation\\Http\\Kernel->Illuminate\\Foundation\\Http\\{closure}()
#36 /home/denish/Desktop/Workspace/Internal/dk/attexlaravel/vendor/laravel/framework/src/Illuminate/Foundation/Http/Middleware/TransformsRequest.php(21): Illuminate\\Pipeline\\Pipeline->Illuminate\\Pipeline\\{closure}()
#37 /home/denish/Desktop/Workspace/Internal/dk/attexlaravel/vendor/laravel/framework/src/Illuminate/Foundation/Http/Middleware/ConvertEmptyStringsToNull.php(31): Illuminate\\Foundation\\Http\\Middleware\\TransformsRequest->handle()
#38 /home/denish/Desktop/Workspace/Internal/dk/attexlaravel/vendor/laravel/framework/src/Illuminate/Pipeline/Pipeline.php(180): Illuminate\\Foundation\\Http\\Middleware\\ConvertEmptyStringsToNull->handle()
#39 /home/denish/Desktop/Workspace/Internal/dk/attexlaravel/vendor/laravel/framework/src/Illuminate/Foundation/Http/Middleware/TransformsRequest.php(21): Illuminate\\Pipeline\\Pipeline->Illuminate\\Pipeline\\{closure}()
#40 /home/denish/Desktop/Workspace/Internal/dk/attexlaravel/vendor/laravel/framework/src/Illuminate/Foundation/Http/Middleware/TrimStrings.php(40): Illuminate\\Foundation\\Http\\Middleware\\TransformsRequest->handle()
#41 /home/denish/Desktop/Workspace/Internal/dk/attexlaravel/vendor/laravel/framework/src/Illuminate/Pipeline/Pipeline.php(180): Illuminate\\Foundation\\Http\\Middleware\\TrimStrings->handle()
#42 /home/denish/Desktop/Workspace/Internal/dk/attexlaravel/vendor/laravel/framework/src/Illuminate/Foundation/Http/Middleware/ValidatePostSize.php(27): Illuminate\\Pipeline\\Pipeline->Illuminate\\Pipeline\\{closure}()
#43 /home/denish/Desktop/Workspace/Internal/dk/attexlaravel/vendor/laravel/framework/src/Illuminate/Pipeline/Pipeline.php(180): Illuminate\\Foundation\\Http\\Middleware\\ValidatePostSize->handle()
#44 /home/denish/Desktop/Workspace/Internal/dk/attexlaravel/vendor/laravel/framework/src/Illuminate/Foundation/Http/Middleware/PreventRequestsDuringMaintenance.php(86): Illuminate\\Pipeline\\Pipeline->Illuminate\\Pipeline\\{closure}()
#45 /home/denish/Desktop/Workspace/Internal/dk/attexlaravel/vendor/laravel/framework/src/Illuminate/Pipeline/Pipeline.php(180): Illuminate\\Foundation\\Http\\Middleware\\PreventRequestsDuringMaintenance->handle()
#46 /home/denish/Desktop/Workspace/Internal/dk/attexlaravel/vendor/laravel/framework/src/Illuminate/Http/Middleware/HandleCors.php(49): Illuminate\\Pipeline\\Pipeline->Illuminate\\Pipeline\\{closure}()
#47 /home/denish/Desktop/Workspace/Internal/dk/attexlaravel/vendor/laravel/framework/src/Illuminate/Pipeline/Pipeline.php(180): Illuminate\\Http\\Middleware\\HandleCors->handle()
#48 /home/denish/Desktop/Workspace/Internal/dk/attexlaravel/vendor/laravel/framework/src/Illuminate/Http/Middleware/TrustProxies.php(39): Illuminate\\Pipeline\\Pipeline->Illuminate\\Pipeline\\{closure}()
#49 /home/denish/Desktop/Workspace/Internal/dk/attexlaravel/vendor/laravel/framework/src/Illuminate/Pipeline/Pipeline.php(180): Illuminate\\Http\\Middleware\\TrustProxies->handle()
#50 /home/denish/Desktop/Workspace/Internal/dk/attexlaravel/vendor/laravel/framework/src/Illuminate/Pipeline/Pipeline.php(116): Illuminate\\Pipeline\\Pipeline->Illuminate\\Pipeline\\{closure}()
#51 /home/denish/Desktop/Workspace/Internal/dk/attexlaravel/vendor/laravel/framework/src/Illuminate/Foundation/Http/Kernel.php(175): Illuminate\\Pipeline\\Pipeline->then()
#52 /home/denish/Desktop/Workspace/Internal/dk/attexlaravel/vendor/laravel/framework/src/Illuminate/Foundation/Http/Kernel.php(144): Illuminate\\Foundation\\Http\\Kernel->sendRequestThroughRouter()
#53 /home/denish/Desktop/Workspace/Internal/dk/attexlaravel/public/index.php(52): Illuminate\\Foundation\\Http\\Kernel->handle()
#54 /home/denish/Desktop/Workspace/Internal/dk/attexlaravel/vendor/laravel/framework/src/Illuminate/Foundation/resources/server.php(16): require_once('...')
#55 {main}
"} 
[2023-06-03 12:29:51] local.ERROR: View [node_modules.typeahead.js.typeahead.bundle.min.js] not found. {"userId":1,"exception":"[object] (InvalidArgumentException(code: 0): View [node_modules.typeahead.js.typeahead.bundle.min.js] not found. at /home/denish/Desktop/Workspace/Internal/dk/attexlaravel/vendor/laravel/framework/src/Illuminate/View/FileViewFinder.php:137)
[stacktrace]
#0 /home/denish/Desktop/Workspace/Internal/dk/attexlaravel/vendor/laravel/framework/src/Illuminate/View/FileViewFinder.php(79): Illuminate\\View\\FileViewFinder->findInPaths()
#1 /home/denish/Desktop/Workspace/Internal/dk/attexlaravel/vendor/laravel/framework/src/Illuminate/View/Factory.php(138): Illuminate\\View\\FileViewFinder->find()
#2 /home/denish/Desktop/Workspace/Internal/dk/attexlaravel/vendor/laravel/framework/src/Illuminate/Foundation/helpers.php(1017): Illuminate\\View\\Factory->make()
#3 /home/denish/Desktop/Workspace/Internal/dk/attexlaravel/app/Http/Controllers/RoutingController.php(77): view()
#4 /home/denish/Desktop/Workspace/Internal/dk/attexlaravel/vendor/laravel/framework/src/Illuminate/Routing/Controller.php(54): App\\Http\\Controllers\\RoutingController->thirdLevel()
#5 /home/denish/Desktop/Workspace/Internal/dk/attexlaravel/vendor/laravel/framework/src/Illuminate/Routing/ControllerDispatcher.php(43): Illuminate\\Routing\\Controller->callAction()
#6 /home/denish/Desktop/Workspace/Internal/dk/attexlaravel/vendor/laravel/framework/src/Illuminate/Routing/Route.php(260): Illuminate\\Routing\\ControllerDispatcher->dispatch()
#7 /home/denish/Desktop/Workspace/Internal/dk/attexlaravel/vendor/laravel/framework/src/Illuminate/Routing/Route.php(205): Illuminate\\Routing\\Route->runController()
#8 /home/denish/Desktop/Workspace/Internal/dk/attexlaravel/vendor/laravel/framework/src/Illuminate/Routing/Router.php(797): Illuminate\\Routing\\Route->run()
#9 /home/denish/Desktop/Workspace/Internal/dk/attexlaravel/vendor/laravel/framework/src/Illuminate/Pipeline/Pipeline.php(141): Illuminate\\Routing\\Router->Illuminate\\Routing\\{closure}()
#10 /home/denish/Desktop/Workspace/Internal/dk/attexlaravel/vendor/laravel/framework/src/Illuminate/Routing/Middleware/SubstituteBindings.php(50): Illuminate\\Pipeline\\Pipeline->Illuminate\\Pipeline\\{closure}()
#11 /home/denish/Desktop/Workspace/Internal/dk/attexlaravel/vendor/laravel/framework/src/Illuminate/Pipeline/Pipeline.php(180): Illuminate\\Routing\\Middleware\\SubstituteBindings->handle()
#12 /home/denish/Desktop/Workspace/Internal/dk/attexlaravel/vendor/laravel/framework/src/Illuminate/Auth/Middleware/Authenticate.php(57): Illuminate\\Pipeline\\Pipeline->Illuminate\\Pipeline\\{closure}()
#13 /home/denish/Desktop/Workspace/Internal/dk/attexlaravel/vendor/laravel/framework/src/Illuminate/Pipeline/Pipeline.php(180): Illuminate\\Auth\\Middleware\\Authenticate->handle()
#14 /home/denish/Desktop/Workspace/Internal/dk/attexlaravel/vendor/laravel/framework/src/Illuminate/Foundation/Http/Middleware/VerifyCsrfToken.php(78): Illuminate\\Pipeline\\Pipeline->Illuminate\\Pipeline\\{closure}()
#15 /home/denish/Desktop/Workspace/Internal/dk/attexlaravel/vendor/laravel/framework/src/Illuminate/Pipeline/Pipeline.php(180): Illuminate\\Foundation\\Http\\Middleware\\VerifyCsrfToken->handle()
#16 /home/denish/Desktop/Workspace/Internal/dk/attexlaravel/vendor/laravel/framework/src/Illuminate/View/Middleware/ShareErrorsFromSession.php(49): Illuminate\\Pipeline\\Pipeline->Illuminate\\Pipeline\\{closure}()
#17 /home/denish/Desktop/Workspace/Internal/dk/attexlaravel/vendor/laravel/framework/src/Illuminate/Pipeline/Pipeline.php(180): Illuminate\\View\\Middleware\\ShareErrorsFromSession->handle()
#18 /home/denish/Desktop/Workspace/Internal/dk/attexlaravel/vendor/laravel/framework/src/Illuminate/Session/Middleware/StartSession.php(121): Illuminate\\Pipeline\\Pipeline->Illuminate\\Pipeline\\{closure}()
#19 /home/denish/Desktop/Workspace/Internal/dk/attexlaravel/vendor/laravel/framework/src/Illuminate/Session/Middleware/StartSession.php(64): Illuminate\\Session\\Middleware\\StartSession->handleStatefulRequest()
#20 /home/denish/Desktop/Workspace/Internal/dk/attexlaravel/vendor/laravel/framework/src/Illuminate/Pipeline/Pipeline.php(180): Illuminate\\Session\\Middleware\\StartSession->handle()
#21 /home/denish/Desktop/Workspace/Internal/dk/attexlaravel/vendor/laravel/framework/src/Illuminate/Cookie/Middleware/AddQueuedCookiesToResponse.php(37): Illuminate\\Pipeline\\Pipeline->Illuminate\\Pipeline\\{closure}()
#22 /home/denish/Desktop/Workspace/Internal/dk/attexlaravel/vendor/laravel/framework/src/Illuminate/Pipeline/Pipeline.php(180): Illuminate\\Cookie\\Middleware\\AddQueuedCookiesToResponse->handle()
#23 /home/denish/Desktop/Workspace/Internal/dk/attexlaravel/vendor/laravel/framework/src/Illuminate/Cookie/Middleware/EncryptCookies.php(67): Illuminate\\Pipeline\\Pipeline->Illuminate\\Pipeline\\{closure}()
#24 /home/denish/Desktop/Workspace/Internal/dk/attexlaravel/vendor/laravel/framework/src/Illuminate/Pipeline/Pipeline.php(180): Illuminate\\Cookie\\Middleware\\EncryptCookies->handle()
#25 /home/denish/Desktop/Workspace/Internal/dk/attexlaravel/vendor/laravel/framework/src/Illuminate/Pipeline/Pipeline.php(116): Illuminate\\Pipeline\\Pipeline->Illuminate\\Pipeline\\{closure}()
#26 /home/denish/Desktop/Workspace/Internal/dk/attexlaravel/vendor/laravel/framework/src/Illuminate/Routing/Router.php(798): Illuminate\\Pipeline\\Pipeline->then()
#27 /home/denish/Desktop/Workspace/Internal/dk/attexlaravel/vendor/laravel/framework/src/Illuminate/Routing/Router.php(775): Illuminate\\Routing\\Router->runRouteWithinStack()
#28 /home/denish/Desktop/Workspace/Internal/dk/attexlaravel/vendor/laravel/framework/src/Illuminate/Routing/Router.php(739): Illuminate\\Routing\\Router->runRoute()
#29 /home/denish/Desktop/Workspace/Internal/dk/attexlaravel/vendor/laravel/framework/src/Illuminate/Routing/Router.php(728): Illuminate\\Routing\\Router->dispatchToRoute()
#30 /home/denish/Desktop/Workspace/Internal/dk/attexlaravel/vendor/laravel/framework/src/Illuminate/Foundation/Http/Kernel.php(200): Illuminate\\Routing\\Router->dispatch()
#31 /home/denish/Desktop/Workspace/Internal/dk/attexlaravel/vendor/laravel/framework/src/Illuminate/Pipeline/Pipeline.php(141): Illuminate\\Foundation\\Http\\Kernel->Illuminate\\Foundation\\Http\\{closure}()
#32 /home/denish/Desktop/Workspace/Internal/dk/attexlaravel/vendor/laravel/framework/src/Illuminate/Foundation/Http/Middleware/TransformsRequest.php(21): Illuminate\\Pipeline\\Pipeline->Illuminate\\Pipeline\\{closure}()
#33 /home/denish/Desktop/Workspace/Internal/dk/attexlaravel/vendor/laravel/framework/src/Illuminate/Foundation/Http/Middleware/ConvertEmptyStringsToNull.php(31): Illuminate\\Foundation\\Http\\Middleware\\TransformsRequest->handle()
#34 /home/denish/Desktop/Workspace/Internal/dk/attexlaravel/vendor/laravel/framework/src/Illuminate/Pipeline/Pipeline.php(180): Illuminate\\Foundation\\Http\\Middleware\\ConvertEmptyStringsToNull->handle()
#35 /home/denish/Desktop/Workspace/Internal/dk/attexlaravel/vendor/laravel/framework/src/Illuminate/Foundation/Http/Middleware/TransformsRequest.php(21): Illuminate\\Pipeline\\Pipeline->Illuminate\\Pipeline\\{closure}()
#36 /home/denish/Desktop/Workspace/Internal/dk/attexlaravel/vendor/laravel/framework/src/Illuminate/Foundation/Http/Middleware/TrimStrings.php(40): Illuminate\\Foundation\\Http\\Middleware\\TransformsRequest->handle()
#37 /home/denish/Desktop/Workspace/Internal/dk/attexlaravel/vendor/laravel/framework/src/Illuminate/Pipeline/Pipeline.php(180): Illuminate\\Foundation\\Http\\Middleware\\TrimStrings->handle()
#38 /home/denish/Desktop/Workspace/Internal/dk/attexlaravel/vendor/laravel/framework/src/Illuminate/Foundation/Http/Middleware/ValidatePostSize.php(27): Illuminate\\Pipeline\\Pipeline->Illuminate\\Pipeline\\{closure}()
#39 /home/denish/Desktop/Workspace/Internal/dk/attexlaravel/vendor/laravel/framework/src/Illuminate/Pipeline/Pipeline.php(180): Illuminate\\Foundation\\Http\\Middleware\\ValidatePostSize->handle()
#40 /home/denish/Desktop/Workspace/Internal/dk/attexlaravel/vendor/laravel/framework/src/Illuminate/Foundation/Http/Middleware/PreventRequestsDuringMaintenance.php(86): Illuminate\\Pipeline\\Pipeline->Illuminate\\Pipeline\\{closure}()
#41 /home/denish/Desktop/Workspace/Internal/dk/attexlaravel/vendor/laravel/framework/src/Illuminate/Pipeline/Pipeline.php(180): Illuminate\\Foundation\\Http\\Middleware\\PreventRequestsDuringMaintenance->handle()
#42 /home/denish/Desktop/Workspace/Internal/dk/attexlaravel/vendor/laravel/framework/src/Illuminate/Http/Middleware/HandleCors.php(49): Illuminate\\Pipeline\\Pipeline->Illuminate\\Pipeline\\{closure}()
#43 /home/denish/Desktop/Workspace/Internal/dk/attexlaravel/vendor/laravel/framework/src/Illuminate/Pipeline/Pipeline.php(180): Illuminate\\Http\\Middleware\\HandleCors->handle()
#44 /home/denish/Desktop/Workspace/Internal/dk/attexlaravel/vendor/laravel/framework/src/Illuminate/Http/Middleware/TrustProxies.php(39): Illuminate\\Pipeline\\Pipeline->Illuminate\\Pipeline\\{closure}()
#45 /home/denish/Desktop/Workspace/Internal/dk/attexlaravel/vendor/laravel/framework/src/Illuminate/Pipeline/Pipeline.php(180): Illuminate\\Http\\Middleware\\TrustProxies->handle()
#46 /home/denish/Desktop/Workspace/Internal/dk/attexlaravel/vendor/laravel/framework/src/Illuminate/Pipeline/Pipeline.php(116): Illuminate\\Pipeline\\Pipeline->Illuminate\\Pipeline\\{closure}()
#47 /home/denish/Desktop/Workspace/Internal/dk/attexlaravel/vendor/laravel/framework/src/Illuminate/Foundation/Http/Kernel.php(175): Illuminate\\Pipeline\\Pipeline->then()
#48 /home/denish/Desktop/Workspace/Internal/dk/attexlaravel/vendor/laravel/framework/src/Illuminate/Foundation/Http/Kernel.php(144): Illuminate\\Foundation\\Http\\Kernel->sendRequestThroughRouter()
#49 /home/denish/Desktop/Workspace/Internal/dk/attexlaravel/public/index.php(52): Illuminate\\Foundation\\Http\\Kernel->handle()
#50 /home/denish/Desktop/Workspace/Internal/dk/attexlaravel/vendor/laravel/framework/src/Illuminate/Foundation/resources/server.php(16): require_once('...')
#51 {main}
"} 
[2023-06-03 12:29:57] local.ERROR: View [node_modules.typeahead.js.typeahead.bundle.min.js] not found. {"userId":1,"exception":"[object] (InvalidArgumentException(code: 0): View [node_modules.typeahead.js.typeahead.bundle.min.js] not found. at /home/denish/Desktop/Workspace/Internal/dk/attexlaravel/vendor/laravel/framework/src/Illuminate/View/FileViewFinder.php:137)
[stacktrace]
#0 /home/denish/Desktop/Workspace/Internal/dk/attexlaravel/vendor/laravel/framework/src/Illuminate/View/FileViewFinder.php(79): Illuminate\\View\\FileViewFinder->findInPaths()
#1 /home/denish/Desktop/Workspace/Internal/dk/attexlaravel/vendor/laravel/framework/src/Illuminate/View/Factory.php(138): Illuminate\\View\\FileViewFinder->find()
#2 /home/denish/Desktop/Workspace/Internal/dk/attexlaravel/vendor/laravel/framework/src/Illuminate/Foundation/helpers.php(1017): Illuminate\\View\\Factory->make()
#3 /home/denish/Desktop/Workspace/Internal/dk/attexlaravel/app/Http/Controllers/RoutingController.php(77): view()
#4 /home/denish/Desktop/Workspace/Internal/dk/attexlaravel/vendor/laravel/framework/src/Illuminate/Routing/Controller.php(54): App\\Http\\Controllers\\RoutingController->thirdLevel()
#5 /home/denish/Desktop/Workspace/Internal/dk/attexlaravel/vendor/laravel/framework/src/Illuminate/Routing/ControllerDispatcher.php(43): Illuminate\\Routing\\Controller->callAction()
#6 /home/denish/Desktop/Workspace/Internal/dk/attexlaravel/vendor/laravel/framework/src/Illuminate/Routing/Route.php(260): Illuminate\\Routing\\ControllerDispatcher->dispatch()
#7 /home/denish/Desktop/Workspace/Internal/dk/attexlaravel/vendor/laravel/framework/src/Illuminate/Routing/Route.php(205): Illuminate\\Routing\\Route->runController()
#8 /home/denish/Desktop/Workspace/Internal/dk/attexlaravel/vendor/laravel/framework/src/Illuminate/Routing/Router.php(797): Illuminate\\Routing\\Route->run()
#9 /home/denish/Desktop/Workspace/Internal/dk/attexlaravel/vendor/laravel/framework/src/Illuminate/Pipeline/Pipeline.php(141): Illuminate\\Routing\\Router->Illuminate\\Routing\\{closure}()
#10 /home/denish/Desktop/Workspace/Internal/dk/attexlaravel/vendor/laravel/framework/src/Illuminate/Routing/Middleware/SubstituteBindings.php(50): Illuminate\\Pipeline\\Pipeline->Illuminate\\Pipeline\\{closure}()
#11 /home/denish/Desktop/Workspace/Internal/dk/attexlaravel/vendor/laravel/framework/src/Illuminate/Pipeline/Pipeline.php(180): Illuminate\\Routing\\Middleware\\SubstituteBindings->handle()
#12 /home/denish/Desktop/Workspace/Internal/dk/attexlaravel/vendor/laravel/framework/src/Illuminate/Auth/Middleware/Authenticate.php(57): Illuminate\\Pipeline\\Pipeline->Illuminate\\Pipeline\\{closure}()
#13 /home/denish/Desktop/Workspace/Internal/dk/attexlaravel/vendor/laravel/framework/src/Illuminate/Pipeline/Pipeline.php(180): Illuminate\\Auth\\Middleware\\Authenticate->handle()
#14 /home/denish/Desktop/Workspace/Internal/dk/attexlaravel/vendor/laravel/framework/src/Illuminate/Foundation/Http/Middleware/VerifyCsrfToken.php(78): Illuminate\\Pipeline\\Pipeline->Illuminate\\Pipeline\\{closure}()
#15 /home/denish/Desktop/Workspace/Internal/dk/attexlaravel/vendor/laravel/framework/src/Illuminate/Pipeline/Pipeline.php(180): Illuminate\\Foundation\\Http\\Middleware\\VerifyCsrfToken->handle()
#16 /home/denish/Desktop/Workspace/Internal/dk/attexlaravel/vendor/laravel/framework/src/Illuminate/View/Middleware/ShareErrorsFromSession.php(49): Illuminate\\Pipeline\\Pipeline->Illuminate\\Pipeline\\{closure}()
#17 /home/denish/Desktop/Workspace/Internal/dk/attexlaravel/vendor/laravel/framework/src/Illuminate/Pipeline/Pipeline.php(180): Illuminate\\View\\Middleware\\ShareErrorsFromSession->handle()
#18 /home/denish/Desktop/Workspace/Internal/dk/attexlaravel/vendor/laravel/framework/src/Illuminate/Session/Middleware/StartSession.php(121): Illuminate\\Pipeline\\Pipeline->Illuminate\\Pipeline\\{closure}()
#19 /home/denish/Desktop/Workspace/Internal/dk/attexlaravel/vendor/laravel/framework/src/Illuminate/Session/Middleware/StartSession.php(64): Illuminate\\Session\\Middleware\\StartSession->handleStatefulRequest()
#20 /home/denish/Desktop/Workspace/Internal/dk/attexlaravel/vendor/laravel/framework/src/Illuminate/Pipeline/Pipeline.php(180): Illuminate\\Session\\Middleware\\StartSession->handle()
#21 /home/denish/Desktop/Workspace/Internal/dk/attexlaravel/vendor/laravel/framework/src/Illuminate/Cookie/Middleware/AddQueuedCookiesToResponse.php(37): Illuminate\\Pipeline\\Pipeline->Illuminate\\Pipeline\\{closure}()
#22 /home/denish/Desktop/Workspace/Internal/dk/attexlaravel/vendor/laravel/framework/src/Illuminate/Pipeline/Pipeline.php(180): Illuminate\\Cookie\\Middleware\\AddQueuedCookiesToResponse->handle()
#23 /home/denish/Desktop/Workspace/Internal/dk/attexlaravel/vendor/laravel/framework/src/Illuminate/Cookie/Middleware/EncryptCookies.php(67): Illuminate\\Pipeline\\Pipeline->Illuminate\\Pipeline\\{closure}()
#24 /home/denish/Desktop/Workspace/Internal/dk/attexlaravel/vendor/laravel/framework/src/Illuminate/Pipeline/Pipeline.php(180): Illuminate\\Cookie\\Middleware\\EncryptCookies->handle()
#25 /home/denish/Desktop/Workspace/Internal/dk/attexlaravel/vendor/laravel/framework/src/Illuminate/Pipeline/Pipeline.php(116): Illuminate\\Pipeline\\Pipeline->Illuminate\\Pipeline\\{closure}()
#26 /home/denish/Desktop/Workspace/Internal/dk/attexlaravel/vendor/laravel/framework/src/Illuminate/Routing/Router.php(798): Illuminate\\Pipeline\\Pipeline->then()
#27 /home/denish/Desktop/Workspace/Internal/dk/attexlaravel/vendor/laravel/framework/src/Illuminate/Routing/Router.php(775): Illuminate\\Routing\\Router->runRouteWithinStack()
#28 /home/denish/Desktop/Workspace/Internal/dk/attexlaravel/vendor/laravel/framework/src/Illuminate/Routing/Router.php(739): Illuminate\\Routing\\Router->runRoute()
#29 /home/denish/Desktop/Workspace/Internal/dk/attexlaravel/vendor/laravel/framework/src/Illuminate/Routing/Router.php(728): Illuminate\\Routing\\Router->dispatchToRoute()
#30 /home/denish/Desktop/Workspace/Internal/dk/attexlaravel/vendor/laravel/framework/src/Illuminate/Foundation/Http/Kernel.php(200): Illuminate\\Routing\\Router->dispatch()
#31 /home/denish/Desktop/Workspace/Internal/dk/attexlaravel/vendor/laravel/framework/src/Illuminate/Pipeline/Pipeline.php(141): Illuminate\\Foundation\\Http\\Kernel->Illuminate\\Foundation\\Http\\{closure}()
#32 /home/denish/Desktop/Workspace/Internal/dk/attexlaravel/vendor/laravel/framework/src/Illuminate/Foundation/Http/Middleware/TransformsRequest.php(21): Illuminate\\Pipeline\\Pipeline->Illuminate\\Pipeline\\{closure}()
#33 /home/denish/Desktop/Workspace/Internal/dk/attexlaravel/vendor/laravel/framework/src/Illuminate/Foundation/Http/Middleware/ConvertEmptyStringsToNull.php(31): Illuminate\\Foundation\\Http\\Middleware\\TransformsRequest->handle()
#34 /home/denish/Desktop/Workspace/Internal/dk/attexlaravel/vendor/laravel/framework/src/Illuminate/Pipeline/Pipeline.php(180): Illuminate\\Foundation\\Http\\Middleware\\ConvertEmptyStringsToNull->handle()
#35 /home/denish/Desktop/Workspace/Internal/dk/attexlaravel/vendor/laravel/framework/src/Illuminate/Foundation/Http/Middleware/TransformsRequest.php(21): Illuminate\\Pipeline\\Pipeline->Illuminate\\Pipeline\\{closure}()
#36 /home/denish/Desktop/Workspace/Internal/dk/attexlaravel/vendor/laravel/framework/src/Illuminate/Foundation/Http/Middleware/TrimStrings.php(40): Illuminate\\Foundation\\Http\\Middleware\\TransformsRequest->handle()
#37 /home/denish/Desktop/Workspace/Internal/dk/attexlaravel/vendor/laravel/framework/src/Illuminate/Pipeline/Pipeline.php(180): Illuminate\\Foundation\\Http\\Middleware\\TrimStrings->handle()
#38 /home/denish/Desktop/Workspace/Internal/dk/attexlaravel/vendor/laravel/framework/src/Illuminate/Foundation/Http/Middleware/ValidatePostSize.php(27): Illuminate\\Pipeline\\Pipeline->Illuminate\\Pipeline\\{closure}()
#39 /home/denish/Desktop/Workspace/Internal/dk/attexlaravel/vendor/laravel/framework/src/Illuminate/Pipeline/Pipeline.php(180): Illuminate\\Foundation\\Http\\Middleware\\ValidatePostSize->handle()
#40 /home/denish/Desktop/Workspace/Internal/dk/attexlaravel/vendor/laravel/framework/src/Illuminate/Foundation/Http/Middleware/PreventRequestsDuringMaintenance.php(86): Illuminate\\Pipeline\\Pipeline->Illuminate\\Pipeline\\{closure}()
#41 /home/denish/Desktop/Workspace/Internal/dk/attexlaravel/vendor/laravel/framework/src/Illuminate/Pipeline/Pipeline.php(180): Illuminate\\Foundation\\Http\\Middleware\\PreventRequestsDuringMaintenance->handle()
#42 /home/denish/Desktop/Workspace/Internal/dk/attexlaravel/vendor/laravel/framework/src/Illuminate/Http/Middleware/HandleCors.php(49): Illuminate\\Pipeline\\Pipeline->Illuminate\\Pipeline\\{closure}()
#43 /home/denish/Desktop/Workspace/Internal/dk/attexlaravel/vendor/laravel/framework/src/Illuminate/Pipeline/Pipeline.php(180): Illuminate\\Http\\Middleware\\HandleCors->handle()
#44 /home/denish/Desktop/Workspace/Internal/dk/attexlaravel/vendor/laravel/framework/src/Illuminate/Http/Middleware/TrustProxies.php(39): Illuminate\\Pipeline\\Pipeline->Illuminate\\Pipeline\\{closure}()
#45 /home/denish/Desktop/Workspace/Internal/dk/attexlaravel/vendor/laravel/framework/src/Illuminate/Pipeline/Pipeline.php(180): Illuminate\\Http\\Middleware\\TrustProxies->handle()
#46 /home/denish/Desktop/Workspace/Internal/dk/attexlaravel/vendor/laravel/framework/src/Illuminate/Pipeline/Pipeline.php(116): Illuminate\\Pipeline\\Pipeline->Illuminate\\Pipeline\\{closure}()
#47 /home/denish/Desktop/Workspace/Internal/dk/attexlaravel/vendor/laravel/framework/src/Illuminate/Foundation/Http/Kernel.php(175): Illuminate\\Pipeline\\Pipeline->then()
#48 /home/denish/Desktop/Workspace/Internal/dk/attexlaravel/vendor/laravel/framework/src/Illuminate/Foundation/Http/Kernel.php(144): Illuminate\\Foundation\\Http\\Kernel->sendRequestThroughRouter()
#49 /home/denish/Desktop/Workspace/Internal/dk/attexlaravel/public/index.php(52): Illuminate\\Foundation\\Http\\Kernel->handle()
#50 /home/denish/Desktop/Workspace/Internal/dk/attexlaravel/vendor/laravel/framework/src/Illuminate/Foundation/resources/server.php(16): require_once('...')
#51 {main}
"} 
[2023-06-03 12:30:11] local.ERROR: View [node_modules.typeahead.js.typeahead.bundle.min.js] not found. {"userId":1,"exception":"[object] (InvalidArgumentException(code: 0): View [node_modules.typeahead.js.typeahead.bundle.min.js] not found. at /home/denish/Desktop/Workspace/Internal/dk/attexlaravel/vendor/laravel/framework/src/Illuminate/View/FileViewFinder.php:137)
[stacktrace]
#0 /home/denish/Desktop/Workspace/Internal/dk/attexlaravel/vendor/laravel/framework/src/Illuminate/View/FileViewFinder.php(79): Illuminate\\View\\FileViewFinder->findInPaths()
#1 /home/denish/Desktop/Workspace/Internal/dk/attexlaravel/vendor/laravel/framework/src/Illuminate/View/Factory.php(138): Illuminate\\View\\FileViewFinder->find()
#2 /home/denish/Desktop/Workspace/Internal/dk/attexlaravel/vendor/laravel/framework/src/Illuminate/Foundation/helpers.php(1017): Illuminate\\View\\Factory->make()
#3 /home/denish/Desktop/Workspace/Internal/dk/attexlaravel/app/Http/Controllers/RoutingController.php(77): view()
#4 /home/denish/Desktop/Workspace/Internal/dk/attexlaravel/vendor/laravel/framework/src/Illuminate/Routing/Controller.php(54): App\\Http\\Controllers\\RoutingController->thirdLevel()
#5 /home/denish/Desktop/Workspace/Internal/dk/attexlaravel/vendor/laravel/framework/src/Illuminate/Routing/ControllerDispatcher.php(43): Illuminate\\Routing\\Controller->callAction()
#6 /home/denish/Desktop/Workspace/Internal/dk/attexlaravel/vendor/laravel/framework/src/Illuminate/Routing/Route.php(260): Illuminate\\Routing\\ControllerDispatcher->dispatch()
#7 /home/denish/Desktop/Workspace/Internal/dk/attexlaravel/vendor/laravel/framework/src/Illuminate/Routing/Route.php(205): Illuminate\\Routing\\Route->runController()
#8 /home/denish/Desktop/Workspace/Internal/dk/attexlaravel/vendor/laravel/framework/src/Illuminate/Routing/Router.php(797): Illuminate\\Routing\\Route->run()
#9 /home/denish/Desktop/Workspace/Internal/dk/attexlaravel/vendor/laravel/framework/src/Illuminate/Pipeline/Pipeline.php(141): Illuminate\\Routing\\Router->Illuminate\\Routing\\{closure}()
#10 /home/denish/Desktop/Workspace/Internal/dk/attexlaravel/vendor/laravel/framework/src/Illuminate/Routing/Middleware/SubstituteBindings.php(50): Illuminate\\Pipeline\\Pipeline->Illuminate\\Pipeline\\{closure}()
#11 /home/denish/Desktop/Workspace/Internal/dk/attexlaravel/vendor/laravel/framework/src/Illuminate/Pipeline/Pipeline.php(180): Illuminate\\Routing\\Middleware\\SubstituteBindings->handle()
#12 /home/denish/Desktop/Workspace/Internal/dk/attexlaravel/vendor/laravel/framework/src/Illuminate/Auth/Middleware/Authenticate.php(57): Illuminate\\Pipeline\\Pipeline->Illuminate\\Pipeline\\{closure}()
#13 /home/denish/Desktop/Workspace/Internal/dk/attexlaravel/vendor/laravel/framework/src/Illuminate/Pipeline/Pipeline.php(180): Illuminate\\Auth\\Middleware\\Authenticate->handle()
#14 /home/denish/Desktop/Workspace/Internal/dk/attexlaravel/vendor/laravel/framework/src/Illuminate/Foundation/Http/Middleware/VerifyCsrfToken.php(78): Illuminate\\Pipeline\\Pipeline->Illuminate\\Pipeline\\{closure}()
#15 /home/denish/Desktop/Workspace/Internal/dk/attexlaravel/vendor/laravel/framework/src/Illuminate/Pipeline/Pipeline.php(180): Illuminate\\Foundation\\Http\\Middleware\\VerifyCsrfToken->handle()
#16 /home/denish/Desktop/Workspace/Internal/dk/attexlaravel/vendor/laravel/framework/src/Illuminate/View/Middleware/ShareErrorsFromSession.php(49): Illuminate\\Pipeline\\Pipeline->Illuminate\\Pipeline\\{closure}()
#17 /home/denish/Desktop/Workspace/Internal/dk/attexlaravel/vendor/laravel/framework/src/Illuminate/Pipeline/Pipeline.php(180): Illuminate\\View\\Middleware\\ShareErrorsFromSession->handle()
#18 /home/denish/Desktop/Workspace/Internal/dk/attexlaravel/vendor/laravel/framework/src/Illuminate/Session/Middleware/StartSession.php(121): Illuminate\\Pipeline\\Pipeline->Illuminate\\Pipeline\\{closure}()
#19 /home/denish/Desktop/Workspace/Internal/dk/attexlaravel/vendor/laravel/framework/src/Illuminate/Session/Middleware/StartSession.php(64): Illuminate\\Session\\Middleware\\StartSession->handleStatefulRequest()
#20 /home/denish/Desktop/Workspace/Internal/dk/attexlaravel/vendor/laravel/framework/src/Illuminate/Pipeline/Pipeline.php(180): Illuminate\\Session\\Middleware\\StartSession->handle()
#21 /home/denish/Desktop/Workspace/Internal/dk/attexlaravel/vendor/laravel/framework/src/Illuminate/Cookie/Middleware/AddQueuedCookiesToResponse.php(37): Illuminate\\Pipeline\\Pipeline->Illuminate\\Pipeline\\{closure}()
#22 /home/denish/Desktop/Workspace/Internal/dk/attexlaravel/vendor/laravel/framework/src/Illuminate/Pipeline/Pipeline.php(180): Illuminate\\Cookie\\Middleware\\AddQueuedCookiesToResponse->handle()
#23 /home/denish/Desktop/Workspace/Internal/dk/attexlaravel/vendor/laravel/framework/src/Illuminate/Cookie/Middleware/EncryptCookies.php(67): Illuminate\\Pipeline\\Pipeline->Illuminate\\Pipeline\\{closure}()
#24 /home/denish/Desktop/Workspace/Internal/dk/attexlaravel/vendor/laravel/framework/src/Illuminate/Pipeline/Pipeline.php(180): Illuminate\\Cookie\\Middleware\\EncryptCookies->handle()
#25 /home/denish/Desktop/Workspace/Internal/dk/attexlaravel/vendor/laravel/framework/src/Illuminate/Pipeline/Pipeline.php(116): Illuminate\\Pipeline\\Pipeline->Illuminate\\Pipeline\\{closure}()
#26 /home/denish/Desktop/Workspace/Internal/dk/attexlaravel/vendor/laravel/framework/src/Illuminate/Routing/Router.php(798): Illuminate\\Pipeline\\Pipeline->then()
#27 /home/denish/Desktop/Workspace/Internal/dk/attexlaravel/vendor/laravel/framework/src/Illuminate/Routing/Router.php(775): Illuminate\\Routing\\Router->runRouteWithinStack()
#28 /home/denish/Desktop/Workspace/Internal/dk/attexlaravel/vendor/laravel/framework/src/Illuminate/Routing/Router.php(739): Illuminate\\Routing\\Router->runRoute()
#29 /home/denish/Desktop/Workspace/Internal/dk/attexlaravel/vendor/laravel/framework/src/Illuminate/Routing/Router.php(728): Illuminate\\Routing\\Router->dispatchToRoute()
#30 /home/denish/Desktop/Workspace/Internal/dk/attexlaravel/vendor/laravel/framework/src/Illuminate/Foundation/Http/Kernel.php(200): Illuminate\\Routing\\Router->dispatch()
#31 /home/denish/Desktop/Workspace/Internal/dk/attexlaravel/vendor/laravel/framework/src/Illuminate/Pipeline/Pipeline.php(141): Illuminate\\Foundation\\Http\\Kernel->Illuminate\\Foundation\\Http\\{closure}()
#32 /home/denish/Desktop/Workspace/Internal/dk/attexlaravel/vendor/laravel/framework/src/Illuminate/Foundation/Http/Middleware/TransformsRequest.php(21): Illuminate\\Pipeline\\Pipeline->Illuminate\\Pipeline\\{closure}()
#33 /home/denish/Desktop/Workspace/Internal/dk/attexlaravel/vendor/laravel/framework/src/Illuminate/Foundation/Http/Middleware/ConvertEmptyStringsToNull.php(31): Illuminate\\Foundation\\Http\\Middleware\\TransformsRequest->handle()
#34 /home/denish/Desktop/Workspace/Internal/dk/attexlaravel/vendor/laravel/framework/src/Illuminate/Pipeline/Pipeline.php(180): Illuminate\\Foundation\\Http\\Middleware\\ConvertEmptyStringsToNull->handle()
#35 /home/denish/Desktop/Workspace/Internal/dk/attexlaravel/vendor/laravel/framework/src/Illuminate/Foundation/Http/Middleware/TransformsRequest.php(21): Illuminate\\Pipeline\\Pipeline->Illuminate\\Pipeline\\{closure}()
#36 /home/denish/Desktop/Workspace/Internal/dk/attexlaravel/vendor/laravel/framework/src/Illuminate/Foundation/Http/Middleware/TrimStrings.php(40): Illuminate\\Foundation\\Http\\Middleware\\TransformsRequest->handle()
#37 /home/denish/Desktop/Workspace/Internal/dk/attexlaravel/vendor/laravel/framework/src/Illuminate/Pipeline/Pipeline.php(180): Illuminate\\Foundation\\Http\\Middleware\\TrimStrings->handle()
#38 /home/denish/Desktop/Workspace/Internal/dk/attexlaravel/vendor/laravel/framework/src/Illuminate/Foundation/Http/Middleware/ValidatePostSize.php(27): Illuminate\\Pipeline\\Pipeline->Illuminate\\Pipeline\\{closure}()
#39 /home/denish/Desktop/Workspace/Internal/dk/attexlaravel/vendor/laravel/framework/src/Illuminate/Pipeline/Pipeline.php(180): Illuminate\\Foundation\\Http\\Middleware\\ValidatePostSize->handle()
#40 /home/denish/Desktop/Workspace/Internal/dk/attexlaravel/vendor/laravel/framework/src/Illuminate/Foundation/Http/Middleware/PreventRequestsDuringMaintenance.php(86): Illuminate\\Pipeline\\Pipeline->Illuminate\\Pipeline\\{closure}()
#41 /home/denish/Desktop/Workspace/Internal/dk/attexlaravel/vendor/laravel/framework/src/Illuminate/Pipeline/Pipeline.php(180): Illuminate\\Foundation\\Http\\Middleware\\PreventRequestsDuringMaintenance->handle()
#42 /home/denish/Desktop/Workspace/Internal/dk/attexlaravel/vendor/laravel/framework/src/Illuminate/Http/Middleware/HandleCors.php(49): Illuminate\\Pipeline\\Pipeline->Illuminate\\Pipeline\\{closure}()
#43 /home/denish/Desktop/Workspace/Internal/dk/attexlaravel/vendor/laravel/framework/src/Illuminate/Pipeline/Pipeline.php(180): Illuminate\\Http\\Middleware\\HandleCors->handle()
#44 /home/denish/Desktop/Workspace/Internal/dk/attexlaravel/vendor/laravel/framework/src/Illuminate/Http/Middleware/TrustProxies.php(39): Illuminate\\Pipeline\\Pipeline->Illuminate\\Pipeline\\{closure}()
#45 /home/denish/Desktop/Workspace/Internal/dk/attexlaravel/vendor/laravel/framework/src/Illuminate/Pipeline/Pipeline.php(180): Illuminate\\Http\\Middleware\\TrustProxies->handle()
#46 /home/denish/Desktop/Workspace/Internal/dk/attexlaravel/vendor/laravel/framework/src/Illuminate/Pipeline/Pipeline.php(116): Illuminate\\Pipeline\\Pipeline->Illuminate\\Pipeline\\{closure}()
#47 /home/denish/Desktop/Workspace/Internal/dk/attexlaravel/vendor/laravel/framework/src/Illuminate/Foundation/Http/Kernel.php(175): Illuminate\\Pipeline\\Pipeline->then()
#48 /home/denish/Desktop/Workspace/Internal/dk/attexlaravel/vendor/laravel/framework/src/Illuminate/Foundation/Http/Kernel.php(144): Illuminate\\Foundation\\Http\\Kernel->sendRequestThroughRouter()
#49 /home/denish/Desktop/Workspace/Internal/dk/attexlaravel/public/index.php(52): Illuminate\\Foundation\\Http\\Kernel->handle()
#50 /home/denish/Desktop/Workspace/Internal/dk/attexlaravel/vendor/laravel/framework/src/Illuminate/Foundation/resources/server.php(16): require_once('...')
#51 {main}
"} 
[2023-06-06 10:55:44] local.ERROR: Unable to locate file in Vite manifest: node_modules/daterangepicker/daterangepicker.css. {"view":{"view":"/home/denish/Desktop/Workspace/Internal/dk/attexlaravel/resources/views/index.blade.php","data":[]},"userId":1,"exception":"[object] (Spatie\\LaravelIgnition\\Exceptions\\ViewException(code: 0): Unable to locate file in Vite manifest: node_modules/daterangepicker/daterangepicker.css. at /home/denish/Desktop/Workspace/Internal/dk/attexlaravel/vendor/laravel/framework/src/Illuminate/Foundation/Vite.php:737)
[stacktrace]
#0 /home/denish/Desktop/Workspace/Internal/dk/attexlaravel/vendor/laravel/framework/src/Illuminate/Foundation/Vite.php(279): Illuminate\\Foundation\\Vite->chunk()
#1 /home/denish/Desktop/Workspace/Internal/dk/attexlaravel/resources/views/index.blade.php(4): Illuminate\\Foundation\\Vite->__invoke()
#2 /home/denish/Desktop/Workspace/Internal/dk/attexlaravel/vendor/laravel/framework/src/Illuminate/Filesystem/Filesystem.php(124): require('...')
#3 /home/denish/Desktop/Workspace/Internal/dk/attexlaravel/vendor/laravel/framework/src/Illuminate/Filesystem/Filesystem.php(125): Illuminate\\Filesystem\\Filesystem::Illuminate\\Filesystem\\{closure}()
#4 /home/denish/Desktop/Workspace/Internal/dk/attexlaravel/vendor/laravel/framework/src/Illuminate/View/Engines/PhpEngine.php(58): Illuminate\\Filesystem\\Filesystem->getRequire()
#5 /home/denish/Desktop/Workspace/Internal/dk/attexlaravel/vendor/laravel/framework/src/Illuminate/View/Engines/CompilerEngine.php(70): Illuminate\\View\\Engines\\PhpEngine->evaluatePath()
#6 /home/denish/Desktop/Workspace/Internal/dk/attexlaravel/vendor/laravel/framework/src/Illuminate/View/View.php(195): Illuminate\\View\\Engines\\CompilerEngine->get()
#7 /home/denish/Desktop/Workspace/Internal/dk/attexlaravel/vendor/laravel/framework/src/Illuminate/View/View.php(178): Illuminate\\View\\View->getContents()
#8 /home/denish/Desktop/Workspace/Internal/dk/attexlaravel/vendor/laravel/framework/src/Illuminate/View/View.php(147): Illuminate\\View\\View->renderContents()
#9 /home/denish/Desktop/Workspace/Internal/dk/attexlaravel/vendor/laravel/framework/src/Illuminate/Http/Response.php(69): Illuminate\\View\\View->render()
#10 /home/denish/Desktop/Workspace/Internal/dk/attexlaravel/vendor/laravel/framework/src/Illuminate/Http/Response.php(35): Illuminate\\Http\\Response->setContent()
#11 /home/denish/Desktop/Workspace/Internal/dk/attexlaravel/vendor/laravel/framework/src/Illuminate/Routing/Router.php(905): Illuminate\\Http\\Response->__construct()
#12 /home/denish/Desktop/Workspace/Internal/dk/attexlaravel/vendor/laravel/framework/src/Illuminate/Routing/Router.php(874): Illuminate\\Routing\\Router::toResponse()
#13 /home/denish/Desktop/Workspace/Internal/dk/attexlaravel/vendor/laravel/framework/src/Illuminate/Routing/Router.php(797): Illuminate\\Routing\\Router->prepareResponse()
#14 /home/denish/Desktop/Workspace/Internal/dk/attexlaravel/vendor/laravel/framework/src/Illuminate/Pipeline/Pipeline.php(141): Illuminate\\Routing\\Router->Illuminate\\Routing\\{closure}()
#15 /home/denish/Desktop/Workspace/Internal/dk/attexlaravel/vendor/laravel/framework/src/Illuminate/Routing/Middleware/SubstituteBindings.php(50): Illuminate\\Pipeline\\Pipeline->Illuminate\\Pipeline\\{closure}()
#16 /home/denish/Desktop/Workspace/Internal/dk/attexlaravel/vendor/laravel/framework/src/Illuminate/Pipeline/Pipeline.php(180): Illuminate\\Routing\\Middleware\\SubstituteBindings->handle()
#17 /home/denish/Desktop/Workspace/Internal/dk/attexlaravel/vendor/laravel/framework/src/Illuminate/Auth/Middleware/Authenticate.php(57): Illuminate\\Pipeline\\Pipeline->Illuminate\\Pipeline\\{closure}()
#18 /home/denish/Desktop/Workspace/Internal/dk/attexlaravel/vendor/laravel/framework/src/Illuminate/Pipeline/Pipeline.php(180): Illuminate\\Auth\\Middleware\\Authenticate->handle()
#19 /home/denish/Desktop/Workspace/Internal/dk/attexlaravel/vendor/laravel/framework/src/Illuminate/Foundation/Http/Middleware/VerifyCsrfToken.php(78): Illuminate\\Pipeline\\Pipeline->Illuminate\\Pipeline\\{closure}()
#20 /home/denish/Desktop/Workspace/Internal/dk/attexlaravel/vendor/laravel/framework/src/Illuminate/Pipeline/Pipeline.php(180): Illuminate\\Foundation\\Http\\Middleware\\VerifyCsrfToken->handle()
#21 /home/denish/Desktop/Workspace/Internal/dk/attexlaravel/vendor/laravel/framework/src/Illuminate/View/Middleware/ShareErrorsFromSession.php(49): Illuminate\\Pipeline\\Pipeline->Illuminate\\Pipeline\\{closure}()
#22 /home/denish/Desktop/Workspace/Internal/dk/attexlaravel/vendor/laravel/framework/src/Illuminate/Pipeline/Pipeline.php(180): Illuminate\\View\\Middleware\\ShareErrorsFromSession->handle()
#23 /home/denish/Desktop/Workspace/Internal/dk/attexlaravel/vendor/laravel/framework/src/Illuminate/Session/Middleware/StartSession.php(121): Illuminate\\Pipeline\\Pipeline->Illuminate\\Pipeline\\{closure}()
#24 /home/denish/Desktop/Workspace/Internal/dk/attexlaravel/vendor/laravel/framework/src/Illuminate/Session/Middleware/StartSession.php(64): Illuminate\\Session\\Middleware\\StartSession->handleStatefulRequest()
#25 /home/denish/Desktop/Workspace/Internal/dk/attexlaravel/vendor/laravel/framework/src/Illuminate/Pipeline/Pipeline.php(180): Illuminate\\Session\\Middleware\\StartSession->handle()
#26 /home/denish/Desktop/Workspace/Internal/dk/attexlaravel/vendor/laravel/framework/src/Illuminate/Cookie/Middleware/AddQueuedCookiesToResponse.php(37): Illuminate\\Pipeline\\Pipeline->Illuminate\\Pipeline\\{closure}()
#27 /home/denish/Desktop/Workspace/Internal/dk/attexlaravel/vendor/laravel/framework/src/Illuminate/Pipeline/Pipeline.php(180): Illuminate\\Cookie\\Middleware\\AddQueuedCookiesToResponse->handle()
#28 /home/denish/Desktop/Workspace/Internal/dk/attexlaravel/vendor/laravel/framework/src/Illuminate/Cookie/Middleware/EncryptCookies.php(67): Illuminate\\Pipeline\\Pipeline->Illuminate\\Pipeline\\{closure}()
#29 /home/denish/Desktop/Workspace/Internal/dk/attexlaravel/vendor/laravel/framework/src/Illuminate/Pipeline/Pipeline.php(180): Illuminate\\Cookie\\Middleware\\EncryptCookies->handle()
#30 /home/denish/Desktop/Workspace/Internal/dk/attexlaravel/vendor/laravel/framework/src/Illuminate/Pipeline/Pipeline.php(116): Illuminate\\Pipeline\\Pipeline->Illuminate\\Pipeline\\{closure}()
#31 /home/denish/Desktop/Workspace/Internal/dk/attexlaravel/vendor/laravel/framework/src/Illuminate/Routing/Router.php(798): Illuminate\\Pipeline\\Pipeline->then()
#32 /home/denish/Desktop/Workspace/Internal/dk/attexlaravel/vendor/laravel/framework/src/Illuminate/Routing/Router.php(775): Illuminate\\Routing\\Router->runRouteWithinStack()
#33 /home/denish/Desktop/Workspace/Internal/dk/attexlaravel/vendor/laravel/framework/src/Illuminate/Routing/Router.php(739): Illuminate\\Routing\\Router->runRoute()
#34 /home/denish/Desktop/Workspace/Internal/dk/attexlaravel/vendor/laravel/framework/src/Illuminate/Routing/Router.php(728): Illuminate\\Routing\\Router->dispatchToRoute()
#35 /home/denish/Desktop/Workspace/Internal/dk/attexlaravel/vendor/laravel/framework/src/Illuminate/Foundation/Http/Kernel.php(200): Illuminate\\Routing\\Router->dispatch()
#36 /home/denish/Desktop/Workspace/Internal/dk/attexlaravel/vendor/laravel/framework/src/Illuminate/Pipeline/Pipeline.php(141): Illuminate\\Foundation\\Http\\Kernel->Illuminate\\Foundation\\Http\\{closure}()
#37 /home/denish/Desktop/Workspace/Internal/dk/attexlaravel/vendor/laravel/framework/src/Illuminate/Foundation/Http/Middleware/TransformsRequest.php(21): Illuminate\\Pipeline\\Pipeline->Illuminate\\Pipeline\\{closure}()
#38 /home/denish/Desktop/Workspace/Internal/dk/attexlaravel/vendor/laravel/framework/src/Illuminate/Foundation/Http/Middleware/ConvertEmptyStringsToNull.php(31): Illuminate\\Foundation\\Http\\Middleware\\TransformsRequest->handle()
#39 /home/denish/Desktop/Workspace/Internal/dk/attexlaravel/vendor/laravel/framework/src/Illuminate/Pipeline/Pipeline.php(180): Illuminate\\Foundation\\Http\\Middleware\\ConvertEmptyStringsToNull->handle()
#40 /home/denish/Desktop/Workspace/Internal/dk/attexlaravel/vendor/laravel/framework/src/Illuminate/Foundation/Http/Middleware/TransformsRequest.php(21): Illuminate\\Pipeline\\Pipeline->Illuminate\\Pipeline\\{closure}()
#41 /home/denish/Desktop/Workspace/Internal/dk/attexlaravel/vendor/laravel/framework/src/Illuminate/Foundation/Http/Middleware/TrimStrings.php(40): Illuminate\\Foundation\\Http\\Middleware\\TransformsRequest->handle()
#42 /home/denish/Desktop/Workspace/Internal/dk/attexlaravel/vendor/laravel/framework/src/Illuminate/Pipeline/Pipeline.php(180): Illuminate\\Foundation\\Http\\Middleware\\TrimStrings->handle()
#43 /home/denish/Desktop/Workspace/Internal/dk/attexlaravel/vendor/laravel/framework/src/Illuminate/Foundation/Http/Middleware/ValidatePostSize.php(27): Illuminate\\Pipeline\\Pipeline->Illuminate\\Pipeline\\{closure}()
#44 /home/denish/Desktop/Workspace/Internal/dk/attexlaravel/vendor/laravel/framework/src/Illuminate/Pipeline/Pipeline.php(180): Illuminate\\Foundation\\Http\\Middleware\\ValidatePostSize->handle()
#45 /home/denish/Desktop/Workspace/Internal/dk/attexlaravel/vendor/laravel/framework/src/Illuminate/Foundation/Http/Middleware/PreventRequestsDuringMaintenance.php(86): Illuminate\\Pipeline\\Pipeline->Illuminate\\Pipeline\\{closure}()
#46 /home/denish/Desktop/Workspace/Internal/dk/attexlaravel/vendor/laravel/framework/src/Illuminate/Pipeline/Pipeline.php(180): Illuminate\\Foundation\\Http\\Middleware\\PreventRequestsDuringMaintenance->handle()
#47 /home/denish/Desktop/Workspace/Internal/dk/attexlaravel/vendor/laravel/framework/src/Illuminate/Http/Middleware/HandleCors.php(49): Illuminate\\Pipeline\\Pipeline->Illuminate\\Pipeline\\{closure}()
#48 /home/denish/Desktop/Workspace/Internal/dk/attexlaravel/vendor/laravel/framework/src/Illuminate/Pipeline/Pipeline.php(180): Illuminate\\Http\\Middleware\\HandleCors->handle()
#49 /home/denish/Desktop/Workspace/Internal/dk/attexlaravel/vendor/laravel/framework/src/Illuminate/Http/Middleware/TrustProxies.php(39): Illuminate\\Pipeline\\Pipeline->Illuminate\\Pipeline\\{closure}()
#50 /home/denish/Desktop/Workspace/Internal/dk/attexlaravel/vendor/laravel/framework/src/Illuminate/Pipeline/Pipeline.php(180): Illuminate\\Http\\Middleware\\TrustProxies->handle()
#51 /home/denish/Desktop/Workspace/Internal/dk/attexlaravel/vendor/laravel/framework/src/Illuminate/Pipeline/Pipeline.php(116): Illuminate\\Pipeline\\Pipeline->Illuminate\\Pipeline\\{closure}()
#52 /home/denish/Desktop/Workspace/Internal/dk/attexlaravel/vendor/laravel/framework/src/Illuminate/Foundation/Http/Kernel.php(175): Illuminate\\Pipeline\\Pipeline->then()
#53 /home/denish/Desktop/Workspace/Internal/dk/attexlaravel/vendor/laravel/framework/src/Illuminate/Foundation/Http/Kernel.php(144): Illuminate\\Foundation\\Http\\Kernel->sendRequestThroughRouter()
#54 /home/denish/Desktop/Workspace/Internal/dk/attexlaravel/public/index.php(52): Illuminate\\Foundation\\Http\\Kernel->handle()
#55 /home/denish/Desktop/Workspace/Internal/dk/attexlaravel/vendor/laravel/framework/src/Illuminate/Foundation/resources/server.php(16): require_once('...')
#56 {main}

[previous exception] [object] (Exception(code: 0): Unable to locate file in Vite manifest: node_modules/daterangepicker/daterangepicker.css. at /home/denish/Desktop/Workspace/Internal/dk/attexlaravel/vendor/laravel/framework/src/Illuminate/Foundation/Vite.php:737)
[stacktrace]
#0 /home/denish/Desktop/Workspace/Internal/dk/attexlaravel/vendor/laravel/framework/src/Illuminate/Foundation/Vite.php(279): Illuminate\\Foundation\\Vite->chunk()
#1 /home/denish/Desktop/Workspace/Internal/dk/attexlaravel/storage/framework/views/99227b069eb3e0e687e161553c4d511f.php(2): Illuminate\\Foundation\\Vite->__invoke()
#2 /home/denish/Desktop/Workspace/Internal/dk/attexlaravel/vendor/laravel/framework/src/Illuminate/Filesystem/Filesystem.php(124): require('...')
#3 /home/denish/Desktop/Workspace/Internal/dk/attexlaravel/vendor/laravel/framework/src/Illuminate/Filesystem/Filesystem.php(125): Illuminate\\Filesystem\\Filesystem::Illuminate\\Filesystem\\{closure}()
#4 /home/denish/Desktop/Workspace/Internal/dk/attexlaravel/vendor/laravel/framework/src/Illuminate/View/Engines/PhpEngine.php(58): Illuminate\\Filesystem\\Filesystem->getRequire()
#5 /home/denish/Desktop/Workspace/Internal/dk/attexlaravel/vendor/laravel/framework/src/Illuminate/View/Engines/CompilerEngine.php(70): Illuminate\\View\\Engines\\PhpEngine->evaluatePath()
#6 /home/denish/Desktop/Workspace/Internal/dk/attexlaravel/vendor/laravel/framework/src/Illuminate/View/View.php(195): Illuminate\\View\\Engines\\CompilerEngine->get()
#7 /home/denish/Desktop/Workspace/Internal/dk/attexlaravel/vendor/laravel/framework/src/Illuminate/View/View.php(178): Illuminate\\View\\View->getContents()
#8 /home/denish/Desktop/Workspace/Internal/dk/attexlaravel/vendor/laravel/framework/src/Illuminate/View/View.php(147): Illuminate\\View\\View->renderContents()
#9 /home/denish/Desktop/Workspace/Internal/dk/attexlaravel/vendor/laravel/framework/src/Illuminate/Http/Response.php(69): Illuminate\\View\\View->render()
#10 /home/denish/Desktop/Workspace/Internal/dk/attexlaravel/vendor/laravel/framework/src/Illuminate/Http/Response.php(35): Illuminate\\Http\\Response->setContent()
#11 /home/denish/Desktop/Workspace/Internal/dk/attexlaravel/vendor/laravel/framework/src/Illuminate/Routing/Router.php(905): Illuminate\\Http\\Response->__construct()
#12 /home/denish/Desktop/Workspace/Internal/dk/attexlaravel/vendor/laravel/framework/src/Illuminate/Routing/Router.php(874): Illuminate\\Routing\\Router::toResponse()
#13 /home/denish/Desktop/Workspace/Internal/dk/attexlaravel/vendor/laravel/framework/src/Illuminate/Routing/Router.php(797): Illuminate\\Routing\\Router->prepareResponse()
#14 /home/denish/Desktop/Workspace/Internal/dk/attexlaravel/vendor/laravel/framework/src/Illuminate/Pipeline/Pipeline.php(141): Illuminate\\Routing\\Router->Illuminate\\Routing\\{closure}()
#15 /home/denish/Desktop/Workspace/Internal/dk/attexlaravel/vendor/laravel/framework/src/Illuminate/Routing/Middleware/SubstituteBindings.php(50): Illuminate\\Pipeline\\Pipeline->Illuminate\\Pipeline\\{closure}()
#16 /home/denish/Desktop/Workspace/Internal/dk/attexlaravel/vendor/laravel/framework/src/Illuminate/Pipeline/Pipeline.php(180): Illuminate\\Routing\\Middleware\\SubstituteBindings->handle()
#17 /home/denish/Desktop/Workspace/Internal/dk/attexlaravel/vendor/laravel/framework/src/Illuminate/Auth/Middleware/Authenticate.php(57): Illuminate\\Pipeline\\Pipeline->Illuminate\\Pipeline\\{closure}()
#18 /home/denish/Desktop/Workspace/Internal/dk/attexlaravel/vendor/laravel/framework/src/Illuminate/Pipeline/Pipeline.php(180): Illuminate\\Auth\\Middleware\\Authenticate->handle()
#19 /home/denish/Desktop/Workspace/Internal/dk/attexlaravel/vendor/laravel/framework/src/Illuminate/Foundation/Http/Middleware/VerifyCsrfToken.php(78): Illuminate\\Pipeline\\Pipeline->Illuminate\\Pipeline\\{closure}()
#20 /home/denish/Desktop/Workspace/Internal/dk/attexlaravel/vendor/laravel/framework/src/Illuminate/Pipeline/Pipeline.php(180): Illuminate\\Foundation\\Http\\Middleware\\VerifyCsrfToken->handle()
#21 /home/denish/Desktop/Workspace/Internal/dk/attexlaravel/vendor/laravel/framework/src/Illuminate/View/Middleware/ShareErrorsFromSession.php(49): Illuminate\\Pipeline\\Pipeline->Illuminate\\Pipeline\\{closure}()
#22 /home/denish/Desktop/Workspace/Internal/dk/attexlaravel/vendor/laravel/framework/src/Illuminate/Pipeline/Pipeline.php(180): Illuminate\\View\\Middleware\\ShareErrorsFromSession->handle()
#23 /home/denish/Desktop/Workspace/Internal/dk/attexlaravel/vendor/laravel/framework/src/Illuminate/Session/Middleware/StartSession.php(121): Illuminate\\Pipeline\\Pipeline->Illuminate\\Pipeline\\{closure}()
#24 /home/denish/Desktop/Workspace/Internal/dk/attexlaravel/vendor/laravel/framework/src/Illuminate/Session/Middleware/StartSession.php(64): Illuminate\\Session\\Middleware\\StartSession->handleStatefulRequest()
#25 /home/denish/Desktop/Workspace/Internal/dk/attexlaravel/vendor/laravel/framework/src/Illuminate/Pipeline/Pipeline.php(180): Illuminate\\Session\\Middleware\\StartSession->handle()
#26 /home/denish/Desktop/Workspace/Internal/dk/attexlaravel/vendor/laravel/framework/src/Illuminate/Cookie/Middleware/AddQueuedCookiesToResponse.php(37): Illuminate\\Pipeline\\Pipeline->Illuminate\\Pipeline\\{closure}()
#27 /home/denish/Desktop/Workspace/Internal/dk/attexlaravel/vendor/laravel/framework/src/Illuminate/Pipeline/Pipeline.php(180): Illuminate\\Cookie\\Middleware\\AddQueuedCookiesToResponse->handle()
#28 /home/denish/Desktop/Workspace/Internal/dk/attexlaravel/vendor/laravel/framework/src/Illuminate/Cookie/Middleware/EncryptCookies.php(67): Illuminate\\Pipeline\\Pipeline->Illuminate\\Pipeline\\{closure}()
#29 /home/denish/Desktop/Workspace/Internal/dk/attexlaravel/vendor/laravel/framework/src/Illuminate/Pipeline/Pipeline.php(180): Illuminate\\Cookie\\Middleware\\EncryptCookies->handle()
#30 /home/denish/Desktop/Workspace/Internal/dk/attexlaravel/vendor/laravel/framework/src/Illuminate/Pipeline/Pipeline.php(116): Illuminate\\Pipeline\\Pipeline->Illuminate\\Pipeline\\{closure}()
#31 /home/denish/Desktop/Workspace/Internal/dk/attexlaravel/vendor/laravel/framework/src/Illuminate/Routing/Router.php(798): Illuminate\\Pipeline\\Pipeline->then()
#32 /home/denish/Desktop/Workspace/Internal/dk/attexlaravel/vendor/laravel/framework/src/Illuminate/Routing/Router.php(775): Illuminate\\Routing\\Router->runRouteWithinStack()
#33 /home/denish/Desktop/Workspace/Internal/dk/attexlaravel/vendor/laravel/framework/src/Illuminate/Routing/Router.php(739): Illuminate\\Routing\\Router->runRoute()
#34 /home/denish/Desktop/Workspace/Internal/dk/attexlaravel/vendor/laravel/framework/src/Illuminate/Routing/Router.php(728): Illuminate\\Routing\\Router->dispatchToRoute()
#35 /home/denish/Desktop/Workspace/Internal/dk/attexlaravel/vendor/laravel/framework/src/Illuminate/Foundation/Http/Kernel.php(200): Illuminate\\Routing\\Router->dispatch()
#36 /home/denish/Desktop/Workspace/Internal/dk/attexlaravel/vendor/laravel/framework/src/Illuminate/Pipeline/Pipeline.php(141): Illuminate\\Foundation\\Http\\Kernel->Illuminate\\Foundation\\Http\\{closure}()
#37 /home/denish/Desktop/Workspace/Internal/dk/attexlaravel/vendor/laravel/framework/src/Illuminate/Foundation/Http/Middleware/TransformsRequest.php(21): Illuminate\\Pipeline\\Pipeline->Illuminate\\Pipeline\\{closure}()
#38 /home/denish/Desktop/Workspace/Internal/dk/attexlaravel/vendor/laravel/framework/src/Illuminate/Foundation/Http/Middleware/ConvertEmptyStringsToNull.php(31): Illuminate\\Foundation\\Http\\Middleware\\TransformsRequest->handle()
#39 /home/denish/Desktop/Workspace/Internal/dk/attexlaravel/vendor/laravel/framework/src/Illuminate/Pipeline/Pipeline.php(180): Illuminate\\Foundation\\Http\\Middleware\\ConvertEmptyStringsToNull->handle()
#40 /home/denish/Desktop/Workspace/Internal/dk/attexlaravel/vendor/laravel/framework/src/Illuminate/Foundation/Http/Middleware/TransformsRequest.php(21): Illuminate\\Pipeline\\Pipeline->Illuminate\\Pipeline\\{closure}()
#41 /home/denish/Desktop/Workspace/Internal/dk/attexlaravel/vendor/laravel/framework/src/Illuminate/Foundation/Http/Middleware/TrimStrings.php(40): Illuminate\\Foundation\\Http\\Middleware\\TransformsRequest->handle()
#42 /home/denish/Desktop/Workspace/Internal/dk/attexlaravel/vendor/laravel/framework/src/Illuminate/Pipeline/Pipeline.php(180): Illuminate\\Foundation\\Http\\Middleware\\TrimStrings->handle()
#43 /home/denish/Desktop/Workspace/Internal/dk/attexlaravel/vendor/laravel/framework/src/Illuminate/Foundation/Http/Middleware/ValidatePostSize.php(27): Illuminate\\Pipeline\\Pipeline->Illuminate\\Pipeline\\{closure}()
#44 /home/denish/Desktop/Workspace/Internal/dk/attexlaravel/vendor/laravel/framework/src/Illuminate/Pipeline/Pipeline.php(180): Illuminate\\Foundation\\Http\\Middleware\\ValidatePostSize->handle()
#45 /home/denish/Desktop/Workspace/Internal/dk/attexlaravel/vendor/laravel/framework/src/Illuminate/Foundation/Http/Middleware/PreventRequestsDuringMaintenance.php(86): Illuminate\\Pipeline\\Pipeline->Illuminate\\Pipeline\\{closure}()
#46 /home/denish/Desktop/Workspace/Internal/dk/attexlaravel/vendor/laravel/framework/src/Illuminate/Pipeline/Pipeline.php(180): Illuminate\\Foundation\\Http\\Middleware\\PreventRequestsDuringMaintenance->handle()
#47 /home/denish/Desktop/Workspace/Internal/dk/attexlaravel/vendor/laravel/framework/src/Illuminate/Http/Middleware/HandleCors.php(49): Illuminate\\Pipeline\\Pipeline->Illuminate\\Pipeline\\{closure}()
#48 /home/denish/Desktop/Workspace/Internal/dk/attexlaravel/vendor/laravel/framework/src/Illuminate/Pipeline/Pipeline.php(180): Illuminate\\Http\\Middleware\\HandleCors->handle()
#49 /home/denish/Desktop/Workspace/Internal/dk/attexlaravel/vendor/laravel/framework/src/Illuminate/Http/Middleware/TrustProxies.php(39): Illuminate\\Pipeline\\Pipeline->Illuminate\\Pipeline\\{closure}()
#50 /home/denish/Desktop/Workspace/Internal/dk/attexlaravel/vendor/laravel/framework/src/Illuminate/Pipeline/Pipeline.php(180): Illuminate\\Http\\Middleware\\TrustProxies->handle()
#51 /home/denish/Desktop/Workspace/Internal/dk/attexlaravel/vendor/laravel/framework/src/Illuminate/Pipeline/Pipeline.php(116): Illuminate\\Pipeline\\Pipeline->Illuminate\\Pipeline\\{closure}()
#52 /home/denish/Desktop/Workspace/Internal/dk/attexlaravel/vendor/laravel/framework/src/Illuminate/Foundation/Http/Kernel.php(175): Illuminate\\Pipeline\\Pipeline->then()
#53 /home/denish/Desktop/Workspace/Internal/dk/attexlaravel/vendor/laravel/framework/src/Illuminate/Foundation/Http/Kernel.php(144): Illuminate\\Foundation\\Http\\Kernel->sendRequestThroughRouter()
#54 /home/denish/Desktop/Workspace/Internal/dk/attexlaravel/public/index.php(52): Illuminate\\Foundation\\Http\\Kernel->handle()
#55 /home/denish/Desktop/Workspace/Internal/dk/attexlaravel/vendor/laravel/framework/src/Illuminate/Foundation/resources/server.php(16): require_once('...')
#56 {main}
"} 
[2023-06-17 06:53:12] local.ERROR: Command "db:seeds" is not defined.

Did you mean one of these?
    db
    db:monitor
    db:seed
    db:show
    db:table
    db:wipe {"exception":"[object] (Symfony\\Component\\Console\\Exception\\CommandNotFoundException(code: 0): Command \"db:seeds\" is not defined.

Did you mean one of these?
    db
    db:monitor
    db:seed
    db:show
    db:table
    db:wipe at /home/denish/Desktop/Temp/9/Attex_Laravel_v1.0.0/Admin/vendor/symfony/console/Application.php:702)
[stacktrace]
#0 /home/denish/Desktop/Temp/9/Attex_Laravel_v1.0.0/Admin/vendor/symfony/console/Application.php(256): Symfony\\Component\\Console\\Application->find()
#1 /home/denish/Desktop/Temp/9/Attex_Laravel_v1.0.0/Admin/vendor/symfony/console/Application.php(168): Symfony\\Component\\Console\\Application->doRun()
#2 /home/denish/Desktop/Temp/9/Attex_Laravel_v1.0.0/Admin/vendor/laravel/framework/src/Illuminate/Foundation/Console/Kernel.php(200): Symfony\\Component\\Console\\Application->run()
#3 /home/denish/Desktop/Temp/9/Attex_Laravel_v1.0.0/Admin/artisan(37): Illuminate\\Foundation\\Console\\Kernel->handle()
#4 {main}
"} 
[2023-06-17 06:55:59] local.ERROR: htmlspecialchars(): Argument #1 ($string) must be of type string, Illuminate\Session\SessionManager given {"view":{"view":"/home/denish/Desktop/Temp/9/Attex_Laravel_v1.0.0/Admin/resources/views/auth/login.blade.php","data":[]},"exception":"[object] (Spatie\\LaravelIgnition\\Exceptions\\ViewException(code: 0): htmlspecialchars(): Argument #1 ($string) must be of type string, Illuminate\\Session\\SessionManager given at /home/denish/Desktop/Temp/9/Attex_Laravel_v1.0.0/Admin/vendor/laravel/framework/src/Illuminate/Support/helpers.php:124)
[stacktrace]
#0 /home/denish/Desktop/Temp/9/Attex_Laravel_v1.0.0/Admin/vendor/laravel/framework/src/Illuminate/Support/helpers.php(124): htmlspecialchars()
#1 /home/denish/Desktop/Temp/9/Attex_Laravel_v1.0.0/Admin/resources/views/auth/login.blade.php(199): e()
#2 /home/denish/Desktop/Temp/9/Attex_Laravel_v1.0.0/Admin/vendor/laravel/framework/src/Illuminate/Filesystem/Filesystem.php(124): require('...')
#3 /home/denish/Desktop/Temp/9/Attex_Laravel_v1.0.0/Admin/vendor/laravel/framework/src/Illuminate/Filesystem/Filesystem.php(125): Illuminate\\Filesystem\\Filesystem::Illuminate\\Filesystem\\{closure}()
#4 /home/denish/Desktop/Temp/9/Attex_Laravel_v1.0.0/Admin/vendor/laravel/framework/src/Illuminate/View/Engines/PhpEngine.php(58): Illuminate\\Filesystem\\Filesystem->getRequire()
#5 /home/denish/Desktop/Temp/9/Attex_Laravel_v1.0.0/Admin/vendor/laravel/framework/src/Illuminate/View/Engines/CompilerEngine.php(70): Illuminate\\View\\Engines\\PhpEngine->evaluatePath()
#6 /home/denish/Desktop/Temp/9/Attex_Laravel_v1.0.0/Admin/vendor/laravel/framework/src/Illuminate/View/View.php(195): Illuminate\\View\\Engines\\CompilerEngine->get()
#7 /home/denish/Desktop/Temp/9/Attex_Laravel_v1.0.0/Admin/vendor/laravel/framework/src/Illuminate/View/View.php(178): Illuminate\\View\\View->getContents()
#8 /home/denish/Desktop/Temp/9/Attex_Laravel_v1.0.0/Admin/vendor/laravel/framework/src/Illuminate/View/View.php(147): Illuminate\\View\\View->renderContents()
#9 /home/denish/Desktop/Temp/9/Attex_Laravel_v1.0.0/Admin/vendor/laravel/framework/src/Illuminate/Http/Response.php(69): Illuminate\\View\\View->render()
#10 /home/denish/Desktop/Temp/9/Attex_Laravel_v1.0.0/Admin/vendor/laravel/framework/src/Illuminate/Http/Response.php(35): Illuminate\\Http\\Response->setContent()
#11 /home/denish/Desktop/Temp/9/Attex_Laravel_v1.0.0/Admin/vendor/laravel/framework/src/Illuminate/Routing/Router.php(905): Illuminate\\Http\\Response->__construct()
#12 /home/denish/Desktop/Temp/9/Attex_Laravel_v1.0.0/Admin/vendor/laravel/framework/src/Illuminate/Routing/Router.php(874): Illuminate\\Routing\\Router::toResponse()
#13 /home/denish/Desktop/Temp/9/Attex_Laravel_v1.0.0/Admin/vendor/laravel/framework/src/Illuminate/Routing/Router.php(797): Illuminate\\Routing\\Router->prepareResponse()
#14 /home/denish/Desktop/Temp/9/Attex_Laravel_v1.0.0/Admin/vendor/laravel/framework/src/Illuminate/Pipeline/Pipeline.php(141): Illuminate\\Routing\\Router->Illuminate\\Routing\\{closure}()
#15 /home/denish/Desktop/Temp/9/Attex_Laravel_v1.0.0/Admin/app/Http/Middleware/RedirectIfAuthenticated.php(30): Illuminate\\Pipeline\\Pipeline->Illuminate\\Pipeline\\{closure}()
#16 /home/denish/Desktop/Temp/9/Attex_Laravel_v1.0.0/Admin/vendor/laravel/framework/src/Illuminate/Pipeline/Pipeline.php(180): App\\Http\\Middleware\\RedirectIfAuthenticated->handle()
#17 /home/denish/Desktop/Temp/9/Attex_Laravel_v1.0.0/Admin/vendor/laravel/framework/src/Illuminate/Routing/Middleware/SubstituteBindings.php(50): Illuminate\\Pipeline\\Pipeline->Illuminate\\Pipeline\\{closure}()
#18 /home/denish/Desktop/Temp/9/Attex_Laravel_v1.0.0/Admin/vendor/laravel/framework/src/Illuminate/Pipeline/Pipeline.php(180): Illuminate\\Routing\\Middleware\\SubstituteBindings->handle()
#19 /home/denish/Desktop/Temp/9/Attex_Laravel_v1.0.0/Admin/vendor/laravel/framework/src/Illuminate/Foundation/Http/Middleware/VerifyCsrfToken.php(78): Illuminate\\Pipeline\\Pipeline->Illuminate\\Pipeline\\{closure}()
#20 /home/denish/Desktop/Temp/9/Attex_Laravel_v1.0.0/Admin/vendor/laravel/framework/src/Illuminate/Pipeline/Pipeline.php(180): Illuminate\\Foundation\\Http\\Middleware\\VerifyCsrfToken->handle()
#21 /home/denish/Desktop/Temp/9/Attex_Laravel_v1.0.0/Admin/vendor/laravel/framework/src/Illuminate/View/Middleware/ShareErrorsFromSession.php(49): Illuminate\\Pipeline\\Pipeline->Illuminate\\Pipeline\\{closure}()
#22 /home/denish/Desktop/Temp/9/Attex_Laravel_v1.0.0/Admin/vendor/laravel/framework/src/Illuminate/Pipeline/Pipeline.php(180): Illuminate\\View\\Middleware\\ShareErrorsFromSession->handle()
#23 /home/denish/Desktop/Temp/9/Attex_Laravel_v1.0.0/Admin/vendor/laravel/framework/src/Illuminate/Session/Middleware/StartSession.php(121): Illuminate\\Pipeline\\Pipeline->Illuminate\\Pipeline\\{closure}()
#24 /home/denish/Desktop/Temp/9/Attex_Laravel_v1.0.0/Admin/vendor/laravel/framework/src/Illuminate/Session/Middleware/StartSession.php(64): Illuminate\\Session\\Middleware\\StartSession->handleStatefulRequest()
#25 /home/denish/Desktop/Temp/9/Attex_Laravel_v1.0.0/Admin/vendor/laravel/framework/src/Illuminate/Pipeline/Pipeline.php(180): Illuminate\\Session\\Middleware\\StartSession->handle()
#26 /home/denish/Desktop/Temp/9/Attex_Laravel_v1.0.0/Admin/vendor/laravel/framework/src/Illuminate/Cookie/Middleware/AddQueuedCookiesToResponse.php(37): Illuminate\\Pipeline\\Pipeline->Illuminate\\Pipeline\\{closure}()
#27 /home/denish/Desktop/Temp/9/Attex_Laravel_v1.0.0/Admin/vendor/laravel/framework/src/Illuminate/Pipeline/Pipeline.php(180): Illuminate\\Cookie\\Middleware\\AddQueuedCookiesToResponse->handle()
#28 /home/denish/Desktop/Temp/9/Attex_Laravel_v1.0.0/Admin/vendor/laravel/framework/src/Illuminate/Cookie/Middleware/EncryptCookies.php(67): Illuminate\\Pipeline\\Pipeline->Illuminate\\Pipeline\\{closure}()
#29 /home/denish/Desktop/Temp/9/Attex_Laravel_v1.0.0/Admin/vendor/laravel/framework/src/Illuminate/Pipeline/Pipeline.php(180): Illuminate\\Cookie\\Middleware\\EncryptCookies->handle()
#30 /home/denish/Desktop/Temp/9/Attex_Laravel_v1.0.0/Admin/vendor/laravel/framework/src/Illuminate/Pipeline/Pipeline.php(116): Illuminate\\Pipeline\\Pipeline->Illuminate\\Pipeline\\{closure}()
#31 /home/denish/Desktop/Temp/9/Attex_Laravel_v1.0.0/Admin/vendor/laravel/framework/src/Illuminate/Routing/Router.php(798): Illuminate\\Pipeline\\Pipeline->then()
#32 /home/denish/Desktop/Temp/9/Attex_Laravel_v1.0.0/Admin/vendor/laravel/framework/src/Illuminate/Routing/Router.php(775): Illuminate\\Routing\\Router->runRouteWithinStack()
#33 /home/denish/Desktop/Temp/9/Attex_Laravel_v1.0.0/Admin/vendor/laravel/framework/src/Illuminate/Routing/Router.php(739): Illuminate\\Routing\\Router->runRoute()
#34 /home/denish/Desktop/Temp/9/Attex_Laravel_v1.0.0/Admin/vendor/laravel/framework/src/Illuminate/Routing/Router.php(728): Illuminate\\Routing\\Router->dispatchToRoute()
#35 /home/denish/Desktop/Temp/9/Attex_Laravel_v1.0.0/Admin/vendor/laravel/framework/src/Illuminate/Foundation/Http/Kernel.php(200): Illuminate\\Routing\\Router->dispatch()
#36 /home/denish/Desktop/Temp/9/Attex_Laravel_v1.0.0/Admin/vendor/laravel/framework/src/Illuminate/Pipeline/Pipeline.php(141): Illuminate\\Foundation\\Http\\Kernel->Illuminate\\Foundation\\Http\\{closure}()
#37 /home/denish/Desktop/Temp/9/Attex_Laravel_v1.0.0/Admin/vendor/laravel/framework/src/Illuminate/Foundation/Http/Middleware/TransformsRequest.php(21): Illuminate\\Pipeline\\Pipeline->Illuminate\\Pipeline\\{closure}()
#38 /home/denish/Desktop/Temp/9/Attex_Laravel_v1.0.0/Admin/vendor/laravel/framework/src/Illuminate/Foundation/Http/Middleware/ConvertEmptyStringsToNull.php(31): Illuminate\\Foundation\\Http\\Middleware\\TransformsRequest->handle()
#39 /home/denish/Desktop/Temp/9/Attex_Laravel_v1.0.0/Admin/vendor/laravel/framework/src/Illuminate/Pipeline/Pipeline.php(180): Illuminate\\Foundation\\Http\\Middleware\\ConvertEmptyStringsToNull->handle()
#40 /home/denish/Desktop/Temp/9/Attex_Laravel_v1.0.0/Admin/vendor/laravel/framework/src/Illuminate/Foundation/Http/Middleware/TransformsRequest.php(21): Illuminate\\Pipeline\\Pipeline->Illuminate\\Pipeline\\{closure}()
#41 /home/denish/Desktop/Temp/9/Attex_Laravel_v1.0.0/Admin/vendor/laravel/framework/src/Illuminate/Foundation/Http/Middleware/TrimStrings.php(40): Illuminate\\Foundation\\Http\\Middleware\\TransformsRequest->handle()
#42 /home/denish/Desktop/Temp/9/Attex_Laravel_v1.0.0/Admin/vendor/laravel/framework/src/Illuminate/Pipeline/Pipeline.php(180): Illuminate\\Foundation\\Http\\Middleware\\TrimStrings->handle()
#43 /home/denish/Desktop/Temp/9/Attex_Laravel_v1.0.0/Admin/vendor/laravel/framework/src/Illuminate/Foundation/Http/Middleware/ValidatePostSize.php(27): Illuminate\\Pipeline\\Pipeline->Illuminate\\Pipeline\\{closure}()
#44 /home/denish/Desktop/Temp/9/Attex_Laravel_v1.0.0/Admin/vendor/laravel/framework/src/Illuminate/Pipeline/Pipeline.php(180): Illuminate\\Foundation\\Http\\Middleware\\ValidatePostSize->handle()
#45 /home/denish/Desktop/Temp/9/Attex_Laravel_v1.0.0/Admin/vendor/laravel/framework/src/Illuminate/Foundation/Http/Middleware/PreventRequestsDuringMaintenance.php(86): Illuminate\\Pipeline\\Pipeline->Illuminate\\Pipeline\\{closure}()
#46 /home/denish/Desktop/Temp/9/Attex_Laravel_v1.0.0/Admin/vendor/laravel/framework/src/Illuminate/Pipeline/Pipeline.php(180): Illuminate\\Foundation\\Http\\Middleware\\PreventRequestsDuringMaintenance->handle()
#47 /home/denish/Desktop/Temp/9/Attex_Laravel_v1.0.0/Admin/vendor/laravel/framework/src/Illuminate/Http/Middleware/HandleCors.php(49): Illuminate\\Pipeline\\Pipeline->Illuminate\\Pipeline\\{closure}()
#48 /home/denish/Desktop/Temp/9/Attex_Laravel_v1.0.0/Admin/vendor/laravel/framework/src/Illuminate/Pipeline/Pipeline.php(180): Illuminate\\Http\\Middleware\\HandleCors->handle()
#49 /home/denish/Desktop/Temp/9/Attex_Laravel_v1.0.0/Admin/vendor/laravel/framework/src/Illuminate/Http/Middleware/TrustProxies.php(39): Illuminate\\Pipeline\\Pipeline->Illuminate\\Pipeline\\{closure}()
#50 /home/denish/Desktop/Temp/9/Attex_Laravel_v1.0.0/Admin/vendor/laravel/framework/src/Illuminate/Pipeline/Pipeline.php(180): Illuminate\\Http\\Middleware\\TrustProxies->handle()
#51 /home/denish/Desktop/Temp/9/Attex_Laravel_v1.0.0/Admin/vendor/laravel/framework/src/Illuminate/Pipeline/Pipeline.php(116): Illuminate\\Pipeline\\Pipeline->Illuminate\\Pipeline\\{closure}()
#52 /home/denish/Desktop/Temp/9/Attex_Laravel_v1.0.0/Admin/vendor/laravel/framework/src/Illuminate/Foundation/Http/Kernel.php(175): Illuminate\\Pipeline\\Pipeline->then()
#53 /home/denish/Desktop/Temp/9/Attex_Laravel_v1.0.0/Admin/vendor/laravel/framework/src/Illuminate/Foundation/Http/Kernel.php(144): Illuminate\\Foundation\\Http\\Kernel->sendRequestThroughRouter()
#54 /home/denish/Desktop/Temp/9/Attex_Laravel_v1.0.0/Admin/public/index.php(52): Illuminate\\Foundation\\Http\\Kernel->handle()
#55 /home/denish/Desktop/Temp/9/Attex_Laravel_v1.0.0/Admin/vendor/laravel/framework/src/Illuminate/Foundation/resources/server.php(16): require_once('...')
#56 {main}

[previous exception] [object] (TypeError(code: 0): htmlspecialchars(): Argument #1 ($string) must be of type string, Illuminate\\Session\\SessionManager given at /home/denish/Desktop/Temp/9/Attex_Laravel_v1.0.0/Admin/vendor/laravel/framework/src/Illuminate/Support/helpers.php:124)
[stacktrace]
#0 /home/denish/Desktop/Temp/9/Attex_Laravel_v1.0.0/Admin/vendor/laravel/framework/src/Illuminate/Support/helpers.php(124): htmlspecialchars()
#1 /home/denish/Desktop/Temp/9/Attex_Laravel_v1.0.0/Admin/storage/framework/views/5a0ad3e6fb9cfba49a58e3416fdb38fd.php(199): e()
#2 /home/denish/Desktop/Temp/9/Attex_Laravel_v1.0.0/Admin/vendor/laravel/framework/src/Illuminate/Filesystem/Filesystem.php(124): require('...')
#3 /home/denish/Desktop/Temp/9/Attex_Laravel_v1.0.0/Admin/vendor/laravel/framework/src/Illuminate/Filesystem/Filesystem.php(125): Illuminate\\Filesystem\\Filesystem::Illuminate\\Filesystem\\{closure}()
#4 /home/denish/Desktop/Temp/9/Attex_Laravel_v1.0.0/Admin/vendor/laravel/framework/src/Illuminate/View/Engines/PhpEngine.php(58): Illuminate\\Filesystem\\Filesystem->getRequire()
#5 /home/denish/Desktop/Temp/9/Attex_Laravel_v1.0.0/Admin/vendor/laravel/framework/src/Illuminate/View/Engines/CompilerEngine.php(70): Illuminate\\View\\Engines\\PhpEngine->evaluatePath()
#6 /home/denish/Desktop/Temp/9/Attex_Laravel_v1.0.0/Admin/vendor/laravel/framework/src/Illuminate/View/View.php(195): Illuminate\\View\\Engines\\CompilerEngine->get()
#7 /home/denish/Desktop/Temp/9/Attex_Laravel_v1.0.0/Admin/vendor/laravel/framework/src/Illuminate/View/View.php(178): Illuminate\\View\\View->getContents()
#8 /home/denish/Desktop/Temp/9/Attex_Laravel_v1.0.0/Admin/vendor/laravel/framework/src/Illuminate/View/View.php(147): Illuminate\\View\\View->renderContents()
#9 /home/denish/Desktop/Temp/9/Attex_Laravel_v1.0.0/Admin/vendor/laravel/framework/src/Illuminate/Http/Response.php(69): Illuminate\\View\\View->render()
#10 /home/denish/Desktop/Temp/9/Attex_Laravel_v1.0.0/Admin/vendor/laravel/framework/src/Illuminate/Http/Response.php(35): Illuminate\\Http\\Response->setContent()
#11 /home/denish/Desktop/Temp/9/Attex_Laravel_v1.0.0/Admin/vendor/laravel/framework/src/Illuminate/Routing/Router.php(905): Illuminate\\Http\\Response->__construct()
#12 /home/denish/Desktop/Temp/9/Attex_Laravel_v1.0.0/Admin/vendor/laravel/framework/src/Illuminate/Routing/Router.php(874): Illuminate\\Routing\\Router::toResponse()
#13 /home/denish/Desktop/Temp/9/Attex_Laravel_v1.0.0/Admin/vendor/laravel/framework/src/Illuminate/Routing/Router.php(797): Illuminate\\Routing\\Router->prepareResponse()
#14 /home/denish/Desktop/Temp/9/Attex_Laravel_v1.0.0/Admin/vendor/laravel/framework/src/Illuminate/Pipeline/Pipeline.php(141): Illuminate\\Routing\\Router->Illuminate\\Routing\\{closure}()
#15 /home/denish/Desktop/Temp/9/Attex_Laravel_v1.0.0/Admin/app/Http/Middleware/RedirectIfAuthenticated.php(30): Illuminate\\Pipeline\\Pipeline->Illuminate\\Pipeline\\{closure}()
#16 /home/denish/Desktop/Temp/9/Attex_Laravel_v1.0.0/Admin/vendor/laravel/framework/src/Illuminate/Pipeline/Pipeline.php(180): App\\Http\\Middleware\\RedirectIfAuthenticated->handle()
#17 /home/denish/Desktop/Temp/9/Attex_Laravel_v1.0.0/Admin/vendor/laravel/framework/src/Illuminate/Routing/Middleware/SubstituteBindings.php(50): Illuminate\\Pipeline\\Pipeline->Illuminate\\Pipeline\\{closure}()
#18 /home/denish/Desktop/Temp/9/Attex_Laravel_v1.0.0/Admin/vendor/laravel/framework/src/Illuminate/Pipeline/Pipeline.php(180): Illuminate\\Routing\\Middleware\\SubstituteBindings->handle()
#19 /home/denish/Desktop/Temp/9/Attex_Laravel_v1.0.0/Admin/vendor/laravel/framework/src/Illuminate/Foundation/Http/Middleware/VerifyCsrfToken.php(78): Illuminate\\Pipeline\\Pipeline->Illuminate\\Pipeline\\{closure}()
#20 /home/denish/Desktop/Temp/9/Attex_Laravel_v1.0.0/Admin/vendor/laravel/framework/src/Illuminate/Pipeline/Pipeline.php(180): Illuminate\\Foundation\\Http\\Middleware\\VerifyCsrfToken->handle()
#21 /home/denish/Desktop/Temp/9/Attex_Laravel_v1.0.0/Admin/vendor/laravel/framework/src/Illuminate/View/Middleware/ShareErrorsFromSession.php(49): Illuminate\\Pipeline\\Pipeline->Illuminate\\Pipeline\\{closure}()
#22 /home/denish/Desktop/Temp/9/Attex_Laravel_v1.0.0/Admin/vendor/laravel/framework/src/Illuminate/Pipeline/Pipeline.php(180): Illuminate\\View\\Middleware\\ShareErrorsFromSession->handle()
#23 /home/denish/Desktop/Temp/9/Attex_Laravel_v1.0.0/Admin/vendor/laravel/framework/src/Illuminate/Session/Middleware/StartSession.php(121): Illuminate\\Pipeline\\Pipeline->Illuminate\\Pipeline\\{closure}()
#24 /home/denish/Desktop/Temp/9/Attex_Laravel_v1.0.0/Admin/vendor/laravel/framework/src/Illuminate/Session/Middleware/StartSession.php(64): Illuminate\\Session\\Middleware\\StartSession->handleStatefulRequest()
#25 /home/denish/Desktop/Temp/9/Attex_Laravel_v1.0.0/Admin/vendor/laravel/framework/src/Illuminate/Pipeline/Pipeline.php(180): Illuminate\\Session\\Middleware\\StartSession->handle()
#26 /home/denish/Desktop/Temp/9/Attex_Laravel_v1.0.0/Admin/vendor/laravel/framework/src/Illuminate/Cookie/Middleware/AddQueuedCookiesToResponse.php(37): Illuminate\\Pipeline\\Pipeline->Illuminate\\Pipeline\\{closure}()
#27 /home/denish/Desktop/Temp/9/Attex_Laravel_v1.0.0/Admin/vendor/laravel/framework/src/Illuminate/Pipeline/Pipeline.php(180): Illuminate\\Cookie\\Middleware\\AddQueuedCookiesToResponse->handle()
#28 /home/denish/Desktop/Temp/9/Attex_Laravel_v1.0.0/Admin/vendor/laravel/framework/src/Illuminate/Cookie/Middleware/EncryptCookies.php(67): Illuminate\\Pipeline\\Pipeline->Illuminate\\Pipeline\\{closure}()
#29 /home/denish/Desktop/Temp/9/Attex_Laravel_v1.0.0/Admin/vendor/laravel/framework/src/Illuminate/Pipeline/Pipeline.php(180): Illuminate\\Cookie\\Middleware\\EncryptCookies->handle()
#30 /home/denish/Desktop/Temp/9/Attex_Laravel_v1.0.0/Admin/vendor/laravel/framework/src/Illuminate/Pipeline/Pipeline.php(116): Illuminate\\Pipeline\\Pipeline->Illuminate\\Pipeline\\{closure}()
#31 /home/denish/Desktop/Temp/9/Attex_Laravel_v1.0.0/Admin/vendor/laravel/framework/src/Illuminate/Routing/Router.php(798): Illuminate\\Pipeline\\Pipeline->then()
#32 /home/denish/Desktop/Temp/9/Attex_Laravel_v1.0.0/Admin/vendor/laravel/framework/src/Illuminate/Routing/Router.php(775): Illuminate\\Routing\\Router->runRouteWithinStack()
#33 /home/denish/Desktop/Temp/9/Attex_Laravel_v1.0.0/Admin/vendor/laravel/framework/src/Illuminate/Routing/Router.php(739): Illuminate\\Routing\\Router->runRoute()
#34 /home/denish/Desktop/Temp/9/Attex_Laravel_v1.0.0/Admin/vendor/laravel/framework/src/Illuminate/Routing/Router.php(728): Illuminate\\Routing\\Router->dispatchToRoute()
#35 /home/denish/Desktop/Temp/9/Attex_Laravel_v1.0.0/Admin/vendor/laravel/framework/src/Illuminate/Foundation/Http/Kernel.php(200): Illuminate\\Routing\\Router->dispatch()
#36 /home/denish/Desktop/Temp/9/Attex_Laravel_v1.0.0/Admin/vendor/laravel/framework/src/Illuminate/Pipeline/Pipeline.php(141): Illuminate\\Foundation\\Http\\Kernel->Illuminate\\Foundation\\Http\\{closure}()
#37 /home/denish/Desktop/Temp/9/Attex_Laravel_v1.0.0/Admin/vendor/laravel/framework/src/Illuminate/Foundation/Http/Middleware/TransformsRequest.php(21): Illuminate\\Pipeline\\Pipeline->Illuminate\\Pipeline\\{closure}()
#38 /home/denish/Desktop/Temp/9/Attex_Laravel_v1.0.0/Admin/vendor/laravel/framework/src/Illuminate/Foundation/Http/Middleware/ConvertEmptyStringsToNull.php(31): Illuminate\\Foundation\\Http\\Middleware\\TransformsRequest->handle()
#39 /home/denish/Desktop/Temp/9/Attex_Laravel_v1.0.0/Admin/vendor/laravel/framework/src/Illuminate/Pipeline/Pipeline.php(180): Illuminate\\Foundation\\Http\\Middleware\\ConvertEmptyStringsToNull->handle()
#40 /home/denish/Desktop/Temp/9/Attex_Laravel_v1.0.0/Admin/vendor/laravel/framework/src/Illuminate/Foundation/Http/Middleware/TransformsRequest.php(21): Illuminate\\Pipeline\\Pipeline->Illuminate\\Pipeline\\{closure}()
#41 /home/denish/Desktop/Temp/9/Attex_Laravel_v1.0.0/Admin/vendor/laravel/framework/src/Illuminate/Foundation/Http/Middleware/TrimStrings.php(40): Illuminate\\Foundation\\Http\\Middleware\\TransformsRequest->handle()
#42 /home/denish/Desktop/Temp/9/Attex_Laravel_v1.0.0/Admin/vendor/laravel/framework/src/Illuminate/Pipeline/Pipeline.php(180): Illuminate\\Foundation\\Http\\Middleware\\TrimStrings->handle()
#43 /home/denish/Desktop/Temp/9/Attex_Laravel_v1.0.0/Admin/vendor/laravel/framework/src/Illuminate/Foundation/Http/Middleware/ValidatePostSize.php(27): Illuminate\\Pipeline\\Pipeline->Illuminate\\Pipeline\\{closure}()
#44 /home/denish/Desktop/Temp/9/Attex_Laravel_v1.0.0/Admin/vendor/laravel/framework/src/Illuminate/Pipeline/Pipeline.php(180): Illuminate\\Foundation\\Http\\Middleware\\ValidatePostSize->handle()
#45 /home/denish/Desktop/Temp/9/Attex_Laravel_v1.0.0/Admin/vendor/laravel/framework/src/Illuminate/Foundation/Http/Middleware/PreventRequestsDuringMaintenance.php(86): Illuminate\\Pipeline\\Pipeline->Illuminate\\Pipeline\\{closure}()
#46 /home/denish/Desktop/Temp/9/Attex_Laravel_v1.0.0/Admin/vendor/laravel/framework/src/Illuminate/Pipeline/Pipeline.php(180): Illuminate\\Foundation\\Http\\Middleware\\PreventRequestsDuringMaintenance->handle()
#47 /home/denish/Desktop/Temp/9/Attex_Laravel_v1.0.0/Admin/vendor/laravel/framework/src/Illuminate/Http/Middleware/HandleCors.php(49): Illuminate\\Pipeline\\Pipeline->Illuminate\\Pipeline\\{closure}()
#48 /home/denish/Desktop/Temp/9/Attex_Laravel_v1.0.0/Admin/vendor/laravel/framework/src/Illuminate/Pipeline/Pipeline.php(180): Illuminate\\Http\\Middleware\\HandleCors->handle()
#49 /home/denish/Desktop/Temp/9/Attex_Laravel_v1.0.0/Admin/vendor/laravel/framework/src/Illuminate/Http/Middleware/TrustProxies.php(39): Illuminate\\Pipeline\\Pipeline->Illuminate\\Pipeline\\{closure}()
#50 /home/denish/Desktop/Temp/9/Attex_Laravel_v1.0.0/Admin/vendor/laravel/framework/src/Illuminate/Pipeline/Pipeline.php(180): Illuminate\\Http\\Middleware\\TrustProxies->handle()
#51 /home/denish/Desktop/Temp/9/Attex_Laravel_v1.0.0/Admin/vendor/laravel/framework/src/Illuminate/Pipeline/Pipeline.php(116): Illuminate\\Pipeline\\Pipeline->Illuminate\\Pipeline\\{closure}()
#52 /home/denish/Desktop/Temp/9/Attex_Laravel_v1.0.0/Admin/vendor/laravel/framework/src/Illuminate/Foundation/Http/Kernel.php(175): Illuminate\\Pipeline\\Pipeline->then()
#53 /home/denish/Desktop/Temp/9/Attex_Laravel_v1.0.0/Admin/vendor/laravel/framework/src/Illuminate/Foundation/Http/Kernel.php(144): Illuminate\\Foundation\\Http\\Kernel->sendRequestThroughRouter()
#54 /home/denish/Desktop/Temp/9/Attex_Laravel_v1.0.0/Admin/public/index.php(52): Illuminate\\Foundation\\Http\\Kernel->handle()
#55 /home/denish/Desktop/Temp/9/Attex_Laravel_v1.0.0/Admin/vendor/laravel/framework/src/Illuminate/Foundation/resources/server.php(16): require_once('...')
#56 {main}
"} 
